prod_name,article_variant_count,transaction_count,total_sales_value,transaction_share_pct,sales_value_share_pct,portfolio_segment
Jade HW Skinny Denim TRS,19,168052,5398.9282372881235,0.5286595166200017,0.6102925232978921,High Volume / High Value
Luna skinny RW,34,143216,4178.05952542372,0.45053020096309576,0.4722860497846544,High Volume / High Value
Timeless Midrise Brief,30,122143,1906.2579491525398,0.3842385650781715,0.21548257778461055,High Volume / High Value
Tilly (1),29,105670,852.298457627112,0.3324176512105514,0.09634345067150278,High Volume / High Value
Cat Tee.,28,81304,656.5338983050797,0.2557668658467178,0.07421430917712453,High Volume / High Value
Simple as That Triangle Top,17,74827,1794.0617118644032,0.23539146008452663,0.20279996343048837,High Volume / High Value
Shake it in Balconette,31,74574,1637.1610677966066,0.23459557037357492,0.1850639821826069,High Volume / High Value
Tilda tank,20,68891,394.5001864406729,0.21671793706393583,0.04459413121321667,High Volume / High Value
Despacito,48,67607,1534.4710508474543,0.2126787181356274,0.17345594688245977,High Volume / High Value
Simple as that Cheeky Tanga,14,64603,1016.0108983050834,0.20322870749650093,0.11484943447520703,High Volume / High Value
Nora T-shirt,37,64497,1029.6934406779649,0.2028952517282761,0.11639610317367274,High Volume / High Value
Pluto RW slacks (1),22,64305,2065.2572711864364,0.20229125637451034,0.23345579268614106,High Volume / High Value
Skinny Ankle R.W Brooklyn,13,64118,990.2078474576257,0.20170299006641557,0.11193266871756682,High Volume / High Value
SUPREME RW tights,23,58705,1865.1079830508434,0.18467472522300954,0.21083100333463387,High Volume / High Value
Primo slacks,18,56814,1354.7640169491497,0.17872600015024384,0.15314194114800586,High Volume / High Value
7p Basic Shaftless,2,56176,708.2885254237267,0.17671897392262645,0.08006462994235218,High Volume / High Value
Madison skinny HW (1),22,54714,1659.3688644067759,0.17211980096843105,0.18757434194929168,High Volume / High Value
Julia RW Skinny Denim TRS,13,53395,1697.071677966098,0.16797047872042578,0.19183625176013708,High Volume / High Value
Hazelnut Push Melbourne,27,49284,1144.2470508474553,0.1550380573697437,0.12934519394327662,High Volume / High Value
Brit Baby Tee,34,49059,619.9315762711847,0.15433025031454944,0.0700767984544689,High Volume / High Value
Kanta slacks RW,10,48884,1150.883050847455,0.15377973371606507,0.13009532452597888,High Volume / High Value
Perrie Slim Mom Denim TRS,17,47715,1916.1276610169473,0.15010228283818927,0.216598245764109,High Volume / High Value
Therese tee,14,46866,607.6042542372865,0.14743149088325638,0.06868332327959746,High Volume / High Value
Lazer Razer Brief,10,46060,920.3458135593191,0.14489596872109395,0.10403549448656862,High Volume / High Value
RICHIE HOOD,26,45613,1468.2699661016916,0.14348979203810808,0.16597260476735085,High Volume / High Value
Melrose,30,44753,1371.3773728813535,0.14078439618269903,0.15501990774928143,High Volume / High Value
Becka hoodie,21,43280,1036.877694915252,0.13615061932802747,0.11720820817929326,High Volume / High Value
Charlie Top,41,43150,688.1237796610161,0.13574166414058192,0.07778521576377687,High Volume / High Value
New Girl Push Top,8,42991,1245.3189152542363,0.1352414804882447,0.1407703139767706,High Volume / High Value
Mariette Blazer,11,42482,2033.139355932201,0.13364026363893863,0.22982519737498336,High Volume / High Value
SUPREME tights,32,42402,1203.8006440677939,0.1333885989082029,0.1360771064785973,High Volume / High Value
Lucy blouse,13,40656,990.7555423728793,0.12789601615989568,0.11199457991496321,High Volume / High Value
Jade Denim TRS,19,40109,1139.5257796610142,0.12617525856349016,0.1288115034812241,High Volume / High Value
Shaping Skinny H.W,14,39695,2851.4330847457613,0.12487289358193278,0.32232476814299865,High Volume / High Value
Moa tank,15,39600,309.34411864406536,0.12457404171418412,0.03496812597558777,High Volume / High Value
Push Up Jegging L.W,12,39273,1880.5462881355909,0.12354536212730183,0.21257614269406086,High Volume / High Value
PETAR SWEATSHIRT,28,38912,625.0209152542366,0.12240972502985686,0.07065209514176943,High Volume / High Value
3p Sneaker Socks,3,38847,502.16867796610023,0.12220524743613409,0.0567649311358577,High Volume / High Value
Queen Sweater,26,38198,586.1506610169483,0.12016361730804054,0.06625821833935783,High Volume / High Value
Scallop 5p Socks,16,37764,467.2845084745748,0.1187983361437992,0.05282163963679748,High Volume / High Value
Gyda!,21,37368,1085.2378813559299,0.11755259572665737,0.12267482283184557,High Volume / High Value
Greta Thong Mynta Low 3p,9,37348,593.652932203389,0.11748967954397344,0.0671062718439804,High Volume / High Value
HAVANA HW tights,23,37259,1491.4840847457613,0.11720970253102994,0.16859671874345034,High Volume / High Value
Chestnut strap top,19,36957,886.7602711864389,0.11625966817250259,0.1002389992378433,High Volume / High Value
Tess Tee.,14,35685,461.3690169491513,0.11225819895380455,0.05215295502182816,High Volume / High Value
Claudine,16,34663,273.2706271186419,0.10904318201865565,0.030890394025908426,High Volume / High Value
Skinny H.W Ankle Queens,10,34272,548.5167118644061,0.1078131706471848,0.062004092931403486,High Volume / High Value
Curvy Jeggings HW Ankle,3,33926,1060.7929322033876,0.10672472068675277,0.11991157630503357,High Volume / High Value
Kelso HW fancy,10,33923,513.0574915254228,0.1067152832593502,0.05799579793214933,High Volume / High Value
Sirpa Basic TVP,19,33760,481.2867118644058,0.10620251637047616,0.05440444267898102,High Volume / High Value
Matey,25,32596,975.0840338983029,0.10254079453827133,0.11022307934476158,High Volume / High Value
Jeggings H.W,13,32327,966.4376949152521,0.10169457188117248,0.10924570090901754,High Volume / High Value
Tilly,10,32129,259.2121186440658,0.10107170167260154,0.029301226281188877,High Volume / High Value
Milk RW slack,13,31905,1010.0793220338961,0.10036704042654152,0.11417893164750227,High Volume / High Value
Baraboom (1),11,31890,994.3725932203369,0.10031985328952857,0.11240344978534704,High Volume / High Value
Gyda blouse,10,31702,979.7871525423707,0.09972844117229962,0.11075471785124028,High Volume / High Value
Charlotte Brazilian Aza.Low 2p,19,31615,504.8560169491519,0.0994547557776245,0.057068706777400065,High Volume / High Value
S.Skinny L.W Epic,11,31077,916.2061016949132,0.09776231046342676,0.10356754323987385,High Volume / High Value
CHARLIE SKIRT,27,29569,872.496627118642,0.09301843028905833,0.0986266430539924,High Volume / High Value
RONNY R-NECK,30,29486,236.730338983049,0.09275732813092002,0.02675989558840661,High Volume / High Value
Velvet scrunchie,20,29136,145.3452203389808,0.09165629493395122,0.016429761125056216,High Volume / High Value
Timeless Highwaist,8,28829,693.1797966101681,0.09069053152975287,0.078356745742713,High Volume / High Value
Skinny R.W Chic,14,28748,720.5489661016932,0.09043572098988295,0.08145054487754655,High Volume / High Value
Embrace S.Skinny Ankle H.W,13,28649,1780.2184576271172,0.0901242858855975,0.20123512793206894,High Volume / High Value
Bama,28,28440,805.4031694915236,0.08946681177655041,0.09104242749260873,High Volume / High Value
Calista (1),20,28326,459.7923559322029,0.089108189535252,0.0519747299393436,High Volume / High Value
Ringo hipbelt,9,28163,361.81894915254134,0.08859542264637796,0.0408998582218999,High Volume / High Value
Ozzy Denim Shorts,11,27799,661.1693728813545,0.08745034812153041,0.07473830122730578,High Volume / High Value
ESSENTIAL TANKTOP LACE TVP,7,27218,287.8391186440664,0.0856226330145622,0.032537210035109766,High Volume / High Value
Pamela Shorts HW,7,27147,837.4644576271168,0.08539928056603426,0.09466662169865735,High Volume / High Value
Tiblisi paperwaist tapered,11,27109,601.3274406779648,0.08527973981893477,0.06797379497749263,High Volume / High Value
Jennifer tee,19,26881,406.7273389830502,0.08456249533633796,0.045976283271897095,High Volume / High Value
Timeless Triangle Top,11,26798,610.9689830508462,0.08430139317819964,0.06906367077591313,High Volume / High Value
Timeless Cheeky Brief,19,26574,403.5138135593214,0.08359673193213961,0.045613027741663474,High Volume / High Value
Alex Trs (J),20,25925,392.3742203389824,0.08155510180404604,0.04435381292047007,High Volume / High Value
Jade Trash HW Skinny Denim TRS,10,25675,823.0758813559304,0.0807686495204969,0.09304014323232801,High Volume / High Value
Jen tee,17,25512,390.0480169491519,0.08025588263162285,0.04409085989088935,High Volume / High Value
Henry polo (1),10,25223,564.3373389830497,0.07934674379184005,0.06379244980892365,High Volume / High Value
SIRPA,16,25164,369.1049152542367,0.07916114105292246,0.04172346069287848,High Volume / High Value
Jennifer,14,24224,982.0499830508461,0.07620408046677767,0.11101050723759939,High Volume / High Value
RONNY REG RN T-SHIRT,7,24173,195.43715254237136,0.07604364420093365,0.02209213157297864,High Volume / High Value
Shaping Skinny R.W,15,23952,1620.5220169491515,0.07534842038227621,0.1831831110391749,High Volume / High Value
Twenty HW tapered,12,23880,863.4243050847448,0.07512192212461406,0.09760111167759845,High Volume / High Value
PETER POLO,39,23773,363.0119661016943,0.07478532054725502,0.041034716344148514,High Volume / High Value
Panda skate dress j,15,23744,282.09813559321935,0.07469409208236333,0.03188825178296753,High Volume / High Value
vermont fancy slacks (1),19,23550,1009.5629830508461,0.07408380511032919,0.11412056491118111,High Volume / High Value
Glamping,24,23283,360.83144067796565,0.07324387407149871,0.040788230689130615,High Volume / High Value
Vintage Slim HW ankle consc.,11,23267,1124.279728813558,0.07319354112535156,0.1270880964580006,High Volume / High Value
Perrie Trash HW Denim TRS,9,23128,1121.3274067796597,0.07275627365569824,0.12675436724648567,High Volume / High Value
Shaping Skinny R.W.,5,22984,1419.5346949152533,0.07230327714037393,0.16046359069663998,High Volume / High Value
Harrison (1),13,22932,371.92415254237244,0.0721396950653957,0.0420421460620354,High Volume / High Value
Brittany LS,13,22905,365.73462711864363,0.0720547582187724,0.041342484773193876,High Volume / High Value
Box 4p Tights,2,22643,148.20252542372728,0.0712305562256129,0.01675274966155096,High Volume / High Value
Greta Ch hipster ctn 3p,15,22623,465.3164745762697,0.07116764004292897,0.052599173932319866,High Volume / High Value
Sorrel,22,22544,701.3547288135578,0.07091912112132744,0.07928083655906026,High Volume / High Value
Bowie,23,22524,658.2769661016936,0.0708562049386435,0.07441134481033182,High Volume / High Value
20 den 2p Tights,6,22370,167.0355932203377,0.07037175033197723,0.01888163153622594,High Volume / High Value
Rebecca or Delphine shirt,2,22294,531.454661016948,0.0701326688377783,0.060075406050104516,High Volume / High Value
Simone,10,22215,345.52154237288084,0.06988414991617677,0.03905760637678792,High Volume / High Value
Tilly.,10,22207,178.85118644067657,0.06985898344310319,0.020217261106350425,High Volume / High Value
Gyda- (1),12,22180,672.9664745762697,0.0697740465964799,0.07607184052335836,High Volume / High Value
Bird tee,15,22043,180.46379661016817,0.06934307074509496,0.020399549865559648,High Volume / High Value
Gyda-,18,21985,691.7234067796595,0.06916061381531155,0.0781921160633578,High Volume / High Value
Basic sweatpants,8,21880,530.0608983050836,0.06883030385622092,0.059917855713275174,High Volume / High Value
Maja Cardigan TVP,17,21782,317.8873220338977,0.06852201456106966,0.03593384600828204,High Volume / High Value
Mona,5,21664,325.7039322033893,0.06815080908323447,0.036817432256202084,High Volume / High Value
Doris L/S,13,21631,259.70283050847365,0.06804699738180597,0.02935669613905313,High Volume / High Value
Minja top,11,21383,337.71023728813515,0.06726683671652522,0.038174619813363314,High Volume / High Value
Claudine t-shirt,2,21376,172.86776271186307,0.06724481605258585,0.01954089746435983,High Volume / High Value
Flock (1),5,21003,335.39103389830467,0.06607142924553053,0.03791245806076858,High Volume / High Value
Mom Fit Ultra HW,4,20822,993.4337457627106,0.06550203779224095,0.1122973228729815,High Volume / High Value
Sandy,19,20703,477.81059322033775,0.06512768650527155,0.05401150372418641,High Volume / High Value
Clarence Push Wireless Farg,14,20588,655.4100508474562,0.06476591845483895,0.07408726994441574,High Volume / High Value
Rachel LS TVP,16,20570,489.1163898305074,0.06470929389042342,0.05528950610500319,High Volume / High Value
Bow HW paperwaist,4,20495,601.3383220338968,0.06447335820535867,0.06797502500128196,High Volume / High Value
Peg,8,20232,566.0471694915242,0.06364601040306497,0.06398572831339082,High Volume / High Value
Cissi tube top,14,20182,97.43793220338829,0.06348871994635515,0.011014341901903906,High Volume / High Value
Nirvana,8,20170,515.6263220338972,0.06345097023674479,0.058286177426752295,High Volume / High Value
Embrace S.Skinny H.W Trash,11,20090,1286.0134915254228,0.06319930550600905,0.14537041135638604,High Volume / High Value
Cornelia Thong LP,7,20071,62.17389830508438,0.06313953513245933,0.007028110693861686,High Volume / High Value
Bradley.,12,20007,315.0633389830504,0.06293820334787074,0.03561462418015162,High Volume / High Value
Antonia heavy t-shirt,9,19867,323.73723728813525,0.06249779006908322,0.03659511790979202,High Volume / High Value
Milk RW slacks,6,19837,601.0297796610156,0.06240341579505733,0.06794014750430219,High Volume / High Value
Mia,14,19662,372.125576271186,0.06185289919657293,0.0420649149136124,High Volume / High Value
Isabella,16,19659,446.3497118644058,0.06184346176917034,0.050455179241990354,High Volume / High Value
Henry polo. (1),2,19577,417.7051694915246,0.06158550542016623,0.047217212505792354,High Volume / High Value
Charlotte SP Andes,11,19482,528.4955762711859,0.061286653552417546,0.05974091238455238,High Volume / High Value
Frille,20,19464,282.35008474576216,0.06123002898800201,0.03191673200668788,High Volume / High Value
Olga Tank TVP,10,19459,304.48618644067756,0.061214299942331026,0.03441898741102245,High Volume / High Value
Billie,17,19447,169.18291525423606,0.061176550232720665,0.019124363894353978,High Volume / High Value
Ivy jumpsuit w,11,19377,409.33206779660924,0.06095634359332691,0.046270720695449914,High Volume / High Value
Eleven top,18,19280,298.05427118644025,0.060651200107309844,0.03369192648010731,High Volume / High Value
Jennifer (1),10,19228,892.6765084745751,0.06048761803233162,0.10090776815350856,High Volume / High Value
Vanessa 2-pack,2,19158,155.5227796610158,0.06026741139293786,0.01758022804861337,High Volume / High Value
OP Push Melbourne^,6,19134,446.32988135593126,0.060191911973717135,0.05045293760985092,High Volume / High Value
Heavy jsy long leg,10,19074,287.2055423728809,0.06000316342566535,0.03246559084621725,High Volume / High Value
Lazer Razer Push Up,7,19070,508.10459322033853,0.05999058018912857,0.05743592444033828,High Volume / High Value
Hayes slim trouser,3,19054,764.2541186440671,0.05994024724298142,0.08639095650257725,High Volume / High Value
Cinderella fold,7,18994,696.5937118644059,0.05975149869492962,0.07874265325310444,High Volume / High Value
Agnes LS R-neck,23,18679,245.94640677966038,0.058760568817657705,0.02780167592392438,High Volume / High Value
Timeless Sports Top,2,18642,307.73608474576247,0.05864417387969243,0.0347863545161033,High Volume / High Value
Skirt Mini,8,18560,619.2941525423721,0.05838621753068832,0.07000474435062286,High Volume / High Value
Timeless Push Triangle(1),6,18492,401.5003728813551,0.05817230250956295,0.04538542927436399,High Volume / High Value
Leona,11,18262,542.5869999999987,0.05744876640869773,0.06133380085543836,High Volume / High Value
Jafar,7,18177,548.983186440677,0.057181372632291026,0.06205682301665272,High Volume / High Value
Calista cardigan.,2,18093,293.72108474576237,0.05691712466501851,0.03320210495061615,High Volume / High Value
Strap top,2,18091,147.08905084745646,0.056910833046750126,0.016626882974883957,High Volume / High Value
Amalia,6,18032,303.7572033898296,0.05672523030783252,0.03433658348083669,High Volume / High Value
Desert Top,10,17995,424.297186440677,0.05660883536986725,0.047962371263364854,High Volume / High Value
Beverly HW Loose Mom Fit Dnm,11,17924,799.1154237288126,0.0563854829213393,0.0903316634189399,High Volume / High Value
Hazelnut Brazilian Azalea Low,11,17912,172.11281355932104,0.05634773321172894,0.019455558337218938,High Volume / High Value
claudine,4,17831,145.3602881355921,0.056092922671859016,0.01643146438229734,High Volume / High Value
Lima SS.,14,17779,126.59622033898194,0.055929340596880796,0.014310382237912688,High Volume / High Value
Kajsa HW,3,17575,406.0449152542364,0.055287595533504694,0.04589914238742678,High Volume / High Value
Sorrel(1),10,17545,562.2371864406767,0.055193221259478786,0.06355504946980764,High Volume / High Value
Richie Regular Hood,35,17449,546.6749661016937,0.054891223582595926,0.061795902783396715,High Volume / High Value
Tonia shorts,6,17314,205.95150847457558,0.05446653934947939,0.023280669840333022,High Volume / High Value
SUPREME TIGHTS,16,17301,494.33452542372777,0.05442564383073483,0.05587936190566051,High Volume / High Value
Basic 7p Shaftless,12,17280,188.862084745762,0.0543595818389167,0.02134888874031172,High Volume / High Value
Jennifer Top,6,17279,395.48235593220255,0.054356436029782504,0.04470515522964125,High Volume / High Value
Tove top.,7,17272,174.4368983050839,0.05433441536584313,0.01971827187618648,High Volume / High Value
Pattern 7p Socks,25,17262,262.62428813559285,0.05430295727450117,0.029686936451315184,High Volume / High Value
Olga LL PJ (J),9,17247,498.3486101694903,0.05425577013748822,0.05633311231695576,High Volume / High Value
IZZY TEE,12,17241,396.90613559321946,0.05423689528268304,0.044866098669478244,High Volume / High Value
Son V-neck,6,17224,264.81423728813525,0.0541834165274017,0.029934487360580558,High Volume / High Value
Victorville HW Pull-on TRS,9,17208,410.0407966101686,0.05413308358125455,0.04635083509537354,High Volume / High Value
ED Pamela (1),5,17189,397.9676271186431,0.054073313207704816,0.0449860892144601,High Volume / High Value
FRAME Easy Iron,20,17135,388.2794915254229,0.05390343951445821,0.0438909465384744,High Volume / High Value
Knot Bitter Top,6,17104,486.7660338983046,0.05380591943129811,0.0550238228824322,High Volume / High Value
Lady Di,16,17004,513.7887796610162,0.053491338517878455,0.058078462428122195,High Volume / High Value
Haze LS,9,16990,208.90616949152474,0.0534472971899997,0.02361466344948489,High Volume / High Value
Tequila shorts denim/fancy,4,16978,407.19555932203303,0.05340954748038934,0.0460292106974116,High Volume / High Value
Griezman,10,16953,382.74054237288055,0.05333090225203443,0.04326482611120572,High Volume / High Value
Rose thong 7-pack(1),9,16952,355.190847457626,0.053327756442900234,0.040150620460203554,High Volume / High Value
OP Brazilian 2p Low (Acacia),5,16940,272.32867796610134,0.05329000673328987,0.030783916499285278,High Volume / High Value
Hazelnut Brazilian Acacia Low,15,16914,158.1995423728804,0.05320821569580076,0.017882808153014632,High Volume / High Value
Glamping.(1),8,16860,217.28186440677908,0.05303834200255414,0.024561448396337875,High Volume / High Value
Talia (1),6,16840,135.91271186440574,0.05297542581987021,0.01536351442849544,High Volume / High Value
Goldie tank top,15,16690,207.73871186440616,0.05250355444974073,0.02348269454199383,High Volume / High Value
Tara turtleneck top,5,16640,266.63218644067763,0.0523462639930309,0.030139987550019946,High Volume / High Value
Highwaist 30 den 1p Tights,1,16533,203.32106779660958,0.05200966241567186,0.022983325958698536,High Volume / High Value
Hudson shorts,14,16401,419.7071525423719,0.051594415609957915,0.04744351580785568,High Volume / High Value
Jacket Slim,12,16372,880.4680847457623,0.051503187145066215,0.09952773319184931,High Volume / High Value
Juan,5,16331,374.5234237288128,0.05137420897056417,0.042335966557768646,High Volume / High Value
The Low Line Highwaist,2,16311,267.65025423728787,0.05131129278788023,0.030255069495393912,High Volume / High Value
Brooke Shorts R.W,7,16262,261.82605084745734,0.051157148140304594,0.029596704051965607,High Volume / High Value
Space 5 pkt tregging,11,16224,371.12533898305,0.05103760739320512,0.04195184852123899,High Volume / High Value
Superwoman Superpush,7,16206,431.5899152542369,0.050980982828789594,0.04878673818838075,High Volume / High Value
Gemma Woven TRS,14,16144,324.7295084745755,0.050785942662469406,0.03670728381745976,High Volume / High Value
Shenzi LP,9,16060,258.6099491525421,0.05052169469519689,0.029233157301146343,High Volume / High Value
1pk Fun,55,16050,59.10042372881283,0.05049023660385493,0.006680686451122194,High Volume / Lower Value
Super Skinny L.W Epic,5,16021,406.44827118643957,0.05039900813896323,0.045944737568327926,High Volume / High Value
Epic Padded Swimsuit,7,15977,744.3824237288126,0.05026059253705858,0.08414466866561791,High Volume / High Value
Mel maxi dress  W,9,15974,445.2219830508464,0.050251155109655984,0.05032770126247777,High Volume / High Value
Fissa Push Melbourne,11,15901,248.07472881355898,0.05002151104285963,0.028042260530233377,High Volume / High Value
Timeless Padded Swimsuit,7,15849,501.70755932203275,0.04985792896788141,0.05671280648287861,High Volume / High Value
Alex Jogger (J),9,15820,254.0199999999997,0.04976670050298971,0.028714311425261697,High Volume / High Value
Drizzle,6,15786,379.21944067796534,0.049659742992427036,0.04286680229171193,High Volume / High Value
Fiona brazilian (Acacia) 4p,12,15735,240.7573389830505,0.04949930672658301,0.02721510593448003,High Volume / High Value
KARIN sports bra,10,15714,213.6779830508465,0.04943324473476488,0.024154067199605563,High Volume / High Value
Bama(1),8,15493,447.65225423728714,0.04873802091610743,0.05060241807097828,High Volume / High Value
Iris Linen Jogger R.W TVP,5,15447,739.0765084745753,0.04859331369593439,0.08354489028987501,High Volume / High Value
Bella l/s,5,15435,336.3886949152535,0.04855556398632403,0.038025233232556285,High Volume / High Value
Prima,7,15404,291.1468474576261,0.04845804390316394,0.03291111427596822,High Volume / High Value
OP T-shirt Milano,5,15402,367.10374576271107,0.04845175228489555,0.04149724935521058,High Volume / High Value
Skinny 5pkt Lowprice,8,15396,501.2853220338972,0.048432877430090365,0.056665076961632706,High Volume / High Value
Mom HW Ankle Consc,6,15359,726.9774406779652,0.04831648249212509,0.08217721687570596,High Volume / High Value
Ridge,12,15359,520.0443389830502,0.04831648249212509,0.058785588160395585,High Volume / High Value
Luna skinny 5 pkt,7,15341,334.2465254237279,0.04825985792770956,0.03778308331559951,High Volume / High Value
Orlando C&S Push,9,15306,317.3551355932196,0.04814975460801268,0.03587368788217413,High Volume / High Value
Lucien,11,15234,365.0226779661009,0.047923256350350524,0.04126200634753817,High Volume / High Value
Lazer Razer Adj. push triangle,4,15118,362.3234237288128,0.04755834249078372,0.04095688381078733,High Volume / High Value
Victoria RW Pull- On TRS,5,15113,214.26806779660973,0.04754261344511274,0.024220770125190718,High Volume / High Value
Love Affair Triangle Top,3,15103,344.15086440677925,0.047511155353770776,0.03890266552967988,High Volume / High Value
V-NECK SS SLIM FIT,41,15066,182.10496610169432,0.0473947604158055,0.020585066958234713,High Volume / High Value
Basic 7p shaftless pattern,25,15006,223.3211864406776,0.04720601186775371,0.025244130758666855,High Volume / High Value
Maja Cardigan,14,14948,158.0948474576264,0.04702355493797031,0.017870973484873365,High Volume / High Value
Kelso,8,14924,238.39959322033872,0.04694805551874959,0.02694858736865019,High Volume / High Value
Latte slacks (1),10,14918,576.2439322033892,0.04692918066394441,0.06513836597986587,High Volume / High Value
Thyme top,6,14902,224.68423728813522,0.04687884771779726,0.025398209439567433,High Volume / High Value
Ellen Thong (Malva) L 3pk,8,14867,184.4796271186435,0.04676874439810039,0.020853497617120263,High Volume / High Value
Annette,12,14784,252.52655932203305,0.046507642239962066,0.028545493534063018,High Volume / High Value
Juanos,6,14762,276.0492033898298,0.046438434439009746,0.031204483091217188,High Volume / High Value
BOULEVARD TEE TVP,8,14651,213.53786440677925,0.046089249625113925,0.024138228248411827,High Volume / High Value
Enter treggings,6,14641,232.21023728813532,0.046057791533771965,0.026248945239057717,High Volume / High Value
Timeless Tie Tanga,6,14632,203.30761016949114,0.04602947925156419,0.022981804714323588,High Volume / High Value
Brody,4,14625,117.79147457627028,0.04600745858762482,0.01331509756800183,High Volume / High Value
Iris Linen Jogger R.W,7,14618,680.3482033898297,0.04598543792368544,0.07690626797005307,High Volume / High Value
Fiona Ch Hipster(Poppy)4pk,20,14601,221.20823728813525,0.0459319591684041,0.025005283896247187,High Volume / High Value
Lee (1),11,14563,225.9349322033895,0.045812418421304624,0.025539587454269434,High Volume / High Value
Anita Tank (1),7,14456,95.11147457627018,0.045475816843945596,0.010751360133449673,High Volume / High Value
Sweet and Bitter Top,5,14398,422.51574576271156,0.045293359914162196,0.04776099797617199,High Volume / High Value
Sally Structure TVP,12,14375,426.1198813559313,0.045221006304075675,0.048168407911777775,High Volume / High Value
Coco,20,14366,167.90716949152483,0.0451926940218679,0.01898015414264172,High Volume / High Value
Woody,12,14348,444.867966101694,0.04513606945745236,0.05028768333897654,High Volume / High Value
Pingu top,11,14315,303.6334237288129,0.04503225775602388,0.03432259148125183,High Volume / High Value
Kanta RW Slacks,7,14278,347.22266101694845,0.04491586281805861,0.03924990009585365,High Volume / High Value
Apollo seamless HW tights,8,14272,576.1229152542368,0.04489698796325343,0.06512468627604058,High Volume / High Value
Sascha pullover hoodie,12,14258,452.85205084745667,0.044852946635374674,0.05119020084088785,High Volume / High Value
Uno Hood (1),16,14218,424.07510169491434,0.044727114270006814,0.04793726689932805,High Volume / High Value
Ginger Thong Maple Low 3p,9,14209,222.78237288135563,0.04469880198779904,0.025183223505920907,High Volume / High Value
Shape Up 30 den 1p Tights,1,14191,170.8069322033893,0.04464217742338351,0.019307942071024674,High Volume / High Value
Ivy shorts,10,14157,337.6854915254232,0.04453521991282082,0.03817182256300127,High Volume / High Value
Rihanna,12,14061,245.17820338982986,0.044233222235937945,0.027714838543507345,High Volume / High Value
Matey(1),6,14036,443.4397118644058,0.04415457700758304,0.050126234094964486,High Volume / High Value
Tove,4,13987,131.31203389830438,0.044000432360007405,0.014843455772145646,High Volume / High Value
Nicky long.,5,13929,110.5605932203381,0.043817975430224004,0.01249772185296618,High Volume / High Value
Support 40 den 1p Tights,1,13888,169.22096610169442,0.043688997255721944,0.01912866514576692,High Volume / High Value
New Girl Wide Side Tanga,4,13853,218.61884745762686,0.043578893936025064,0.024712580384733826,High Volume / High Value
Siri Cardigan,12,13839,300.17261016949084,0.04353485260814631,0.03393138260664691,High Volume / High Value
Skirt Mini Bea,6,13815,399.11986440677873,0.0434593531889256,0.04511633762138603,High Volume / High Value
Bob V-neck,12,13793,105.45052542372797,0.04339014538797327,0.011920081989506356,High Volume / High Value
Jalin linen(1),7,13755,286.9916779661008,0.0432706046408738,0.032441415705759556,High Volume / High Value
Alpha top,15,13723,247.72610169491492,0.04316993874857951,0.028002851870852077,High Volume / High Value
R-NECK SS SLIM FIT,42,13720,165.17167796610113,0.04316050132117692,0.018670935358442914,High Volume / High Value
Macarena,8,13699,214.86352542372853,0.04309443932935879,0.02428808039897088,High Volume / High Value
Ginger Ch hipster ctn 3p,12,13660,277.15818644067707,0.04297175277312513,0.03132984205778425,High Volume / High Value
Milk,15,13597,398.2428135593212,0.04277356679767074,0.04501719617122586,High Volume / High Value
Honey seamless bra,8,13596,389.8887966101692,0.04277042098853654,0.044072861692327096,High Volume / High Value
&DENIM Jeggings HW,11,13595,540.7091864406775,0.04276727517940235,0.06112153361923282,High Volume / High Value
Ford,8,13585,316.7985084745756,0.04273581708806039,0.0358107669923525,High Volume / High Value
CERISE top,20,13571,275.44481355932135,0.042691775760181634,0.031136163125011843,High Volume / High Value
Sibling HW,5,13567,363.44803389830423,0.04267919252364485,0.04108400926011727,High Volume / High Value
Madison skinny HW,3,13527,414.0220338983042,0.04255336015827699,0.04680087244420194,High Volume / High Value
PRICE TEE,7,13506,109.92711864406698,0.04248729816645885,0.012426114159622999,High Volume / High Value
Georgina,7,13501,275.5823220338974,0.04247156912078787,0.03115170702377017,High Volume / High Value
Khloe RW,4,13495,378.06845762711833,0.04245269426598269,0.04273669566322906,High Volume / High Value
Sadie Shirt,6,13485,324.86832203389764,0.04242123617464073,0.03672297524243585,High Volume / High Value
Sporty spice top,8,13376,306.1993389830502,0.0420783429790133,0.03461264143677108,High Volume / High Value
Love Affair High Rise Brief,2,13250,226.6440508474568,0.04168197102810453,0.025619745920465828,High Volume / High Value
Devon basic sweater,16,13242,279.19811864406716,0.04165680455503096,0.03156043511571104,High Volume / High Value
Petar Sweater,17,13228,202.39533898305058,0.04161276322715221,0.02287868197220979,High Volume / High Value
Tequila shorts (1),6,13174,156.32223728813506,0.04144288953390559,0.017670598394556224,High Volume / High Value
Ozzy  HW Denim Shorts,4,13167,308.9315254237282,0.04142086886996622,0.03492148661561331,High Volume / High Value
Cora Dress,12,13141,470.73622033898243,0.04133907783247711,0.053211819659728245,High Volume / High Value
Emery(1),6,13133,277.601864406779,0.041313911359403536,0.03137999522403564,High Volume / High Value
Price tee - TVP- TM,8,13130,94.16254237288051,0.04130447393200094,0.010644093245765273,High Volume / High Value
Wowcha Top,4,13097,209.3209491525421,0.041200662230572456,0.02366154996377242,High Volume / High Value
Serpente HW slim trouser,7,13060,615.4704406779653,0.04108426729260719,0.06957251360786619,High Volume / High Value
Saga body,6,13033,190.7716271186437,0.040999330445983875,0.021564742587940482,High Volume / High Value
Flamingo,11,13018,1217.2651355932196,0.04095214330897093,0.13759912680315392,High Volume / High Value
Trainer 3p sock,11,12987,160.61167796610118,0.040854623225810835,0.0181554749218663,High Volume / High Value
Rose,15,12957,406.228745762711,0.04076024895178494,0.045919922508951876,High Volume / High Value
Molly dress,24,12950,252.6487457627113,0.04073822828784556,0.028559305436706824,High Volume / High Value
Charlotte bralette laguna opt2,8,12941,303.97059322033834,0.040709916005637795,0.03436070497539701,High Volume / High Value
Sky HW jogger,11,12834,408.84438983050757,0.04037331442827876,0.04621559378814386,High Volume / High Value
5p Plastic Terry,7,12759,54.047338983049904,0.04013737874321402,0.006109487927194645,High Volume / Lower Value
Cinderella,6,12717,468.57588135593164,0.04000525475957776,0.05296761587127279,High Volume / High Value
Maja HW  WovenTRS,5,12712,398.2001016949144,0.03998952571390678,0.04501236804046399,High Volume / High Value
GLASSIG ESPADRILLE,19,12700,166.2187796610165,0.039951776004296426,0.01878929928318002,High Volume / High Value
7pk basic R sneaker socks,3,12666,163.74572881355886,0.03984481849373374,0.01850974668021802,High Volume / High Value
Austin basic leather hip belt,3,12634,305.0139491525417,0.039744152601439445,0.03447864548072998,High Volume / High Value
KELLY SHIRT,4,12628,201.5101355932201,0.039725277746634265,0.02277861896217007,High Volume / High Value
Skinny H.W Air,3,12603,280.83623728813484,0.03964663251827936,0.03174560734190302,High Volume / High Value
Dame,8,12596,367.1986271186433,0.03962461185433998,0.041507974702831595,High Volume / High Value
Amanda Tank,2,12589,101.83161016949074,0.039602591190400604,0.01151100136738291,High Volume / High Value
Zebra sweater TOP PRODUCT,18,12569,185.29894915254206,0.039539675007716664,0.020946113427052326,High Volume / High Value
Marina,6,12561,407.219457627118,0.0395145085346431,0.04603191215152838,High Volume / High Value
Harrison short sleeve top CN,1,12519,204.4568135593218,0.039382384551006844,0.023111710170691448,High Volume / High Value
Laura short sleeve polo,5,12515,290.4020169491519,0.03936980131447006,0.03282691895599592,High Volume / High Value
Fissa Thong Maple Low 2p,12,12494,187.57833898305051,0.03930373932265193,0.021203774672044037,High Volume / High Value
Bradley trousers,2,12471,201.13347457627094,0.03923138571256541,0.022736041362995067,High Volume / High Value
Jade Denim Petite Trs 1,13,12464,371.3987796610161,0.03920936504862603,0.04198275813773946,High Volume / High Value
Douglas,8,12460,337.2962711864399,0.03919678181208924,0.03812782526347126,High Volume / High Value
Noa skinny trouser,4,12459,400.561745762711,0.03919363600295504,0.04527932726902212,High Volume / High Value
Alex sweater,10,12442,361.75074576271106,0.03914015724767371,0.04089214854008018,High Volume / High Value
Miranda,20,12430,382.5333898305077,0.03910240753806334,0.04324140967701066,High Volume / High Value
Dahlia Push Bralette,6,12402,216.0129661016943,0.03901432488230584,0.024418012678287363,High Volume / High Value
FRAME Easy Care TVP,17,12345,298.6057796610163,0.03883501376165664,0.03375426876060746,High Volume / High Value
Femme (1),11,12340,1719.6984915254232,0.038819284715985655,0.19439397702233616,High Volume / High Value
Amanda Rib,3,12335,138.80305084745706,0.038803555670314675,0.01569023710263098,High Volume / High Value
Benny Shorts,19,12319,193.9099322033896,0.03875322272416753,0.0219194952434435,High Volume / High Value
Claudine rib t-shirt,2,12315,141.30281355932146,0.03874063948763074,0.015972809203244048,High Volume / High Value
CAMILLA OL OFFER,4,12311,269.5279999999995,0.038728056251093955,0.030467329067899892,High Volume / High Value
Frida push up seamless,9,12273,301.4057288135587,0.03860851550399448,0.034070773807221906,High Volume / High Value
Izzy tee,8,12249,294.2667627118638,0.03853301608477377,0.0332637881529488,High Volume / High Value
Lage,4,12230,185.5134406779658,0.038473245711224034,0.02097035945673147,High Volume / High Value
Daiquiri Pull- On TRS,4,12226,214.50964406779605,0.03846066247468725,0.024248077802868844,High Volume / High Value
Lemon HW,9,12177,191.43562711864382,0.038306517827111614,0.021639800862038497,High Volume / High Value
Rebecca,14,12174,246.13103389830448,0.03829708039970903,0.02782254609392003,High Volume / High Value
Mariette,12,12166,564.9812203389823,0.038271913926635454,0.06386523388015887,High Volume / High Value
Cat Tee,15,12161,83.36210169491446,0.038256184880964474,0.009423216081931,High Volume / High Value
Juan lace strap top,9,12100,275.02454237288106,0.03806429052377848,0.03108865585105503,High Volume / High Value
Gigi HW,8,12089,366.57335593220256,0.03802968662330231,0.041437294317142666,High Volume / High Value
Charlotte Push Melbourne,9,12075,236.0548135593213,0.037985645295423566,0.026683534485372994,High Volume / High Value
Leonora off-shoulder,9,12026,132.2927627118639,0.03783150064784793,0.01495431693495281,High Volume / High Value
Janet,4,11991,312.128949152542,0.03772139732815106,0.03528292201718674,High Volume / High Value
Wow printed tee 6.99,70,11964,128.31801694915197,0.037636460481527745,0.014505013385363212,High Volume / High Value
V-neck strap top,3,11890,95.7402542372874,0.0374036706055972,0.010822437115594066,High Volume / High Value
Trailmix Seamless bralette,6,11886,344.13057627118616,0.03739108736906042,0.038900372167568004,High Volume / High Value
Bounty,11,11776,521.2750338983044,0.03704504836429879,0.05892470538370907,High Volume / High Value
V-neck Strap Top.,2,11754,94.25154237288064,0.03697584056334647,0.010654153767444085,High Volume / High Value
TANJA SKIRT,17,11693,148.13623728813516,0.036783946206160476,0.01674525647924566,High Volume / High Value
ESSENTIAL LOVA LINEN,10,11678,281.8593898305079,0.03673675906914753,0.03186126406474866,High Volume / High Value
1pk fun/expressive,24,11665,41.23169491525372,0.036695863550402975,0.004660813039870782,High Volume / Lower Value
Janet sweater,6,11665,275.36411864406716,0.036695863550402975,0.03112704140653675,High Volume / High Value
KARIN SPORTS BRA,7,11653,206.80003389830432,0.03665811384079261,0.02337658678887723,High Volume / High Value
Timeless Padded Bra,5,11623,268.8132203389825,0.036563739566766715,0.030386530682784997,High Volume / High Value
Strap Top.,2,11614,93.29138983050774,0.03653542728455895,0.010545618537472224,High Volume / High Value
Gabbi tank/nina/nelia,4,11593,93.21759322033826,0.03646936529274082,0.010537276600433665,High Volume / High Value
Long Leggings,1,11518,170.15828813559293,0.03623342960767608,0.019234619624891088,High Volume / High Value
Woody(1),10,11508,367.092525423728,0.03620197151633411,0.041495981012923136,High Volume / High Value
Knot Bitter Det Brief,4,11499,237.3969322033891,0.03617365923412634,0.026835246999015277,High Volume / High Value
Kelly 2pk Melbourne push ct,2,11488,279.1395423728808,0.03613905533365018,0.03155381367923763,High Volume / High Value
Spanx alot Swimsuit,7,11459,541.0213220338976,0.03604782686875848,0.06115681729229255,High Volume / High Value
Kendall RW Denim TRS,5,11455,326.67947457627065,0.03603524363222169,0.03692770714598814,High Volume / High Value
Kelly Push (Melbourne) ctn 2p,7,11445,274.7507118644062,0.036003785540879726,0.03105770216828168,High Volume / High Value
Desert Sport Top,4,11401,278.6722881355927,0.03586536993897508,0.031500995461442714,High Volume / High Value
Pomelo,8,11385,461.34228813559264,0.03581503699282793,0.05214993360825225,High Volume / High Value
Virgo Hip belt,7,11383,144.28157627118603,0.03580874537455954,0.016309527257611565,High Volume / High Value
Orvar strap top,11,11367,176.6921355932201,0.03575841242841239,0.019973202928187918,High Volume / High Value
SPEEDY CONSCIOUS TEE,4,11357,271.5953898305079,0.03572695433707043,0.030701025924173557,High Volume / High Value
Osman,12,11332,444.8816949152537,0.03564830910871551,0.05028923523815004,High Volume / High Value
CHERRY JRSY SKIRT,14,11318,164.73393220338954,0.035604267780836765,0.01862145276590851,High Volume / High Value
Timeless High Rise Hipster,4,11306,239.3221864406772,0.035566518071226405,0.0270528769090314,High Volume / High Value
LINNI TEE,10,11306,168.22277966101666,0.035566518071226405,0.019015830580307133,High Volume / High Value
Kendrick Brazilian Anemon,8,11297,102.52908474576205,0.03553820578901864,0.011589843593169292,High Volume / High Value
Bengal Scarf,14,11250,173.02903389830485,0.0353903527597114,0.019559127489835817,High Volume / High Value
Push it Push Bra.,5,11165,262.40115254237236,0.03512295898330469,0.029661713299934216,High Volume / High Value
Harrison,8,11161,181.31550847457606,0.035110375746767904,0.02049582700798622,High Volume / High Value
Samantha Push Melbourne,12,11131,239.45774576271134,0.035016001472742,0.027068200476425643,High Volume / High Value
DENISE SHIRT S.0,8,11125,260.41183050847405,0.03499712661793682,0.02943684119377529,High Volume / High Value
Nicole,12,11104,246.05599999999956,0.034931064626118696,0.02781406429436339,High Volume / High Value
Buckle Up Cheeky Brief,3,11079,167.72589830508448,0.03485241939776378,0.0189596633257774,High Volume / High Value
Simba rib,5,11064,263.98188135593165,0.03480523226075083,0.02984039820439617,High Volume / High Value
Bradley,6,11044,181.0009491525422,0.0347423160780669,0.020460269357664988,High Volume / High Value
Wowcha HR Brief,5,11018,172.65549152542349,0.03466052504057779,0.01951690242084343,High Volume / High Value
Lola Brazilian (Acacia) 3pk,19,11006,171.8532542372879,0.034622775330967435,0.019426217863216143,High Volume / High Value
Claudine rib,7,10977,124.94247457627068,0.034531546866075735,0.014123443528957889,High Volume / High Value
Strawberry HW pullon,4,10976,249.12155932203356,0.034528401056941535,0.02816059380017198,High Volume / High Value
Vivaldi,3,10974,306.6582881355925,0.03452210943867314,0.034664520851362284,High Volume / High Value
Robin blazer,11,10969,527.0203898305078,0.03450638039300216,0.059574157944476985,High Volume / High Value
Anders Tie Brief,11,10959,145.24255932203354,0.034474922301660195,0.016418156367903797,High Volume / High Value
Shorts Slim Midas Zip Fly,9,10928,379.1168474576267,0.0343774022185001,0.04285520519825896,High Volume / High Value
Lauren,24,10914,324.3252372881349,0.03433336089062135,0.036661585176613706,High Volume / High Value
Louise LS,10,10909,142.04186440677924,0.03431763184495037,0.016056351192823632,High Volume / High Value
Florida skirt,14,10904,593.7035762711862,0.03430190279927938,0.0671119966275981,High Volume / High Value
Strap Top 2 pack,4,10883,175.68535593220318,0.034235840807461254,0.019859396988801025,High Volume / High Value
Granny Tie Tanga,4,10874,175.69198305084677,0.03420752852525349,0.01986014611543902,High Volume / High Value
Waleo HW wide full,5,10870,328.0268644067789,0.0341949452887167,0.03708001551227601,High Volume / High Value
Villi Body,5,10866,125.71955932203345,0.034182362052179914,0.014211284854025414,High Volume / High Value
DEXTER LOOSE TANK TOP,8,10850,150.8011694915251,0.03413202910603277,0.01704649926806287,High Volume / High Value
CSP Grace body,5,10782,176.15035593220324,0.0339181140849074,0.019911960388583515,High Volume / High Value
Luisa tee,15,10771,114.29661016949105,0.03388351018443124,0.012920039600261803,High Volume / High Value
Alcazar strap dress,13,10764,262.7137118644063,0.033861489520491866,0.02969704487111661,High Volume / High Value
Bianca linen(1),6,10760,166.9403389830506,0.03384890628395507,0.018870864038257128,High Volume / High Value
Plain Jane Padded Swimsuit,5,10737,414.5969999999996,0.03377655267386856,0.04686586636477138,High Volume / High Value
Sweet & Bitter Mid Tie Brief,4,10729,175.00596610169475,0.033751386200794986,0.01978259905488883,High Volume / High Value
MINT TANK S.0,5,10706,176.72461016949083,0.033679032590708466,0.019976873840306813,High Volume / High Value
Pomme tunic,11,10654,407.7821186440674,0.033515450515730245,0.04609551511061641,High Volume / High Value
Pluto slacks RW,5,10642,344.72044067796537,0.03347770080611988,0.03896705018612928,High Volume / High Value
Amelie,10,10622,390.44450847457557,0.03341478462343595,0.044135679122203786,High Volume / High Value
Melody dress,7,10621,359.30505084745715,0.03341163881430175,0.0406156882399157,High Volume / High Value
Fiona Bikini (Clover) 4pk,14,10605,162.62637288135568,0.033361305868154605,0.018383215167608796,High Volume / High Value
James Biker,6,10598,654.6493389830504,0.03333928520421523,0.07400127940280704,High Volume / High Value
Estelle strap dress,4,10590,346.139898305084,0.03331411873114166,0.03912750506511537,High Volume / High Value
HAVANA tights,11,10589,399.457169491525,0.033310972922007465,0.045154466442930516,High Volume / High Value
Rachel,10,10577,463.44101694915196,0.033273223212397104,0.05238717300967621,High Volume / High Value
Shorts R.W Kelly Lee,6,10562,288.8422033898298,0.03322603607538416,0.032650598302867345,High Volume / High Value
Fancy Pants,7,10559,336.6518644067789,0.03321659864798157,0.03805498179856403,High Volume / High Value
Kelly Lace Padded Idro 2p,7,10541,214.59489830508434,0.03315997408356603,0.024257714905143543,High Volume / High Value
Mike tee,72,10520,146.73483050847426,0.033093912091747904,0.01658684206028394,High Volume / High Value
Sigge Shorts,20,10499,163.96442372881333,0.03302785009992978,0.018534467859273762,High Volume / High Value
Long leggings update,2,10489,170.95405084745744,0.0329963920085878,0.01932457229920448,High Volume / High Value
Maria Shorts.,6,10472,110.44577966101647,0.03294291325330646,0.012484743377656347,High Volume / High Value
C Antibes Triangle,3,10451,79.18784745762645,0.03287685126148834,0.008951360180278744,High Volume / High Value
Emily,6,10441,137.75591525423678,0.03284539317014638,0.015571869346044084,High Volume / High Value
Nikki Blazer,9,10427,668.382423728813,0.03280135184226762,0.07555366138934093,High Volume / High Value
Duo,8,10422,167.17277966101673,0.032785622796596636,0.01889713903241121,High Volume / High Value
Slim 5pkt Midprice,16,10413,473.01818644067737,0.03275731051438886,0.0534697721253056,High Volume / High Value
40 den 2p Tights,2,10409,113.00527118644027,0.03274472727785208,0.012774067197636416,High Volume / High Value
Ciara wide cropped HW,5,10370,201.19457627118595,0.032622040721618416,0.02274294827227938,High Volume / High Value
Ginger Top,4,10369,218.53586440677924,0.032618894912484216,0.024703200016396466,High Volume / High Value
Buckle Up Triangle Top,3,10364,242.79716949152493,0.032603165866813236,0.027445687496857347,High Volume / High Value
C Jackpot Swimsuit,4,10363,228.5960847457622,0.032600020057679036,0.025840402991832687,High Volume / High Value
Heavy plain 2 p tights,8,10314,208.5807288135588,0.03244587541010341,0.023577875775374343,High Volume / High Value
DEXTER TANK,6,10311,167.23462711864389,0.032436437982700815,0.018904130242391393,High Volume / High Value
Khloe SP Seamless Andes,7,10308,332.83847457627047,0.03242700055529823,0.03762391785407484,High Volume / High Value
Mac,7,10282,293.10640677966046,0.032345209517809115,0.033132622017993135,High Volume / High Value
Kirsten,8,10275,247.2428644067791,0.03232318885386974,0.027948226935871248,High Volume / High Value
Grace,10,10273,390.0363559322028,0.03231689723560135,0.04408954173455438,High Volume / High Value
Dolly dress,19,10269,328.84354237288096,0.03230431399906456,0.037172332437922825,High Volume / High Value
Mini Flare R.W Utility,3,10267,330.8725932203383,0.03229802238079617,0.037401695472060216,High Volume / High Value
OP Strapless^,6,10203,227.3049152542368,0.03209669059620759,0.025694449748456347,High Volume / High Value
BROADWAY SHIRT S.1,13,10201,238.24476271186393,0.032090398977939194,0.026931085394638392,High Volume / High Value
C Antibes Tie Tanga,3,10183,75.86945762711798,0.03203377441352366,0.00857625082265477,High Volume / High Value
Lazer Razer Padded Wire,1,10172,298.8302203389828,0.031999170513047494,0.03377963943820619,High Volume / High Value
Ruby,15,10172,234.90596610169445,0.031999170513047494,0.026553669263428194,High Volume / High Value
Palermo,7,10155,288.01238983050797,0.031945691757766154,0.03255679653541883,High Volume / High Value
C Lolly Midrise Cheeky Brief,4,10154,80.36032203389775,0.031942545948631954,0.009083896201541855,High Volume / High Value
Desert Highline Braz. Cheeky,3,10125,233.39710169491474,0.03185131748374025,0.026383107880565564,High Volume / High Value
Nicky Long,7,10122,64.05727118644005,0.03184188005633767,0.007241006353436283,High Volume / High Value
All That Jazz Push Up Bra,3,10121,243.6489491525419,0.03183873424720347,0.02754197230298342,High Volume / High Value
Perrie Slim HW Denim Shorts,5,10108,310.5577796610163,0.03179783872845891,0.035105317694371446,High Volume / High Value
Midnight,5,10088,466.77437288135536,0.03173492254577498,0.052763974128991746,High Volume / High Value
Flock,13,10062,159.15125423728796,0.03165313150828587,0.01799038925238364,High Volume / High Value
DINGO TEE,8,10057,128.18499999999963,0.03163740246261489,0.014489977206704845,High Volume / High Value
Sebi,9,10029,231.8552372881351,0.031549319806857386,0.026208816191911927,High Volume / High Value
Ivory ch brazilian 5pk,8,10028,241.25427118644018,0.03154617399772319,0.027271278936784472,High Volume / High Value
Surfs Up Push Triangle,6,10006,237.04566101694866,0.031476966196770866,0.026795539455348745,High Volume / High Value
Breadwinner Top,4,9997,233.64225423728763,0.0314486539145631,0.026410819818398764,High Volume / High Value
Danja Sweater,7,9989,341.0428644067792,0.031423487441489525,0.03855133854790791,High Volume / High Value
TILDA HIP BELT,1,9985,108.3418644067792,0.03141090420495273,0.012246917703211312,High Volume / High Value
Latte RW slacks,5,9913,331.6864237288131,0.031184405947290585,0.037493690522322896,High Volume / High Value
Samantha Strapless Balconette,6,9897,225.8442881355927,0.03113407300114344,0.02552934108787478,High Volume / High Value
Havana dress SPEED,3,9882,329.8481355932199,0.03108688586413049,0.037285891222996914,High Volume / High Value
Raven,6,9882,346.06828813559287,0.03108688586413049,0.03911941028238967,High Volume / High Value
Zebra- TVP- TM,22,9881,130.28276271186408,0.031083740054996294,0.014727107400409186,High Volume / High Value
Johnny,13,9874,150.43986440677944,0.03106171939105692,0.017005657496852265,High Volume / High Value
OP Cheeky hipster 2p,5,9849,157.29672881355913,0.030983074162702004,0.017780754496998178,High Volume / High Value
Marcie(1),3,9823,223.79198305084697,0.030901283125212894,0.025297349404767005,High Volume / High Value
BOUNTY,6,9806,138.33547457627088,0.03084780436993155,0.015637382482262888,High Volume / High Value
Verina,5,9793,188.05977966101648,0.030806908851186993,0.02125819651898484,High Volume / High Value
ESSENTIAL TANKTOP LACE,12,9784,101.95710169491475,0.030778596568979227,0.01152518687538329,High Volume / High Value
Control Top 30 den 1p Tights,1,9778,123.49257627118611,0.030759721714174047,0.01395954764884153,High Volume / High Value
Tory price tee,5,9768,150.65745762711842,0.030728263622832083,0.017030254140789118,High Volume / High Value
Lilly Tank (1),5,9732,155.40684745762692,0.030615014494001006,0.017567123122259838,High Volume / High Value
Becky softpant,5,9715,218.6102711864402,0.030561535738719663,0.02471161092673162,High Volume / High Value
C Montauk Highwaist Brazilian,3,9696,131.71245762711834,0.030501765365169926,0.01488871949803821,High Volume / High Value
Angela hipster,9,9689,151.67961016949133,0.030479744701230552,0.01714579782406531,High Volume / High Value
Vivi boatneck,6,9687,192.6279830508469,0.03047345308296216,0.021774584263215716,High Volume / High Value
SARGASSO HW ankle tights,13,9669,388.4688135593217,0.030416828518546622,0.04391234741966893,High Volume / High Value
Timeless Rem Pads Swimsuit,4,9667,293.38101694915196,0.030410536900278225,0.0331636638333121,High Volume / High Value
Pretty Please Triangle Top,3,9637,276.0273559322032,0.030316162626252332,0.03120201346401405,High Volume / High Value
Sun,8,9606,322.11376271186396,0.03021864254309224,0.03641160104271837,High Volume / High Value
Enter(1),3,9604,227.1162711864402,0.03021235092482384,0.0256731255042581,High Volume / High Value
Taya Hood,15,9567,252.8984067796605,0.030095955986858568,0.028587527010564894,High Volume / High Value
Orlando Mynta Thong,7,9541,89.105016949152,0.030014164949369457,0.010072392749512542,High Volume / High Value
Super Skinny HW ankle Star,5,9527,306.95999999999935,0.02997012362149071,0.034698626230605156,High Volume / High Value
Surfs Up Tanga,6,9521,149.72735593220318,0.029951248766685527,0.01692511584567472,High Volume / High Value
Freedom,8,9514,270.95876271186376,0.029929228102746154,0.03062906186879794,High Volume / High Value
Ivory Ch. braz. Low Acacia 3pk,12,9505,136.07932203389802,0.029900915820538384,0.015382347970316622,High Volume / High Value
SPEEDY TEE,5,9503,230.42754237288088,0.02989462420226999,0.02604743017342176,High Volume / High Value
Minami,7,9487,150.72244067796592,0.029844291256122847,0.017037599796876822,High Volume / High Value
Ossian,6,9462,375.8818305084741,0.02976564602776793,0.04248952027524514,High Volume / High Value
Daisy,16,9456,286.50979661016885,0.029746771172962753,0.03238694404477122,High Volume / High Value
Salvador dress,3,9449,253.36071186440617,0.029724750509023373,0.028639785778287394,High Volume / High Value
HM+ Cora tee,4,9374,150.0743220338981,0.029488814823958633,0.01696433674441528,High Volume / High Value
Mona polo,4,9348,148.04391525423708,0.029407023786469522,0.016734820436285408,High Volume / High Value
Moa 2 pack tank,1,9314,151.29740677966086,0.02930006627590684,0.017102593717446216,High Volume / High Value
AUDREY tanktop knot detail,5,9309,120.61689830508443,0.02928433723023586,0.013634482249749304,High Volume / High Value
Solange Skinny R.W,7,9303,285.8597457627112,0.02926546237543068,0.032313462576870455,High Volume / High Value
Magnolia,8,9273,355.50998305084704,0.029171088101404778,0.04018669541024936,High Volume / High Value
Scarf Scrunchie,36,9268,73.70610169491468,0.029155359055733795,0.008331705999566143,High Volume / High Value
JUST PINK DRESS(1),9,9266,178.849237288135,0.029149067437465405,0.020217040774986386,High Volume / High Value
TAZ LONG RN T-SHIRT,2,9245,119.62108474576237,0.029083005445647275,0.013521915913776262,High Volume / High Value
ZEBRA CF TVP,12,9219,121.91281355932175,0.029001214408158164,0.013780971952099189,High Volume / High Value
SPEARMINT,5,9218,120.4762542372876,0.028998068599023968,0.013618583904883415,High Volume / High Value
Svea Cropped Tank,17,9206,60.86518644067741,0.02896031888941361,0.00688017446820813,High Volume / Lower Value
Sonja sweater dress,5,9198,189.0620847457623,0.028935152416340038,0.021371496654196694,High Volume / High Value
Bloom,10,9190,229.70786440677912,0.028909985943266464,0.025966078086009176,High Volume / High Value
Vermont essential slacks,11,9189,365.6669322033895,0.028906840134132267,0.04133483256912131,High Volume / High Value
Pamela,4,9186,144.47372881355912,0.02889740270672968,0.016331248098265277,High Volume / High Value
Skinny denim (1),14,9178,520.6305423728809,0.028872236233656107,0.05885185233917733,High Volume / High Value
Dottie,12,9149,212.13110169491475,0.028781007768764407,0.02397920839717994,High Volume / High Value
Mandy,7,9131,161.2586101694911,0.028724383204348863,0.018228603859584466,High Volume / High Value
Victoria Pull- On TRS,8,9131,131.78311864406754,0.028724383204348863,0.01489670698896926,High Volume / High Value
Hercules shirt,5,9131,276.56296610169437,0.028724383204348863,0.031262558606952824,High Volume / High Value
Blueberry,6,9127,177.35962711864363,0.02871179996781208,0.02004865588281643,High Volume / High Value
ANNA SLUB,6,9125,100.98622033898265,0.02870550834954369,0.011415438864946257,High Volume / High Value
Boujis strap,4,9092,205.42171186440635,0.0286016966481152,0.023220781859636826,High Volume / High Value
Prima(1),5,9065,95.5892542372876,0.028516759801491896,0.01080536814061096,High Volume / High Value
Tuck cropped sweater,11,9055,237.32779661016897,0.028485301710149926,0.026827431941325756,High Volume / High Value
Peggy Trouser,3,9041,292.37866101694846,0.028441260382271176,0.03305035795032553,High Volume / High Value
East HW tapered,3,9020,250.7866440677962,0.02837519839045305,0.02834881426288862,High Volume / High Value
Kanta slacks,20,9015,182.5358813559318,0.028359469344782066,0.02063377743303225,High Volume / High Value
Flirty Linnea necklace,2,9000,70.41684745762655,0.028312282207769116,0.00795989011685473,High Volume / High Value
Julia Denim Petite Trs 1,10,8995,240.69291525423674,0.028296553162098132,0.027207823503914194,High Volume / High Value
Nicole Top,3,8995,253.96677966101635,0.028296553162098132,0.028708295421058384,High Volume / High Value
KELLY SHIRT S9,7,8967,134.42722033898283,0.028208470506340632,0.015195595106077597,High Volume / High Value
This is Sally Push Up Bra,3,8954,159.42608474576238,0.028167574987596075,0.018021455974726357,High Volume / High Value
Macy,6,8940,318.1784915254233,0.02812353365971732,0.0359667596822337,High Volume / High Value
Charlotte Body Push Melbourne,4,8938,349.8013050847454,0.028117242041448928,0.03954138891097697,High Volume / High Value
Liza Thong Low (Malva) 3pk,4,8922,128.98364406779638,0.028066909095301785,0.014580255588252178,High Volume / High Value
VICTOR SLIM VN T-SHIRT,2,8921,115.06240677966069,0.028063763286167585,0.013006604919342272,High Volume / High Value
Bow paperwaist,7,8917,273.2265254237282,0.0280511800496308,0.03088540878930448,High Volume / High Value
J Tzatziki,3,8916,210.2958983050843,0.028048034240496605,0.023771757796186763,High Volume / High Value
MAYA SKIRT S.0,8,8915,262.03442372881295,0.02804488843136241,0.02962025843275383,High Volume / High Value
Marianne,8,8906,394.0131186440674,0.028016576149154638,0.044539073279207746,High Volume / High Value
Evelyn midi dress,4,8898,319.58598305084706,0.027991409676081064,0.03612586191823652,High Volume / High Value
Walkover Unpadded Swimsuit,5,8892,406.087016949152,0.027972534821275884,0.045903901544892094,High Volume / High Value
Fiona,9,8854,272.5452711864402,0.027852994074176417,0.03080840010365269,High Volume / High Value
Straight HW ankle Femme,6,8841,287.7594406779655,0.027812098555431864,0.03252820327212908,High Volume / High Value
HEAVEN shaping HW tight,5,8833,425.98110169491474,0.02778693208235829,0.048152720318651566,High Volume / High Value
This Is Sally Tie Tanga,3,8824,126.9964576271181,0.02775861980015052,0.014355624888631307,High Volume / High Value
CINDY tights conscious,5,8785,285.3603728813553,0.027635933243916853,0.032257013681379614,High Volume / High Value
Chaka linnen,4,8782,205.89330508474535,0.027626495816514263,0.023274090554207556,High Volume / High Value
Vanessa rib,6,8758,99.0978813559318,0.027550996397293543,0.011201981839374318,High Volume / High Value
Liza Push Melbourne 2pk,4,8757,252.57613559322013,0.02754785058815935,0.028551097614411686,High Volume / High Value
ROY SLIM RN T-SHIRT,2,8756,113.085915254237,0.027544704779025153,0.012783183168336813,High Volume / High Value
Anita Tank,6,8756,69.8038644067791,0.027544704779025153,0.007890598776722298,High Volume / High Value
Gavino,8,8751,88.37161016949108,0.02752897573335417,0.009989488762926517,High Volume / High Value
Tulip,11,8746,340.0803728813554,0.027513246687683186,0.038442538920299085,High Volume / High Value
Notting Hill,7,8745,331.9869152542368,0.02751010087854899,0.03752765795497256,High Volume / High Value
Timeles Cheeky Brief,3,8742,140.35932203389814,0.027500663451146403,0.01586615732745434,High Volume / High Value
Dakar HW tapered,5,8738,269.86628813559287,0.027488080214609616,0.030505569013088846,High Volume / High Value
Teddy jogger.,15,8735,235.0135254237283,0.027478642787207026,0.026565827722878518,High Volume / High Value
Wannabe Highwaist,9,8728,180.41511864406743,0.02745662212326765,0.020394047329231148,High Volume / High Value
Wake rib polo,3,8725,274.1868813559316,0.02744718469586506,0.0309939670103752,High Volume / High Value
Karin padded sport bra,7,8716,284.01876271186376,0.02741887241365729,0.03210535864548449,High Volume / High Value
Alpha essential top,2,8714,141.93191525423714,0.027412580795388896,0.01604392258796166,High Volume / High Value
FORTUNA TEE,27,8714,160.7026440677961,0.027412580795388896,0.018165757690834134,High Volume / High Value
Samantha,9,8714,259.06064406779626,0.027412580795388896,0.02928410366030858,High Volume / High Value
PLOPP tights,6,8708,337.3757288135589,0.027393705940583723,0.03813680711942831,High Volume / High Value
Maud Blanket,13,8705,179.60969491525375,0.02738426851318113,0.020303002577721618,High Volume / High Value
Speedy Tee,5,8700,213.16223728813517,0.02736853946751015,0.02409576752065606,High Volume / High Value
Pearl Jam,4,8697,272.480864406779,0.02735910204010756,0.03080111958901176,High Volume / High Value
CROW RIB STRAP TOP,7,8690,140.28325423728796,0.02733708137616818,0.015857558656478442,High Volume / High Value
Topi bodycon dress j,13,8689,199.5079322033894,0.027333935567033986,0.022552290753082935,High Volume / High Value
Pantha PU leggings,7,8688,276.70588135593164,0.027330789757899786,0.03127871368575603,High Volume / High Value
DENISE SHIRT S.9,10,8682,203.73606779660975,0.027311914903094606,0.023030237380009803,High Volume / High Value
Kim pinafore dress,10,8648,382.5643559322029,0.027204957392531922,0.043244910071813046,High Volume / High Value
Chubba Chubb Highwaist brazili,3,8630,209.41903389830463,0.027148332828116385,0.023672637421200547,High Volume / High Value
Ivanovo,4,8629,234.76769491525374,0.027145187018982192,0.026538039148049093,High Volume / High Value
Asta (1),9,8617,332.2247796610166,0.027107437309371832,0.037554546045096414,High Volume / High Value
Starlight,6,8610,388.547389830508,0.027085416645432455,0.04392122964753083,High Volume / High Value
Cartier (1),4,8592,193.17072881355892,0.02702879208101692,0.021835936010539764,High Volume / High Value
Claudine (1),5,8591,69.72994915254185,0.027025646271882718,0.0078822434282094,High Volume / High Value
Charlotte Bikini Lotus Low,9,8590,78.550796610169,0.02702250046274852,0.008879348226780515,High Volume / High Value
Lazer Razer Triangle Top,4,8589,200.99647457627077,0.027019354653614328,0.022720554941983863,High Volume / High Value
Fred shorties 5-p,3,8582,139.16632203389815,0.026997333989674948,0.01573130112113068,High Volume / High Value
Zitta Scarf,25,8571,102.20784745762676,0.02696273008919879,0.011553531068435322,High Volume / High Value
KARIN MID SUPPORT BRA,7,8566,162.72799999999947,0.026947001043527808,0.018394703053342162,High Volume / High Value
KELLY SHIRT S.1,11,8559,131.959474576271,0.026924980379588428,0.014916642187611028,High Volume / High Value
Pingu spring,5,8554,241.01262711864385,0.026909251333917448,0.027243963595406744,High Volume / High Value
Greta,8,8554,109.1613728813556,0.026909251333917448,0.012339554588317318,High Volume / High Value
Olga off shoulder,7,8552,89.91267796610136,0.026902959715649055,0.01016369040310961,High Volume / High Value
1pk XMAS,20,8541,29.819999999999663,0.02686835581517289,0.00337083996024445,High Volume / Lower Value
Lindsay Kimono (W),6,8536,338.62722033898274,0.026852626769501908,0.03827827518260087,High Volume / High Value
1p Short Socks,17,8534,28.184101694914933,0.026846335151233518,0.003185918720215079,High Volume / Lower Value
Skinny L.W Elite,4,8533,299.90176271186397,0.026843189342099318,0.03390076612665699,High Volume / High Value
Kia Paperbag (1),6,8532,368.96650847457573,0.026840043532965124,0.04170781525010015,High Volume / High Value
Mimosa padded softbra P2,6,8532,128.52242372881335,0.026840043532965124,0.014528119439723625,High Volume / High Value
Thomas PREMIUM,9,8519,339.24396610169447,0.026799148014220564,0.03834799185806232,High Volume / High Value
Anders Super Push Bra,5,8516,210.62498305084722,0.02678971058681798,0.02380895739415204,High Volume / High Value
Hedda HW leggings,10,8514,198.14979661016906,0.026783418968549584,0.022398767690404952,High Volume / High Value
Roy Shorts,17,8505,101.67522033898268,0.026755106686341817,0.011493323128279878,High Volume / High Value
Slim 5pkt Lowprice,7,8469,274.9692711864401,0.02664185755751074,0.03108240801993815,High Volume / High Value
Avignon,4,8448,389.0475084745758,0.026575795565692614,0.043977762843717516,High Volume / High Value
Amalia dress,4,8439,201.32223728813517,0.026547483283484843,0.022757379018667638,High Volume / High Value
Yen,4,8436,155.73552542372838,0.02653804585608225,0.017604276738027332,High Volume / High Value
Desert Highwaist Cheeky Brazil,5,8435,189.75537288135556,0.026534900046948053,0.021449865646531407,High Volume / High Value
Lazer Razer High Rise Hipster,1,8417,206.81467796610127,0.026478275482532516,0.023378242147995623,High Volume / High Value
Bristol jersey blz,7,8402,382.2521694915249,0.02643108834551957,0.043209620650978574,High Volume / High Value
Boyfriend L.W,9,8396,492.13049152542334,0.026412213490714386,0.055630218862798744,High Volume / High Value
Mini Flare HW Bronx,3,8396,273.29233898305023,0.026412213490714386,0.030892848325712548,High Volume / High Value
Bahama dress,10,8385,99.1918644067793,0.026377609590238223,0.011212605642975338,High Volume / High Value
Superskinny,9,8384,379.7561016949148,0.02637446378110403,0.04292746622199491,High Volume / High Value
Tina Blouse,5,8378,186.96133898305047,0.02635558892629885,0.02113402925770899,High Volume / High Value
Trinny,10,8359,292.159355932203,0.026295818552749116,0.033025567797973256,High Volume / High Value
Chip,8,8356,374.179389830508,0.02628638112534653,0.04229707711403677,High Volume / High Value
Skirt Mini Stretch Edie,4,8355,201.04333898305043,0.02628323531621233,0.02272585247434758,High Volume / High Value
Jade Denim HW trs,4,8335,265.4981694915249,0.026220319133528402,0.030011798762367405,High Volume / High Value
Herbal hood TOP PRODUCT,14,8332,248.67884745762655,0.02621088170612581,0.028110549841640207,High Volume / High Value
Taz Tee,19,8332,105.16376271186408,0.02621088170612581,0.011887666456030205,High Volume / High Value
Tropicana Top,6,8326,227.30223728813536,0.02619200685132063,0.025694147032321306,High Volume / High Value
Tiger Cheeky Brief,3,8322,116.2107288135591,0.026179423614783842,0.013136410747615042,High Volume / High Value
Robin 3pk Fancy,42,8322,194.90559322033857,0.026179423614783842,0.02203204433609237,High Volume / High Value
Lennox,3,8316,224.78113559321983,0.026160548759978666,0.02540916278225218,High Volume / High Value
Enter HW leggings,1,8295,202.02311864406738,0.02609448676816054,0.022836606345360014,High Volume / High Value
Freja tank top,3,8291,130.81072881355914,0.02608190353162375,0.014786788461215632,High Volume / High Value
Stardust,12,8289,237.6132542372877,0.026075611913355355,0.026859699948584247,High Volume / High Value
Sportsneaker 3p socks,8,8284,122.50579661016927,0.026059882867684375,0.013848002500843134,High Volume / High Value
Skinny 5pkt Midprice,11,8281,402.13510169491474,0.02605044544028178,0.045457178746150226,High Volume / High Value
Baby Lock Me Up Tie Tanga,3,8261,165.51049152542322,0.025987529257597855,0.018709234697303935,High Volume / High Value
Lily blouse,11,8234,254.78979661016896,0.025902592410974545,0.028801328902619827,High Volume / High Value
Papi Chulo Top,4,8217,42.26715254237247,0.0258491136556932,0.004777860724197804,High Volume / Lower Value
Lindsay Sl-set (W),17,8204,257.9639661016943,0.025808218136948648,0.029160135655222862,High Volume / High Value
Straight Edge 5p Socks,6,8200,126.83837288135577,0.02579563490041186,0.014337755057037722,High Volume / High Value
MACARON OL OFFER,4,8198,191.78027118644036,0.02578934328214347,0.021678759279066994,High Volume / High Value
Summer pants (Saigon),8,8185,188.14469491525387,0.025748447763398914,0.021267795302761426,High Volume / High Value
Greece Shape Swimsuit,6,8185,458.13737288135576,0.025748447763398914,0.05178765136787067,High Volume / High Value
Rae Lace Thong (Magnolia 3p,15,8164,125.19366101694898,0.025682385771580787,0.014151837536057485,High Volume / High Value
Rae Push (Melbourne) 2p,8,8161,219.2096779661015,0.025672948344178197,0.024779367611014774,High Volume / High Value
New Girl Cheeky Tanga,3,8157,132.60215254237275,0.025660365107641407,0.01498929022817791,High Volume / High Value
Control Lt 40 den 2p Tights,1,8140,109.18308474576246,0.02560688635236007,0.012342008888121278,High Volume / High Value
Ruccola,8,8131,251.40499999999946,0.025578574070152297,0.028418712951216084,High Volume / High Value
Ashley Denim TRS,3,8129,291.5748983050844,0.025572282451883907,0.03295950095945678,High Volume / High Value
Julie (1),4,8125,166.2747966101691,0.025559699215347117,0.018795631414992714,High Volume / High Value
Lazer Razer Roundneck swimsuit,3,8110,318.5979661016946,0.02551251207833417,0.03601417690772002,High Volume / High Value
COLETTE push up sport bra,10,8061,216.850542372881,0.02535836743075854,0.02451269193934265,High Volume / High Value
Luna destroy (1),4,8051,145.4237627118641,0.025326909339416576,0.01643863952106854,High Volume / High Value
Girlfriend R.W.,7,8043,384.4140677966097,0.025301742866343003,0.04345400070452535,High Volume / High Value
Baby Love Cheeky Brief,8,8043,151.00072881355882,0.025301742866343003,0.017069057367900247,High Volume / High Value
Buckle Roo Cheeky V-Brief,2,8043,131.5572881355931,0.025301742866343003,0.014871179205528346,High Volume / High Value
Skinny L.W Grand,3,8041,127.86015254237245,0.025295451248074606,0.014453256589965961,High Volume / High Value
10p Jersey Terry,4,8013,35.20837288135535,0.025207368592317102,0.003979939310652616,High Volume / Lower Value
CASSIM ROLLNECK,15,8008,258.006830508474,0.02519163954664612,0.029164981029308888,High Volume / High Value
Portobello,8,7999,242.05003389830455,0.02516332726443835,0.02736123161109785,High Volume / High Value
Dalila sweater,6,7978,186.08894915254194,0.025097265272620222,0.021035414686897822,High Volume / High Value
B Leila Sarong,6,7976,77.79654237288092,0.02509097365435183,0.008794087652560716,High Volume / High Value
DeLuca pull on TVP RW,10,7951,292.7312881355929,0.02501232842599692,0.03309021876798456,High Volume / High Value
Spring,7,7938,242.88991525423674,0.024971432907252362,0.02745617143794026,High Volume / High Value
Bling bling,6,7930,233.47047457627068,0.02494626643417879,0.026391401919481486,High Volume / High Value
Rose thong,7,7921,100.77840677966071,0.024917954151971018,0.011391947709679892,High Volume / High Value
Aubergine,3,7913,137.62867796610132,0.024892787678897445,0.015557486497778486,High Volume / High Value
Samantha 2p Brazilian (Acacia),4,7905,128.50071186440664,0.02486762120582387,0.01452566513991968,High Volume / High Value
Wannabe Superpush,5,7886,231.95611864406726,0.024807850832274138,0.02622021977694948,High Volume / High Value
Asa smock top,4,7885,103.21879661016924,0.024804705023139945,0.011667808325348986,High Volume / High Value
Despacito 1,2,7882,189.76137288135553,0.024795267595737355,0.021450543883947952,High Volume / High Value
TOM FANCY,36,7882,157.8467796610166,0.024795267595737355,0.01784293200795646,High Volume / High Value
DENISE S.8,10,7869,167.78293220338946,0.024754372076992798,0.018966110413084408,High Volume / High Value
Lilly tank,8,7856,121.34922033898253,0.024713476558248244,0.013717263617141364,High Volume / High Value
Karin headband,20,7834,50.48037288135544,0.024644268757295917,0.005706279614906611,High Volume / Lower Value
HERBAL HOOD TVP,10,7828,169.87522033898267,0.02462539390249074,0.019202621763044266,High Volume / High Value
Simpson,6,7824,239.12125423728764,0.02461281066595395,0.02703016361927669,High Volume / High Value
Meet the Parents dress,14,7820,481.1516610169487,0.024600227429417167,0.05438917658933403,High Volume / High Value
Florida,10,7818,356.7086271186436,0.02459393581114877,0.04032218961956655,High Volume / High Value
C Lolly Top,4,7817,125.17257627118624,0.024590790002014577,0.014149454125475037,High Volume / High Value
Zidane jumpsuit,7,7816,213.62291525423691,0.024587644192880377,0.024147842359587647,High Volume / High Value
Aguilera maxidress,9,7814,159.68130508474542,0.024581352574611987,0.018050305971953427,High Volume / High Value
Kaj tapered,7,7784,291.25042372881325,0.024486978300586087,0.032922822493065836,High Volume / High Value
SKINNY BASIC 89,29,7775,235.42310169491475,0.02445866601837832,0.02661212604822,High Volume / High Value
Cora,13,7769,236.4379830508471,0.02443979116357314,0.02672684779971175,High Volume / High Value
Summer strap dress,4,7768,113.50416949152522,0.024436645354438943,0.01283046244722993,High Volume / High Value
Mercery,3,7767,190.34015254237244,0.02443349954530475,0.021515968887621077,High Volume / High Value
Mom HW Shorts,5,7766,253.47549152542322,0.02443035373617055,0.028652760421747473,High Volume / High Value
Kalas puffer,11,7765,458.38355932203353,0.024427207927036357,0.051815480177123084,High Volume / High Value
Hood W Zip,24,7754,212.3105932203385,0.02439260402656019,0.023999498041929225,High Volume / High Value
Carola sweater,6,7753,165.6387118644064,0.024389458217425997,0.01872372866921408,High Volume / High Value
Iris Linen Pull on,7,7736,183.41545762711823,0.024335979462144653,0.020733204356003346,High Volume / High Value
Enter,2,7708,170.9193220338979,0.024247896806387153,0.01932064656907308,High Volume / High Value
Monica,4,7700,197.11259322033854,0.02422273033331358,0.022281522665812674,High Volume / High Value
Lauper Long Sweater,5,7699,201.53567796610128,0.02421958452417938,0.022781506261002643,High Volume / High Value
Small dot 1p Tights,2,7693,101.93893220338957,0.024200709669374203,0.011523133003884616,High Volume / High Value
Chaka linen,6,7687,181.2564237288132,0.024181834814569023,0.02048914809376562,High Volume / High Value
Baraboom,6,7685,243.29920338982996,0.02417554319630063,0.02750243719255835,High Volume / High Value
Hayes,12,7681,256.6699999999996,0.024162959959763843,0.02901386628423714,High Volume / High Value
Samantha Thong Mynta Low,8,7681,55.86759322033851,0.024162959959763843,0.006315248682421231,High Volume / Lower Value
Holly Push Melbourne,4,7678,116.73449152542352,0.024153522532361252,0.01319561665904491,High Volume / High Value
Vickan dress w,4,7678,315.097322033898,0.024153522532361252,0.03561846560958717,High Volume / High Value
Fancy Pants (1),7,7672,240.13596610169438,0.024134647677556072,0.027144866211519354,High Volume / High Value
Timeless Cheeky V- Brief,6,7669,123.4573389830507,0.024125210250153482,0.01395556444096301,High Volume / High Value
Vovve shorts,5,7664,258.55769491525393,0.024109481204482502,0.029227250504662676,High Volume / High Value
Bondi Babe Price Swimsuit,4,7663,118.09289830508459,0.024106335395348306,0.013349170376521384,High Volume / High Value
Lee rib,7,7648,159.29389830508424,0.024059148258335356,0.018006513676388322,High Volume / High Value
Billie.,10,7641,54.46849152542327,0.024037127594395982,0.006157094829246646,High Volume / Lower Value
Django,4,7640,144.31715254237258,0.024033981785261782,0.01631354878398823,High Volume / High Value
JESSY JERSEY SKIRT,1,7636,182.98552542372843,0.024021398548724995,0.02068460500485035,High Volume / High Value
CS Paula dress,2,7633,205.46362711864364,0.02401196112132241,0.02322551994192814,High Volume / High Value
Walk Away Highwaist Brief,2,7620,125.54579661016905,0.023971065602577852,0.014191642791894192,High Volume / High Value
Osman (1),3,7600,279.3908983050844,0.023908149419893922,0.031582226845586266,High Volume / High Value
Mom Fit Trash,4,7588,484.1866610169488,0.02387039971028356,0.054732251682537994,High Volume / High Value
DIV Tess tee,7,7585,97.83752542372852,0.02386096228288097,0.011059511747476195,High Volume / High Value
Flora(1),3,7574,144.91181355932167,0.02382635838240481,0.016380769009297805,High Volume / High Value
Lazer Razer Sport Top,4,7563,206.30296610169472,0.023791754481928648,0.023320398459173598,High Volume / High Value
Stella RW skinny cropped CN,4,7560,243.59010169491472,0.023782317054526058,0.027535320211711508,High Volume / High Value
Mimosa Push Melbourne Opt.2,5,7545,158.55391525423676,0.02373512991751311,0.017922866310938944,High Volume / High Value
Jade HW denim trs,4,7534,211.7317118644063,0.023700526017036948,0.023934061542706664,High Volume / High Value
James basic hip belt,3,7531,97.41215254237261,0.023691088589634358,0.011011427780122781,High Volume / High Value
Ida Panel Jogger,5,7526,173.04786440677927,0.023675359543963374,0.019561256082405817,High Volume / High Value
Dina body,5,7519,226.01323728813512,0.023653338880023998,0.025548439027332847,High Volume / High Value
C Montauk Bandeau,3,7487,45.73994915254194,0.02355267298772971,0.005170424157710911,High Volume / Lower Value
Buckle Roo Triangle Top,2,7483,220.08042372881343,0.023540089751192924,0.024877796337110115,High Volume / High Value
Bernie,8,7473,141.13832203389813,0.023508631659850954,0.01595421515203618,High Volume / High Value
Ursula Top,5,7465,196.45376271186421,0.023483465186777384,0.02220704874881088,High Volume / High Value
ED Madison Skinny HW,6,7459,329.9291186440674,0.023464590331972204,0.03729504551219541,High Volume / High Value
Hilly Biker 2pk HW LS,3,7456,240.72203389830457,0.023455152904569614,0.027211115062901855,High Volume / High Value
Moscow,5,7454,322.07613559321993,0.02344886128630122,0.03640734768942816,High Volume / High Value
Marais,2,7446,360.8092542372877,0.02342369481322765,0.040785722743429315,High Volume / High Value
FIG STRAP S.0,5,7441,103.51115254237266,0.023407965767556667,0.011700856114044018,High Volume / High Value
Malin Leggings,9,7435,207.44733898305037,0.023389090912751487,0.02344975787694334,High Volume / High Value
Dixie tee 9.99,4,7432,108.12113559322015,0.023379653485348897,0.012221966613166973,High Volume / High Value
Shorts HW Pixie,7,7426,103.75411864406759,0.023360778630543717,0.011728320897564409,High Volume / High Value
Emerald (1),3,7408,237.6344915254232,0.02330415406612818,0.02686210060249083,High Volume / High Value
Timeless Regular V Brief Price,3,7404,110.97544067796596,0.023291570829591393,0.012544616030953363,High Volume / High Value
PAUL  R-NECK,25,7404,215.63613559321988,0.023291570829591393,0.024375415919863325,High Volume / High Value
HONEY seamless bra (1),5,7382,201.9017457627117,0.02322236302863907,0.02282288640711173,High Volume / High Value
Bambi,7,7375,225.18245762711828,0.023200342364699693,0.025454528052164704,High Volume / High Value
Nouvelle 1p Stay Up,2,7354,78.45411864406748,0.023134280372881566,0.008868419791119542,High Volume / High Value
COZY DORRI TOP,8,7352,204.49618644067777,0.023127988754613173,0.023116160864246938,High Volume / High Value
Greta ctn brazilian 3p,5,7345,147.06016949152496,0.023105968090673796,0.016623618238845058,High Volume / High Value
Techno,5,7344,205.5688474576266,0.0231028222815396,0.02323741400374149,High Volume / High Value
Bob v-neck 2-pack,4,7343,118.02093220338969,0.023099676472405403,0.01334103535937262,High Volume / High Value
30p pins,5,7333,17.502745762711683,0.023068218381063436,0.0019785028447668824,High Volume / Lower Value
Boulevard- TVP- TM,6,7329,94.60857627118617,0.02305563514452665,0.010694512725578564,High Volume / High Value
STRONG HW seamless tights,4,7312,302.9139491525421,0.02300215638924531,0.03424126238493816,High Volume / High Value
Beverly Hills Wire Bra,4,7312,148.7861694915251,0.02300215638924531,0.016818724535672104,High Volume / High Value
Yasmine LS,8,7296,112.59476271186425,0.022951823443098162,0.012727663496425155,High Volume / High Value
Tiger Bandeau,3,7295,150.78067796610136,0.02294867763396397,0.017044182914852116,High Volume / High Value
Racing shorts,6,7263,88.91228813559295,0.022848011741669675,0.010050606767412092,High Volume / High Value
BROADWAY S.0,10,7249,169.97564406779622,0.022803970413790925,0.01921397361810937,High Volume / High Value
Capri blazer,7,7239,460.17583050847423,0.02277251232244896,0.05201807774033064,High Volume / High Value
James basic hip belt (1),3,7237,92.7387457627116,0.022766220704180565,0.010483147890003435,High Volume / High Value
Martini,4,7237,339.13644067796565,0.022766220704180565,0.0383358372304618,High Volume / High Value
Diana jumpsuit,11,7235,273.6077966101692,0.022759929085912175,0.030928507520053813,High Volume / High Value
Raymond fleece,4,7234,160.52506779660982,0.022756783276777975,0.018145684545599196,High Volume / High Value
Lova Linen v neck,10,7231,170.40366101694877,0.022747345849375388,0.019262356469748047,High Volume / High Value
Simba,7,7226,204.21244067796573,0.022731616803704405,0.023084086365403884,High Volume / High Value
Pretty Please Cheeky Tanga,3,7212,152.02188135593173,0.02268757547582565,0.017184488011607015,High Volume / High Value
Lumiere Brazilian.,4,7207,86.77706779660986,0.022671846430154668,0.009809242379666586,High Volume / High Value
Thelma tie top,4,7200,172.7400677966098,0.02264982576621529,0.019526462886121875,High Volume / High Value
ED Nora tee,13,7193,113.0879830508473,0.022627805102275918,0.0127834169111753,High Volume / High Value
Alm Trench,10,7191,491.5824576271183,0.022621513484007524,0.0555682693469042,High Volume / High Value
Pluto OTS,9,7189,87.60832203389798,0.02261522186573913,0.009903207000732092,High Volume / High Value
Hope,4,7185,112.91171186440663,0.022602638629202344,0.012763491292158065,High Volume / High Value
SORRENTO RW trs,4,7171,329.219576271186,0.02255859730132359,0.03721483914787632,High Volume / High Value
Paulina blouse,7,7160,239.42927118644033,0.02252399340084743,0.027064981722584414,High Volume / High Value
Elie,7,7159,203.55133898305039,0.022520847591713234,0.02300935571446472,High Volume / High Value
Barton midi skirt,17,7153,290.27145762711837,0.022501972736908054,0.03281216058644887,High Volume / High Value
Chiara body,5,7145,112.78542372881338,0.02247680626383448,0.012749215735687158,High Volume / High Value
Dalston blazer,7,7139,335.63186440677924,0.022457931409029304,0.03793968143775088,High Volume / High Value
APOLLO HW seamless tights,6,7122,281.7388813559319,0.02240445265374796,0.03184764183867055,High Volume / High Value
ROBIN HOOD,28,7121,221.98528813559275,0.022401306844613767,0.025093121389464883,High Volume / High Value
Firepower seamless bralette,5,7114,173.2342542372878,0.02237928618067439,0.01958232550859164,High Volume / High Value
Timeless Top,5,7113,130.67199999999966,0.022376140371540194,0.01477110661586407,High Volume / High Value
Skinny L.W Bargain (1),5,7109,207.16211864406736,0.022363557135003407,0.023417516692633533,High Volume / High Value
Drake,5,7098,86.40040677966076,0.022328953234527243,0.009766664780491593,High Volume / High Value
Charlotte Pull On Soft Bra,10,7094,110.76305084745748,0.022316369997990457,0.012520607575962503,High Volume / High Value
Papi Chulo Tie Tanga,4,7088,37.86445762711823,0.02229749514318528,0.004280181986669159,High Volume / Lower Value
5pk regular fancy,34,7085,106.62130508474559,0.022288057715782687,0.012052426418278982,High Volume / High Value
NORWAY TECH FLEECE,5,7083,337.6352542372877,0.022281766097514293,0.038166143761581374,High Volume / High Value
Oregano dress,4,7083,168.10811864406745,0.022281766097514293,0.019002869348321395,High Volume / High Value
Ophelia Push Melbourne Cradle,5,7078,160.90525423728783,0.02226603705184331,0.018188660657154545,High Volume / High Value
Tulip jumper,7,7076,164.46554237288098,0.02225974543357492,0.018591114095029854,High Volume / High Value
Love Shack Cheeky Brief,2,7065,102.91825423728795,0.022225141533098756,0.011633835144924609,High Volume / High Value
Karin mid support bra,8,7058,132.09645762711818,0.02220312086915938,0.014932126692697277,High Volume / High Value
Swish HR wide side Brief,3,7055,112.50196610169476,0.022193683441756793,0.012717173807567523,High Volume / High Value
Peg fineknit,2,7054,215.91008474576222,0.022190537632622596,0.024406383014110973,High Volume / High Value
1p Fun Socks,24,7040,23.0033389830506,0.022146496304743843,0.0026002875339744052,High Volume / Lower Value
Small basic scrunchie,5,7039,22.62879661016938,0.022143350495609646,0.002557949425412608,High Volume / Lower Value
Bruce Skinny Denim Trs,11,7030,315.4326101694911,0.022115038213401876,0.03565636643606782,High Volume / High Value
Katie Skirt,8,7012,329.4924915254233,0.02205841364898634,0.037245689370704736,High Volume / High Value
Tulum Triangle Top,3,7012,172.7984067796608,0.02205841364898634,0.019533057499646636,High Volume / High Value
Elsa,16,7007,265.0176101694912,0.022042684603315356,0.0299574765435217,High Volume / High Value
Simpson(1),7,7004,224.10681355932155,0.022033247175912766,0.025332937709886733,High Volume / High Value
Bella waistbelt,5,7000,98.73659322033876,0.02202066393937598,0.011161141984088628,High Volume / High Value
Gisela,6,6998,192.27477966101654,0.022014372321107586,0.02173465830410995,High Volume / High Value
Pitcher RW,4,6984,138.17703389830464,0.021970330993228836,0.015619472416246227,High Volume / High Value
Linni Tee,11,6980,90.73103389830483,0.02195774775669205,0.010256197005322038,High Volume / High Value
Nicole Highwaist,3,6977,184.43449152542354,0.02194831032928946,0.02084839550909695,High Volume / High Value
Solange 5pkt TVP RW,7,6977,215.04276271186393,0.02194831032928946,0.024308341304846555,High Volume / High Value
SIGNE BOAT NECK,6,6975,148.41723728813514,0.021942018711021066,0.016777020598254,High Volume / High Value
Lindsay N-slip (W),4,6973,169.5740169491522,0.021935727092752672,0.01916857386154857,High Volume / High Value
Vichy 5pkt slim trouser,1,6966,335.9883050847454,0.0219137064288133,0.03797997333851361,High Volume / High Value
Perrie Denim Shorts,5,6964,225.93737288135543,0.021907414810544902,0.025539863347455807,High Volume / High Value
Kelly jumpsuit,6,6962,161.84293220338947,0.021901123192276512,0.018294655370701702,High Volume / High Value
Lucien CONSCIOUS,9,6957,172.9036271186437,0.021885394146605525,0.019544951561459984,High Volume / High Value
Dallas,6,6957,150.01189830508434,0.021885394146605525,0.016957280392988286,High Volume / High Value
Milkshake Balconette,4,6955,151.54703389830476,0.021879102528337135,0.01713081145945445,High Volume / High Value
Skinny H.W Ankle,5,6951,380.16759322033863,0.02186651929180035,0.04297398104685073,High Volume / High Value
ESSENTIAL AGNES,6,6949,104.78257627118627,0.021860227673531952,0.011844577304905452,High Volume / High Value
Chicago dress,5,6943,140.97981355932168,0.021841352818726775,0.015936297422319893,High Volume / High Value
Holly Thong Mynta 2p,3,6942,106.12544067796591,0.02183820700959258,0.011996374119243574,High Volume / High Value
Ronny R-Neck,18,6941,53.7406101694911,0.021835061200458382,0.006074815434179809,High Volume / Lower Value
Everlacing Love Highwaist,2,6937,157.2046440677963,0.021822477963921595,0.017770345276986566,High Volume / High Value
Swish Super Push,3,6933,150.56583050847425,0.021809894727384812,0.017019896650749957,High Volume / High Value
Vickan baby tee,6,6932,90.41008474576248,0.021806748918250612,0.010219917051311428,High Volume / High Value
Carla culotte,7,6931,185.351762711864,0.021803603109116415,0.020952083449057864,High Volume / High Value
Kendall bikerpant,5,6929,87.61652542372855,0.021797311490848025,0.009904134308386362,High Volume / High Value
Teddy turtleneck,4,6928,221.98938983050797,0.021794165681713825,0.025093585043292007,High Volume / High Value
Tequila denim/fancy shorts,8,6913,133.87815254237262,0.02174697854470088,0.01513352871876381,High Volume / High Value
SKINNY SS 89,21,6913,264.204101694915,0.02174697854470088,0.029865517895832253,High Volume / High Value
COLETTE PUSH UP BRA,5,6911,270.91511864406755,0.021740686926432485,0.03062412836216631,High Volume / High Value
Santiago,12,6906,405.8379322033895,0.0217249578807615,0.04587574511248085,High Volume / High Value
Lia Slacks tie belt,4,6903,284.215949152542,0.021715520453358915,0.03212764851583515,High Volume / High Value
Ursula Cheeky V Brief,5,6889,131.66576271186398,0.02167147912548016,0.014883441124923532,High Volume / High Value
Evie thong 3p,6,6888,106.42745762711849,0.021668333316345965,0.012030513985134743,High Volume / High Value
Timeless Low V Shape Brief,3,6882,94.54416949152521,0.021649458461540785,0.010687232210937658,High Volume / High Value
Margarita Push Melbourne,5,6879,107.18749152542358,0.021640021034138195,0.012116427889747325,High Volume / High Value
Theron,9,6875,214.3707118644063,0.021627437797601408,0.024232372966418444,High Volume / High Value
Baby Lock Me Up Push Triangle,4,6871,162.55118644067764,0.02161485456106462,0.018374716124727974,High Volume / High Value
Taylor blouse,15,6869,159.32940677966062,0.021608562942796228,0.01801052753906536,High Volume / High Value
Dusk Padded T-shirt,8,6867,108.9261355932202,0.021602271324527838,0.012312963466553858,High Volume / High Value
Darby blouse,5,6866,208.6931864406775,0.02159912551539364,0.023590587937122362,High Volume / High Value
Roll Up Tee,33,6863,84.92816949152515,0.02158968808799105,0.009600243711349758,High Volume / High Value
Tequila denim,4,6849,168.41299999999967,0.021545646760112298,0.01903733300552159,High Volume / High Value
Skirt Shine,3,6848,284.5229322033895,0.0215425009509781,0.032162349747723626,High Volume / High Value
Luna (1),6,6833,135.42788135593187,0.021495313813965154,0.015308709396573595,High Volume / High Value
Control Top 100 den 1p Tights,2,6832,87.56428813559299,0.021492168004830958,0.009898229427827605,High Volume / High Value
Basic sweatpants 1,11,6822,153.22732203389796,0.02146070991348899,0.017320750506811335,High Volume / High Value
Samantha Hipster Ch. Poppy Low,8,6821,49.78332203389787,0.021457564104354794,0.0056274852872428855,High Volume / Lower Value
Miranda(1),4,6821,200.92747457627075,0.021457564104354794,0.022712755211693556,High Volume / High Value
Fidde tee(1),5,6818,55.28483050847415,0.021448126676952204,0.006249373436395314,High Volume / Lower Value
Adore strapless push,3,6812,175.5651016949151,0.021429251822147024,0.019845803501596482,High Volume / High Value
Spice it Up Skimpy Tanga,3,6809,82.64310169491498,0.021419814394744434,0.009341940631514702,High Volume / High Value
Monet RW wide full,4,6801,190.63872881355888,0.02139464792167086,0.021549719820756427,High Volume / High Value
Pheobe dress,6,6801,155.08896610169455,0.02139464792167086,0.0175311899506571,High Volume / High Value
Winnie top,3,6797,216.23291525423684,0.021382064685134077,0.0244428756357861,High Volume / High Value
Frugan.,2,6781,99.58437288135576,0.02133173173898693,0.011256974631937006,High Volume / High Value
Mimosa 2p Thong Mynta,6,6776,108.2502881355931,0.021316002693315947,0.012236565960946915,High Volume / High Value
Mary Scarf,17,6769,105.8872203389829,0.021293982029376574,0.011969445794696729,High Volume / High Value
Lindy linen shirt,5,6769,191.92759322033854,0.021293982029376574,0.021695412498345615,High Volume / High Value
Alba Push-Up Biker HW FS,2,6756,162.92974576271152,0.021253086510632017,0.01841750830749239,High Volume / High Value
Mooncake,3,6751,171.6951525423725,0.021237357464961033,0.019408346115697594,High Volume / High Value
Mira body,4,6750,105.12140677966086,0.021234211655826837,0.011882878559691371,High Volume / High Value
Calvin Clean wire bra,4,6747,159.35106779660987,0.021224774228424247,0.018012976091094604,High Volume / High Value
Hazel,5,6717,54.771169491525015,0.02113039995439835,0.006191309416209132,High Volume / Lower Value
Molly Twill TRS,6,6716,161.29647457627087,0.021127254145264153,0.018232884035823373,High Volume / High Value
Rocky!,6,6713,192.62891525423686,0.021117816717861563,0.021774689639085534,High Volume / High Value
Speedy tee (C),1,6711,165.3248474576268,0.021111525099593173,0.018688249571813975,High Volume / High Value
Frankie RW pull on,4,6706,190.50599999999957,0.02109579605392219,0.02153471621282143,High Volume / High Value
Sorreli,7,6703,307.90786440677925,0.0210863586265196,0.03480577241502055,High Volume / High Value
IZZY loose tee (1),8,6700,138.8346610169488,0.02107692119911701,0.015693810302579766,High Volume / High Value
Babylock Me Up Tie Tanga,6,6698,111.74888135593184,0.021070629580848616,0.012632045432166176,High Volume / High Value
B David Kaftan,5,6689,103.68583050847441,0.021042317298640846,0.011720601636120142,High Volume / High Value
LS Reggipetto Triangle Top,2,6688,217.31859322033847,0.02103917148950665,0.024565600205608107,High Volume / High Value
Bailey,7,6688,235.43355932203346,0.02103917148950665,0.02661330817388671,High Volume / High Value
GILDA LEGGINGS,25,6688,155.9652542372878,0.02103917148950665,0.017630245184196536,High Volume / High Value
Babette long,4,6688,107.25535593220327,0.02103917148950665,0.012124099253068963,High Volume / High Value
Kendrick Padded Soft Bra,5,6685,91.91701694915233,0.021029734062104063,0.010390260018734828,High Volume / High Value
S Timeless High Wide Side Brie,1,6681,134.21064406779618,0.021017150825567276,0.015171113417635052,High Volume / High Value
Spice it Up Triangle,3,6668,157.71172881355898,0.02097625530682272,0.01782766591830941,High Volume / High Value
Tanya mockneck LS,5,6663,108.13772881355919,0.020960526261151736,0.012223842303649465,High Volume / High Value
Rooney Dress,8,6658,219.34155932203342,0.020944797215480752,0.024794275422704466,High Volume / High Value
Control Top 50 den 1p Tights,1,6645,80.80872881355909,0.0209039016967362,0.009134583910841888,High Volume / High Value
Eleonor button dress,4,6631,188.41327118644048,0.020859860368857445,0.02129815504881405,High Volume / High Value
Rosemary,7,6627,187.05313559321993,0.02084727713232066,0.021144405906997194,High Volume / High Value
Goji dress w,3,6616,148.99935593220303,0.0208126732318445,0.016842823039133523,High Volume / High Value
J Persilja,11,6616,77.86435593220311,0.0208126732318445,0.008801753268107653,High Volume / High Value
Luve Jumper,12,6616,212.931389830508,0.0208126732318445,0.024069672623443096,High Volume / High Value
W YODA KNIT OL OFFER,4,6613,137.05205084745748,0.020803235804441905,0.015492304816568383,High Volume / High Value
Jacket Oversize,6,6610,421.84620338983024,0.02079379837703932,0.0476853131946299,High Volume / High Value
New Vega sneaker,8,6595,262.99220338983025,0.02074661124002637,0.029728525433238957,High Volume / High Value
Samantha Padded T-shirt Milano,6,6588,142.6651694915251,0.02072459057608699,0.016126809331223527,High Volume / High Value
Ellen linen,4,6585,152.07615254237254,0.020715153148684405,0.017190622803154452,High Volume / High Value
Clarence hipster (1),8,6581,85.36981355932178,0.02070256991214762,0.009650166966612462,High Volume / High Value
Bebe Sl-set (J),7,6579,160.13788135593188,0.020696278293879225,0.01810191715705788,High Volume / High Value
Venice wide side thong,11,6579,83.58883050847433,0.020696278293879225,0.009448845409391981,High Volume / High Value
Sunny,3,6575,194.03291525423685,0.02068369505734244,0.02193339719455781,High Volume / High Value
Bono NW slim denim,7,6573,374.17157627118615,0.020677403439074045,0.042296193872655354,High Volume / High Value
Burmilla blazer,8,6572,416.5504915254234,0.020674257629939848,0.047086688205680086,High Volume / High Value
Skinny H.W,5,6566,197.19023728813525,0.020655382775134668,0.022290299517804795,High Volume / High Value
Karlshamn strap top,7,6562,132.55386440677935,0.02064279953859788,0.014983831758122113,High Volume / High Value
Hamilton Swimsuit,3,6561,274.70049152542344,0.020639653729463685,0.03105202528278671,High Volume / High Value
C Lolly Bandeau,4,6560,52.33149152542337,0.02063650792032949,0.005915529269386079,High Volume / Lower Value
Tess Tee,20,6559,71.17701694915223,0.02063336211119529,0.008045819348866586,High Volume / High Value
San fran HW,6,6555,209.0269491525419,0.020620778874658508,0.023628316330361533,High Volume / High Value
Ginger Highwaist,3,6554,132.42361016949124,0.020617633065524308,0.014969107875223323,High Volume / High Value
Fake 1p Leggings,1,6545,190.52976271186398,0.02058932078331654,0.021537402339538943,High Volume / High Value
Jacket Core,5,6531,287.40727118644037,0.02054527945543779,0.032488394184442576,High Volume / High Value
JESSY SKIRT,7,6522,128.38020338983023,0.02051696717323002,0.014512042913841536,High Volume / High Value
Bagira Thong Mynta 2p,6,6517,90.59145762711844,0.020501238127559034,0.010240419363725224,High Volume / High Value
Amber,4,6510,195.24610169491484,0.02047921746361966,0.02207053526744393,High Volume / High Value
Fletcher,4,6506,194.45050847457586,0.020466634227082874,0.021980601752379605,High Volume / High Value
Dahlia Brazilian Azalea Low,7,6502,53.55171186440643,0.020454050990546088,0.0060534624511079825,High Volume / Lower Value
Coral jumpsuit,4,6499,82.46850847457603,0.020444613563143497,0.009322204689063114,High Volume / High Value
Isabella shirt,2,6477,156.20696610169458,0.020375405762191174,0.017657568189273918,High Volume / High Value
1pk Fun 1,19,6472,22.3579491525421,0.02035967671652019,0.0025273329454226457,High Volume / Lower Value
Riviera S/S,3,6472,163.950322033898,0.02035967671652019,0.018532873809752375,High Volume / High Value
Paco Hairy Sweater,6,6470,158.2746440677962,0.020353385098251797,0.017891297616270983,High Volume / High Value
Matcha,5,6462,314.8836440677962,0.020328218625178224,0.035594311544303474,High Volume / High Value
Pep leggings,3,6456,272.6846779661014,0.020309343770373047,0.030824158586000478,High Volume / High Value
Gainsbourgh,6,6456,450.52701694915226,0.020309343770373047,0.05092738001012569,High Volume / High Value
Nala polo,3,6447,101.96454237288121,0.020281031488165277,0.011526027966416845,High Volume / High Value
Timeless High Apex Tri Top,3,6443,153.9052711864404,0.02026844825162849,0.01739738558710657,High Volume / High Value
Dingo tee TVP,8,6435,84.81722033898284,0.02024328177855492,0.009587702066918339,High Volume / High Value
CSP Eva,3,6426,144.5548983050844,0.02021496949634715,0.01634042346263772,High Volume / High Value
Burmilla (1),5,6407,386.39213559322,0.020155199122797413,0.043677600636547034,High Volume / High Value
NORA RW shorts innerbriefs,7,6406,186.60130508474563,0.020152053313663217,0.021093331180866315,High Volume / High Value
Jonas Slim 5-pkt Trs,9,6401,206.62196610169445,0.020136324267992237,0.023356458081820044,High Volume / High Value
Zenit highlift sneaker,13,6401,231.61549152542347,0.020136324267992237,0.02618171543412361,High Volume / High Value
Snow chino TVP RW,6,6370,207.25935593220308,0.02003880418483214,0.023428508353816418,High Volume / High Value
Marc dress,6,6368,172.4628813559319,0.02003251256656375,0.019495129850217282,High Volume / High Value
Bengal,7,6368,97.03715254237272,0.02003251256656375,0.01096903794158853,High Volume / High Value
L Lilo Pile Coat,3,6366,640.2516101694911,0.020026220948295353,0.07237376633702873,High Volume / High Value
Ludwig,4,6366,269.9773898305082,0.020026220948295353,0.03051812790084443,High Volume / High Value
Charlotte Padded Soft Bra H&E,3,6364,133.8947796610165,0.020019929330026963,0.01513540824109609,High Volume / High Value
Wrap Queen Top,3,6359,173.1613050847456,0.02000420028435598,0.019574079367798376,High Volume / High Value
Dragonfly dress,98,6358,41.76259322033858,0.020001054475221783,0.004720825555685876,High Volume / Lower Value
Jinny smock top,4,6316,103.79103389830499,0.019868930491585526,0.011732493782008607,High Volume / High Value
Toulouse,6,6308,186.1380847457623,0.019843764018511956,0.02104096895319888,High Volume / High Value
Ophelia Padded Soft Bra,4,6306,143.65681355932173,0.019837472400243562,0.016238904349669816,High Volume / High Value
Lasse Fluff,5,6305,270.1497118644064,0.019834326591109366,0.030537607109358676,High Volume / High Value
RA RW shorts conscious(1),2,6292,94.46481355932187,0.01979343107236481,0.010678261850530097,High Volume / High Value
Margarita Mynta Thong,5,6282,59.32561016949115,0.019761972981022842,0.006706141429416752,High Volume / Lower Value
Venice wireless fargo,9,6278,205.1135084745758,0.019749389744486055,0.02318594268115515,High Volume / High Value
janita,3,6270,271.5323389830505,0.019724223271412485,0.030693898683525112,High Volume / High Value
Seahorse,4,6265,171.13849152542332,0.019708494225741502,0.019345421394026143,High Volume / High Value
Felix HW,4,6264,241.1991355932201,0.019705348416607305,0.0272650464330669,High Volume / High Value
Katsu,10,6263,175.3453220338979,0.01970220260747311,0.019820959703346793,High Volume / High Value
Bellini price CF,9,6258,139.8199830508471,0.019686473561802125,0.0158051906810363,High Volume / High Value
Super Skinny HW Ankle Vanessa,6,6257,300.9815593220335,0.01968332775266793,0.034022825870536795,High Volume / High Value
Lee Parka,5,6254,340.89486440677933,0.019673890325265342,0.03853460869163307,High Volume / High Value
Gwen Jersey Top,3,6234,176.6127288135592,0.019610974142581408,0.01996422682000565,High Volume / High Value
Ivy playsuit w,10,6234,125.90155932203362,0.019610974142581408,0.014231858055660726,High Volume / High Value
Barbaris,3,6225,179.81067796610125,0.019582661860373638,0.02032572161525108,High Volume / High Value
ORBIT HW hotpants,4,6216,127.59815254237247,0.01955434957816587,0.014423640222776691,High Volume / High Value
Toulon jumper,4,6214,120.17538983050821,0.019548057959897475,0.013584574321885853,High Volume / High Value
Pia Party,5,6213,119.1404406779658,0.01954491215076328,0.013467584115306002,High Volume / High Value
Sporty Spice Highwaist Brazil,6,6212,127.18964406779635,0.019541766341629085,0.014377462600704266,High Volume / High Value
Karma dress,2,6212,194.61038983050804,0.019541766341629085,0.021998674672013215,High Volume / High Value
Classic Pilot sunglasses,14,6211,59.99915254237259,0.019538620532494885,0.006782278369236559,High Volume / Lower Value
Vermont Summer Slacks,4,6209,247.75750847457604,0.019532328914226495,0.028006402079701988,High Volume / High Value
Paulina top,4,6191,146.27237288135564,0.019475704349810958,0.01653456604923728,High Volume / High Value
Cornelia Push Melbourne LP,6,6188,93.18272881355917,0.019466266922408368,0.01053333554290311,High Volume / High Value
Shaping Skinny H.W Ankle Patch,5,6184,394.6251864406777,0.01945368368587158,0.04460826115939529,High Volume / High Value
June Jeggings,4,6181,143.56927118644037,0.019444246258468988,0.01622900859753289,High Volume / High Value
Ring Ring Triangle Top,2,6173,148.31247457627103,0.019419079785395418,0.016765178266413116,High Volume / High Value
Shirtdress Lou,5,6171,289.6914745762708,0.019412788167127024,0.032746599552107444,High Volume / High Value
Support 20 den 1p tights,2,6169,76.40559322033877,0.01940649654885863,0.008636855359265703,High Volume / High Value
REX SLIM LS T-SHIRT,2,6168,98.59111864406768,0.019403350739724434,0.011144697600624705,High Volume / High Value
Walk Away Top,2,6161,161.05571186440665,0.01938133007578506,0.018205668322540718,High Volume / High Value
J Persilja(1),3,6158,76.26725423728791,0.01937189264838247,0.008621217580186984,High Volume / High Value
Alison,8,6155,179.20645762711828,0.019362455220979877,0.0202574208082948,High Volume / High Value
PRINCE ERIC BASIC TEE,16,6151,91.66349152542357,0.019349871984443094,0.010361601613998314,High Volume / High Value
Manchester dress,5,6150,193.74477966101654,0.019346726175308897,0.021900826471164255,High Volume / High Value
STAR western belt,1,6150,98.90062711864395,0.019346726175308897,0.011179684305324103,High Volume / High Value
Solange 5 pkt,9,6149,173.35566101694877,0.0193435803661747,0.019596049278689756,High Volume / High Value
Charlie A-line,12,6147,191.43079661016907,0.019337288747906307,0.02163925482344041,High Volume / High Value
Linus flounce skirt,5,6144,135.4343050847455,0.019327851320503717,0.015309435532112788,High Volume / High Value
Danny Tie Brief,2,6143,97.78533898305074,0.01932470551136952,0.011053612614692171,High Volume / High Value
Scary Spice Top,2,6143,171.159254237288,0.01932470551136952,0.019347768402035417,High Volume / High Value
Milka,2,6138,97.91362711864394,0.019308976465698537,0.011068114250301924,High Volume / High Value
Baby Lock Me Up SP,2,6132,171.52027118644054,0.01929010161089336,0.019388577602522637,High Volume / High Value
Miso,4,6131,159.17610169491488,0.01928695580175916,0.017993197998295088,High Volume / High Value
VALENTINE LONGSLEEVE,7,6131,178.81127118644028,0.01928695580175916,0.02021274910319808,High Volume / High Value
PANORAMA sports bra,7,6130,155.9308305084744,0.019283809992624964,0.017626353940713477,High Volume / High Value
Tigra knitted headband,5,6123,39.35288135593184,0.019261789328685587,0.004448432764095752,High Volume / Lower Value
SPEED Apple,6,6122,180.65252542372835,0.01925864351955139,0.020420883689382524,High Volume / High Value
Liza 2p padded wireless rio mc,2,6120,179.2987288135592,0.019252351901283,0.020267851103480387,High Volume / High Value
Norway hood jacket,4,6118,299.86716949152503,0.019246060283014607,0.03389685572392487,High Volume / High Value
Rio,7,6116,267.5586101694912,0.019239768664746214,0.030244710089429853,High Volume / High Value
Carolina ankle,6,6112,305.9446779661015,0.019227185428209427,0.03458385466506594,High Volume / High Value
Polka jsy blazer,9,6112,279.92279661016914,0.019227185428209427,0.03164235240097077,High Volume / High Value
Support 70 den 1p Tights,1,6107,76.26430508474556,0.019211456382538444,0.008620884209253428,High Volume / High Value
LANA seamless HW tigths,4,6099,150.90113559322003,0.019186289909464874,0.01705779939315553,High Volume / High Value
Glow Triangle Top,3,6095,165.35172881355916,0.019173706672928087,0.018691288228714124,High Volume / High Value
Shake,10,6091,199.8804237288133,0.0191611234363913,0.022594397034731203,High Volume / High Value
Kalinda trs,5,6090,148.98961016949121,0.019157977627257104,0.01684172138231286,High Volume / High Value
Florida (1),13,6086,324.3287627118643,0.019145394390720317,0.03666198368899412,High Volume / High Value
ARTICHOKE SLIM FIT POLO,14,6085,123.23357627118605,0.01914224858158612,0.013930270400360526,High Volume / High Value
Selena shopper (1),15,6081,184.5189661016945,0.019129665345049333,0.02085794447882595,High Volume / High Value
Wrappy Dress,4,6079,183.44466101694874,0.01912337372678094,0.02073650549461553,High Volume / High Value
R-NECK BASIC FIT FANCY,16,6071,64.64961016949124,0.019098207253707367,0.007307964097033853,High Volume / High Value
Swift Dress(1),5,6068,262.05979661016914,0.019088769826304777,0.029623126572337396,High Volume / High Value
Florentina,5,6067,164.62345762711828,0.01908562401717058,0.018608964767374434,High Volume / High Value
Band leggings,3,6063,93.221254237288,0.019073040780633793,0.01053769044021332,High Volume / High Value
Gabriella,7,6059,120.4884406779658,0.019060457544097006,0.013619961454890497,High Volume / High Value
Long Leg Leggings,2,6053,66.25818644067769,0.01904158268929183,0.007489796866115556,High Volume / High Value
Shake it in Tie Brief,7,6052,83.12799999999983,0.019038436880157633,0.00939675332713626,High Volume / High Value
Wrap Queen Tie Tanga,3,6042,116.68920338983014,0.019006978788815666,0.013190497307697386,High Volume / High Value
Birdy HW,8,6042,214.3600508474574,0.019006978788815666,0.02423116784965291,High Volume / High Value
Bubble Bum Bandeau (1),5,6041,92.08788135593207,0.01900383297968147,0.010409574457707215,High Volume / High Value
Curvy Jegging HW.,7,6041,200.39925423728766,0.01900383297968147,0.02265304541201354,High Volume / High Value
MANTA high support bra,7,6029,198.2753898305082,0.018966083270071113,0.02241296469395475,High Volume / High Value
BROADWAY S.9,9,6025,135.7195254237285,0.018953500033534326,0.015341676716422593,High Volume / High Value
Pat ls bd oxford solid,25,6024,189.16449152542333,0.01895035422440013,0.021383072672475748,High Volume / High Value
4p Claw,4,6022,24.11637288135565,0.018944062606131736,0.0027261044065939014,High Volume / Lower Value
Straight R.W,6,6021,287.7893898305082,0.01894091679699754,0.032531588711437145,High Volume / High Value
Noah cowl neck dress,4,6017,345.00840677966073,0.018928333560460753,0.03899960175027383,High Volume / High Value
Lilja top,6,6014,142.31816949152514,0.018918896133058163,0.016087584600633163,High Volume / High Value
LOLA SANDAL,2,6013,94.81032203389819,0.018915750323923966,0.010717317979728788,High Volume / High Value
Palace strap dress,5,6012,177.96298305084707,0.01891260451478977,0.020116858977602542,High Volume / High Value
Jenny Sock 5-pack,10,6007,65.70828813559295,0.018896875469118786,0.007427636598481406,High Volume / High Value
Granny Push Up Bra,2,6006,141.05955932203375,0.018893729659984593,0.015945311849000308,High Volume / High Value
Stork dress,4,6003,242.12947457627095,0.018884292232582003,0.027370211551129977,High Volume / High Value
Christian sunglasses,10,5991,114.91816949152503,0.018846542522971643,0.012990300398396432,High Volume / High Value
Orlando V-wire push,5,5977,174.5696101694914,0.018802501195092892,0.019733273568196652,High Volume / High Value
Flora hip belt (1),3,5977,47.94245762711827,0.018802501195092892,0.005419394767331268,High Volume / Lower Value
X-tina Brazilian,6,5974,94.72144067796599,0.0187930637676903,0.01070727086952433,High Volume / High Value
AGNES isw 45,7,5969,92.45728813559309,0.01877733472201932,0.010451332041022662,High Volume / High Value
BROADWAY,12,5968,125.48706779660986,0.01877418891288512,0.014185004112096639,High Volume / High Value
Grimsby,7,5967,336.8137457627117,0.018771043103750922,0.03807328079733656,High Volume / High Value
2p Samantha Brazilian (Acacia),3,5944,93.12452542372868,0.018698689493664405,0.010526756256777613,High Volume / High Value
Tuna,11,5937,330.12891525423703,0.01867666882972503,0.0373176304349815,High Volume / High Value
Vovve shorts.,7,5932,158.8966949152539,0.018660939784054045,0.01796161397622787,High Volume / High Value
James blouse,4,5922,116.65772881355907,0.01862948169271208,0.013186939435147878,High Volume / High Value
Lucky jumpsuit,4,5918,227.26937288135568,0.018616898456175295,0.025690432053929534,High Volume / High Value
Fusili,4,5915,104.99581355932176,0.0186074610287727,0.011868681556141578,High Volume / High Value
Hepburn top,15,5903,158.3171525423726,0.018569711319162345,0.017896102755933996,High Volume / High Value
Stardust linen,3,5902,185.65376271186415,0.01856656551002815,0.020986221399024136,High Volume / High Value
LS Reggipetto Tie Tanga,2,5902,144.15935593220308,0.01856656551002815,0.01629571152311799,High Volume / High Value
Lazer Razer Highwaist,4,5893,129.85461016949125,0.018538253227820378,0.014678709221371274,High Volume / High Value
Shaun,4,5884,164.49081355932177,0.018509940945612608,0.01859397073906397,High Volume / High Value
Bridget Sweater TVP,4,5875,163.88779661016912,0.018481628663404838,0.018525805962775962,High Volume / High Value
Eden HW paperwaist,3,5871,212.96755932203368,0.01846904542686805,0.02407376120719147,High Volume / High Value
Henrik ballerina,11,5870,116.65377966101657,0.018465899617733858,0.01318649302464488,High Volume / High Value
Riviera L/S,2,5870,167.55323728813536,0.018465899617733858,0.01894014579876504,High Volume / High Value
NT Alva 2-pack(1),10,5868,191.49386440677924,0.018459607999465465,0.021646383980013787,High Volume / High Value
Shaping Ultra HW ankle,3,5858,465.47583050847436,0.018428149908123498,0.052617187458281554,High Volume / High Value
Breadwinner Cheeky Brief,3,5848,95.0833559322033,0.018396691816781535,0.010748181614031545,High Volume / High Value
Boyfriend Shorts,6,5846,199.32208474576245,0.018390400198513138,0.02253128263649411,High Volume / High Value
W FELICITY OL OFFER,3,5844,123.77872881355913,0.018384108580244748,0.01399189420902116,High Volume / High Value
Everlacing Love Top,4,5843,124.68861016949124,0.01838096277111055,0.014094746805723283,High Volume / High Value
Gili wrap dress,3,5834,142.5819661016946,0.01835265048890278,0.016117404055862414,High Volume / High Value
DENISE SHIRT S.1,6,5820,133.87208474576244,0.018308609161024027,0.01513284281764764,High Volume / High Value
Vincent,18,5820,105.69038983050827,0.018308609161024027,0.011947196158769113,High Volume / High Value
Timeless Tanga,4,5806,93.8176440677965,0.018264567833145277,0.01060510608986327,High Volume / High Value
Mastiff blazer,6,5802,328.75681355932176,0.01825198459660849,0.03716252865018138,High Volume / High Value
Zoe L/S,5,5799,121.72127118644029,0.0182425471692059,0.013759320084742085,High Volume / High Value
Space 5 pkt RW tregging,1,5798,142.4519999999997,0.018239401360071704,0.016102712743687016,High Volume / High Value
Cecilia Kimono (W),5,5794,221.7944915254235,0.018226818123534917,0.025071553822803655,High Volume / High Value
Lazer Razer Top,4,5791,63.33432203389804,0.018217380696132327,0.007159284492516984,High Volume / High Value
Heavy Chain 1p Tights,4,5776,94.53362711864376,0.01817019355911938,0.010686040505646427,High Volume / High Value
Nora,6,5774,90.78528813559309,0.018163901940850987,0.010262329880944568,High Volume / High Value
Cindererlla,5,5770,225.14542372881334,0.0181513187043142,0.0254503417562462,High Volume / High Value
MAYA SKIRT,6,5770,164.76440677966062,0.0181513187043142,0.018624897598888593,High Volume / High Value
Money tee TVP,5,5769,66.25420338983027,0.018148172895180004,0.007489346623762766,High Volume / High Value
Neve Off Shoulder,4,5762,127.36593220338948,0.018126152231240627,0.014397390135646395,High Volume / High Value
TOM SOLID,17,5761,110.85089830508437,0.01812300642210643,0.0125305378147477,High Volume / High Value
Linni tee,11,5756,74.07986440677945,0.01810727737643545,0.008373955975582345,High Volume / High Value
Desert cheeky brazilian,5,5754,84.24918644067779,0.018100985758167053,0.009523491759635305,High Volume / High Value
Molly HW Ankle TRS,2,5751,137.30893220338953,0.018091548330764467,0.015521342574436174,High Volume / High Value
Fox (1),2,5749,138.05603389830478,0.01808525671249607,0.015605794628345855,High Volume / High Value
Kendrick Padded Coral Keyhole,4,5735,131.94457627118618,0.01804121538461732,0.014914958089619082,High Volume / High Value
Reggie (1),12,5735,168.29294915254198,0.01804121538461732,0.019023762509415905,High Volume / High Value
Lily dress,13,5727,109.93259322033873,0.018016048911543747,0.012426733003367541,High Volume / High Value
Ibiza Vis. TRS,8,5719,134.30999999999972,0.017990882438470177,0.015182344569431128,High Volume / High Value
Apple,5,5718,226.19067796610136,0.01798773662933598,0.025568496845168577,High Volume / High Value
Ariella blazer,3,5710,245.3647966101692,0.017962570156262406,0.027735930960792077,High Volume / High Value
Phillipos,3,5709,351.46479661016923,0.01795942434712821,0.03972942927675251,High Volume / High Value
Glow Cheeky Tanga,3,5707,114.08372881355896,0.017953132728859816,0.012895975583448693,High Volume / High Value
Jess oversize LS,5,5700,108.52116949152511,0.017931112064920443,0.01226718627278665,High Volume / High Value
La Brea,3,5693,274.1905762711861,0.017909091400981066,0.030994384682004633,High Volume / High Value
Make Over Brief,3,5689,116.9077457627115,0.01789650816444428,0.013215201243428946,High Volume / High Value
Snow Chino R.W,5,5681,180.86749152542333,0.017871341691370706,0.02044518336495903,High Volume / High Value
Dallas Slim HW PU TRS,3,5676,226.0525762711862,0.017855612645699723,0.025552885889038545,High Volume / High Value
HM+ Track dress,4,5675,134.8671525423726,0.017852466836565526,0.015245324852924833,High Volume / High Value
Romeo dress,3,5674,176.14981355932161,0.01784932102743133,0.01991189907898651,High Volume / High Value
Tiffanie,4,5666,166.0145932203386,0.017824154554357756,0.01876621813584343,High Volume / High Value
PINKY Loose Fitted Tank,1,5660,92.94476271186431,0.01780527969955258,0.010506435957229849,High Volume / High Value
Violet Push Valencia,6,5654,82.09183050847443,0.0177864048447474,0.009279625173963219,High Volume / High Value
Lash brazilian,6,5649,54.02462711864377,0.017770675799076416,0.006106920587821344,High Volume / Lower Value
Silver lake,8,5649,102.71116949152518,0.017770675799076416,0.011610426374429163,High Volume / High Value
Marseille padded Swimsuit,3,5648,197.97866101694893,0.01776752998994222,0.022379422596634106,High Volume / High Value
Drizzle wide cropped,6,5648,149.80589830508455,0.01776752998994222,0.01693399424168682,High Volume / High Value
Fav polo,12,5648,78.21899999999982,0.01776752998994222,0.008841842080830418,High Volume / High Value
Tilda linen,5,5646,115.62671186440642,0.017761238371673826,0.013070393723146098,High Volume / High Value
J Panther,3,5640,165.36706779660977,0.017742363516868646,0.01869302214075358,High Volume / High Value
Margarita RW Pull- On Shorts,2,5639,62.441271186440446,0.01773921770773445,0.007058334409246017,High Volume / High Value
Ripley r-neck,27,5631,139.50581355932172,0.017714051234660876,0.015769677096987896,High Volume / High Value
Hawlin Head Band,12,5622,45.29552542372851,0.01768573895245311,0.005120186690763723,High Volume / Lower Value
Olivia,5,5620,72.69213559322014,0.017679447334184716,0.008217087708019355,High Volume / High Value
Milla pile,4,5614,632.8501186440673,0.017660572479379535,0.07153710492189427,High Volume / High Value
Tropicana Triangle,4,5610,124.93771186440652,0.01764798924284275,0.01412290515405947,High Volume / High Value
Vickan dress,4,5609,222.02754237288113,0.017644843433708552,0.025097897790254325,High Volume / High Value
R-NECK LS SLIM FIT,25,5603,87.29242372881345,0.017625968578903372,0.009867497992343344,High Volume / High Value
Tulum Tie Brief,3,5603,76.20354237288117,0.017625968578903372,0.0086140156184672,High Volume / High Value
20p terrys,3,5600,8.657593220338804,0.017616531151500785,0.000978650609881281,High Volume / Lower Value
Carla cropped parka,6,5599,363.8342372881354,0.017613385342366585,0.04112766552501415,High Volume / High Value
Husky,6,5596,229.7342033898302,0.017603947914964,0.025969055433312353,High Volume / High Value
Timeless Roundneck Swimsuit,4,5594,158.62730508474542,0.017597656296695602,0.017931162265779798,High Volume / High Value
Baby Love Triangle Top,2,5592,161.67894915254226,0.017591364678427212,0.018276118797240982,High Volume / High Value
Knot aliceband,32,5590,68.59294915254216,0.01758507306015882,0.007753717437773555,High Volume / High Value
MARY LS,6,5577,82.8894067796607,0.01754417754141426,0.009369782852241472,High Volume / High Value
Beata aliceband,13,5571,72.06074576271166,0.017525302686609085,0.008145715673439542,High Volume / High Value
Charlotte Unpadded Wire,4,5566,135.0710338983048,0.0175095736409381,0.015268371513613134,High Volume / High Value
Maria,2,5559,220.82979661016918,0.017487552976998725,0.02496250512495711,High Volume / High Value
Mary LS,7,5553,81.83171186440649,0.017468678122193545,0.009250221474438443,High Volume / High Value
Push it Push Bra,2,5551,136.3413559322031,0.01746238650392515,0.015411968169355705,High Volume / High Value
Hubba Bubba push triangle,5,5542,94.17657627118618,0.01743407422171738,0.010645679631587097,High Volume / High Value
Margarita balboa,4,5535,147.8889661016948,0.017412053557778005,0.016717305050799307,High Volume / High Value
Biarritz,6,5534,134.20342372881325,0.01740890774864381,0.015170297233625321,High Volume / High Value
Ring Ring Brief,2,5533,100.20806779660982,0.017405761939509615,0.011327476836609698,High Volume / High Value
Peacock,4,5533,158.3800847457624,0.017405761939509615,0.017903216585108128,High Volume / High Value
Liliana,3,5533,184.05615254237244,0.017405761939509615,0.020805628233356275,High Volume / High Value
Snipe LS,7,5523,80.46274576271172,0.017374303848167648,0.009095474135745858,High Volume / High Value
Cornelia Bandeau LP,4,5519,54.61362711864379,0.01736172061163086,0.006173500894212493,High Volume / Lower Value
Inga 7p Ct Hipster,4,5519,133.42293220338956,0.01736172061163086,0.0150820708076518,High Volume / High Value
Jen Bermuda Shorts,5,5517,178.83467796610145,0.017355428993362468,0.020215394995492596,High Volume / High Value
Himla top,4,5515,81.81449152542358,0.017349137375094074,0.009248274894734468,High Volume / High Value
Truffle Dress,4,5510,220.04415254237267,0.01733340832942309,0.024873696257812328,High Volume / High Value
Nihon summer slacks,6,5509,197.50915254237256,0.017330262520288894,0.02232634956082675,High Volume / High Value
Danderyd polo,4,5506,131.3414406779658,0.017320825092886304,0.014846779901856743,High Volume / High Value
Grace PU,3,5501,157.56035593220304,0.017305096047215324,0.01781055479297836,High Volume / High Value
Shake it in shape swimsuit,3,5501,261.09344067796576,0.017305096047215324,0.029513890113850125,High Volume / High Value
Mimmi new,15,5495,79.69469491525409,0.017286221192410144,0.009008653998652975,High Volume / High Value
Freud,4,5494,171.08469491525386,0.017283075383275948,0.01933934024837608,High Volume / High Value
Yate,35,5491,206.39489830508452,0.017273637955873358,0.023330790435861042,High Volume / High Value
Lady,6,5487,153.8501355932202,0.01726105471933657,0.017391153083388983,High Volume / High Value
Gloss,5,5486,125.66564406779634,0.017257908910202378,0.014205190296901024,High Volume / High Value
Pez trouser,3,5469,131.54086440677938,0.01720443015492103,0.014869322674294897,High Volume / High Value
Lively X,2,5465,155.35430508474542,0.017191846918384247,0.01756118375505276,High Volume / High Value
Sigge sneaker sock 5p.,20,5459,54.353067796609885,0.017172972063579067,0.006144047380640189,High Volume / Lower Value
Gladiator henley,5,5456,162.53713559322,0.017163534636176477,0.01837312782298131,High Volume / High Value
Embrace Slim HW Ankle,5,5454,347.64155932203363,0.017157243017908084,0.039297252179893216,High Volume / High Value
Polly strap dress,3,5450,141.49154237288107,0.017144659781371297,0.01599414302706686,High Volume / High Value
FRAME Easy Iron TVP,20,5449,128.39433898305057,0.017141513972237104,0.014513640795212727,High Volume / High Value
Kiruna Polo Neck,6,5447,136.8232033898302,0.017135222353968707,0.01546643599849426,High Volume / High Value
HAVANA TIGHTS,8,5447,198.0329322033896,0.017135222353968707,0.02238555738818153,High Volume / High Value
Ellen 2pk ct rio wireless,5,5431,156.8921016949151,0.017084889407821564,0.017735015621729102,High Volume / High Value
Papillon Funnelneck 1,4,5431,236.84242372881323,0.017084889407821564,0.026772565599806876,High Volume / High Value
Ellen Shortie Daisy Low 3p,8,5430,107.73794915254201,0.017081743598687367,0.012178651382903333,High Volume / High Value
DOMINIC SWEATPANT,9,5413,131.7945423728811,0.017028264843406027,0.014897998322355567,High Volume / High Value
Mist Conscious Rib Tank,4,5411,112.3048983050844,0.017021973225137634,0.012694897348691211,High Volume / High Value
Harper dress w,6,5408,94.1012542372879,0.017012535797735043,0.010637165261307042,High Volume / High Value
Shake it in Balconette_,10,5407,81.6813050847455,0.017009389988600847,0.009233219556827009,High Volume / High Value
Ilse padded softbra,5,5398,115.7138305084742,0.016981077706393077,0.013080241577160381,High Volume / High Value
Molly longsleeve,3,5398,75.46023728813543,0.016981077706393077,0.008529992731736354,High Volume / High Value
CL EMB SMOCK TOP,3,5394,115.66923728813538,0.016968494469856293,0.01307520077873402,High Volume / High Value
Titti,6,5393,197.7127288135591,0.016965348660722093,0.022349361734866763,High Volume / High Value
Inga 7p Ct Thong,1,5388,131.36566101694888,0.01694961961505111,0.01484951775854671,High Volume / High Value
Flounce,6,5384,186.46674576271164,0.016937036378514323,0.021078120653041515,High Volume / High Value
John sunglasses,4,5383,64.45994915254215,0.01693389056938013,0.0072865248973412785,High Volume / High Value
Tahiti shirt dress,4,5369,149.09298305084712,0.016889849241501376,0.016853406608311524,High Volume / High Value
MUFFY v-neck knot tee,4,5367,102.68630508474541,0.016883557623232983,0.011607615712592776,High Volume / High Value
Shelley,5,5365,214.75735593220307,0.01687726600496459,0.024276079045362803,High Volume / High Value
Buzz strappy padded abeline,4,5364,154.96227118644055,0.016874120195830393,0.01751686841198849,High Volume / High Value
Daybyday HW,5,5362,145.28847457627097,0.016867828577562,0.016423346608472823,High Volume / High Value
Lola Denim Shorts,5,5359,189.85361016949128,0.01685839115015941,0.02146097034728372,High Volume / High Value
Zoo dress w,7,5359,109.55479661016922,0.01685839115015941,0.012384027037223869,High Volume / High Value
PRICE CREW,9,5353,120.18783050847432,0.016839516295354233,0.013585980610766494,High Volume / High Value
TUXEDO pant,17,5346,111.12561016949117,0.016817495631414856,0.012561591125616101,High Volume / High Value
Jennifer trouser,4,5343,128.70544067796584,0.016808058204012266,0.014548807596853243,High Volume / High Value
Sandrine,4,5342,129.9592203389828,0.01680491239487807,0.014690534309888044,High Volume / High Value
Nora dress(1),5,5328,129.65061016949124,0.016760871066999316,0.014655649149208635,High Volume / High Value
Bellora,4,5324,187.17103389830484,0.016748287830462533,0.021157733080639896,High Volume / High Value
Boy Denim Shorts,4,5323,159.1998474576269,0.016745142021328336,0.017995882209087714,High Volume / High Value
Kamchatka,4,5321,124.2778305084743,0.01673885040305994,0.014048312449713505,High Volume / High Value
Marita,4,5313,468.4959999999998,0.01671368392998637,0.05295858611719319,High Volume / High Value
Friend,8,5312,89.19383050847429,0.016710538120852172,0.010082432196017408,High Volume / High Value
Syrup ISW 19,7,5309,73.46505084745739,0.016701100693449582,0.008304457715560112,High Volume / High Value
Julia Denim RW TRS,1,5309,159.45116949152506,0.016701100693449582,0.018024291543586504,High Volume / High Value
Lake,6,5304,205.16557627118615,0.0166853716477786,0.023191828402464875,High Volume / High Value
Peggy polo,3,5304,97.11157627118612,0.0166853716477786,0.010977450767848578,High Volume / High Value
Lotus,6,5301,173.12903389830478,0.01667593422037601,0.01957043144677828,High Volume / High Value
Dionne Jacquard Sweater,5,5297,131.02493220338965,0.016663350983839222,0.014811001920171386,High Volume / High Value
Lee longsleeve,10,5296,85.06257627118634,0.016660205174705026,0.00961543699585042,High Volume / High Value
La la land Bandeau,3,5287,104.53318644067771,0.01663189289249726,0.011816386385845866,High Volume / High Value
ALEXA COMPONENT BAG,7,5287,126.6247457627116,0.01663189289249726,0.014313606739528743,High Volume / High Value
David Kaftan,6,5284,84.69657627118634,0.016622455465094665,0.009574064513440981,High Volume / High Value
Chiba Dress,9,5283,180.3233559322031,0.016619309655960472,0.020383674511792765,High Volume / High Value
BONGO LS TVP,5,5276,69.84518644067765,0.016597288992021095,0.007895269801641942,High Volume / High Value
Jerry Jogger,13,5274,165.2144576271183,0.016590997373752702,0.01867577115290443,High Volume / High Value
HONEY seamless bra,6,5273,149.14791525423715,0.016587851564618505,0.01685961612093028,High Volume / High Value
VICTOR 3PK SLIM VN T-SHIRT,2,5264,167.81299999999965,0.01655953928241074,0.01896950926386677,High Volume / High Value
Carmencita ss dress j,3,5263,127.67635593220312,0.01655639347327654,0.014432480300290701,High Volume / High Value
Frida Printed Sweater,7,5255,103.67408474576243,0.016531227000202965,0.011719273900160613,High Volume / High Value
Vivian wrap Dress,4,5252,166.57484745762676,0.01652178957280038,0.018829549033594843,High Volume / High Value
Vermont fancy slacks,9,5247,226.19308474576243,0.016506060527129395,0.025568768906505165,High Volume / High Value
Furby Roll Neck,3,5246,129.0101864406777,0.0165029147179952,0.01458325592665419,High Volume / High Value
Beetle beanie new,18,5244,65.74884745762692,0.016496623099726805,0.007432221406780283,High Volume / High Value
Flysta,4,5242,83.25350847457617,0.016490331481458412,0.009410940751061518,High Volume / High Value
SULIMA jkt,15,5233,307.5523389830506,0.01646201919925064,0.034765583974202735,High Volume / High Value
Simple as that Padded Swimsuit,3,5228,204.2919661016947,0.01644629015357966,0.023093075885060526,High Volume / High Value
Porsche dress,4,5219,189.2552372881354,0.01641797787137189,0.021393330534419833,High Volume / High Value
Asher,3,5213,147.21855932203377,0.01639910301656671,0.016641522557087025,High Volume / High Value
Dolly hood,6,5207,149.96184745762687,0.01638022816176153,0.016951622666742352,High Volume / High Value
Tawny sweater dress,5,5206,125.49374576271158,0.016377082352627338,0.014185758986509412,High Volume / High Value
Jennifer long,5,5199,311.5862203389828,0.016355061688687958,0.03522157218578763,High Volume / High Value
Nova,16,5195,145.52308474576236,0.016342478452151175,0.016449866841014786,High Volume / High Value
FIG TANK,7,5194,65.98857627118625,0.016339332643016978,0.007459320248643723,High Volume / High Value
Sara LL PJ (J),5,5192,153.9548813559319,0.01633304102474858,0.017402993499304974,High Volume / High Value
Long leggings 2-pack,1,5192,129.21661016949128,0.01633304102474858,0.01460658997607832,High Volume / High Value
ESSENTIAL SIGNE BOAT NECK,4,5189,112.70208474576245,0.016323603597345995,0.012739795132926788,High Volume / High Value
ED Hotpants,4,5189,136.832661016949,0.016323603597345995,0.015467505084591545,High Volume / High Value
Essential Lova Linen v neck,7,5187,124.8779830508472,0.0163173119790776,0.014116153434692476,High Volume / High Value
Vintage Slim Ankle H.W,3,5186,253.44179661016915,0.016314166169943405,0.028648951563035353,High Volume / High Value
MARTINI TEE,24,5186,72.40352542372865,0.016314166169943405,0.008184463338728446,High Volume / High Value
carly v-neck(1),7,5184,125.10052542372854,0.01630787455167501,0.014141309528701733,High Volume / High Value
Stefania straples superpush,3,5180,189.29088135593196,0.016295291315138224,0.021397359724496103,High Volume / High Value
Izzy loose tee,6,5179,129.19818644067772,0.016292145506004028,0.014604507365706038,High Volume / High Value
Ocean,10,5177,245.1347627118641,0.016285853887735634,0.02770992802797458,High Volume / High Value
&DENIM Skinny HW Ancle Vanessa,3,5166,252.81337288135563,0.01625124998725947,0.02857791481531401,High Volume / High Value
Effie LS,6,5159,73.96640677966087,0.016229229323320098,0.008361130774264912,High Volume / High Value
1p Shaftless,19,5154,17.686474576270992,0.016213500277649114,0.0019992714707425373,High Volume / Lower Value
Nord tee,9,5144,104.42669491525398,0.016182042186307147,0.011804348629664587,High Volume / High Value
Timeless Thong,1,5143,66.72884745762694,0.016178896377172954,0.00754300018481649,High Volume / High Value
ES Agnes LS R-neck,8,5141,70.15806779661001,0.016172604758904557,0.007930637775397553,High Volume / High Value
Buzz SP Bralette,5,5140,152.47091525423696,0.01616945894977036,0.017235246610128534,High Volume / High Value
Maggie high support,3,5128,247.32718644067768,0.016131709240160004,0.027957758662276157,High Volume / High Value
AMY TSHIRT,10,5127,77.4311355932202,0.016128563431025807,0.008752782227523003,High Volume / High Value
SULIMA  jkt,8,5126,318.6140508474574,0.01612541762189161,0.03601599512045535,High Volume / High Value
EVA eyelet belt (W),4,5109,80.80515254237277,0.01607193886661027,0.009134179650686842,High Volume / High Value
Ophelia Brazilian Anemon,5,5092,47.750271186440386,0.016018460111328927,0.005397670094827774,High Volume / Lower Value
Superskinny (D),8,5086,251.82683050847427,0.015999585256523747,0.028466396490264282,High Volume / High Value
ED Marcie dress,4,5085,122.0331355932201,0.01599643944738955,0.013794573103003362,High Volume / High Value
Vintage Shorts HW Mila,5,5075,112.47228813559302,0.015964981356047583,0.01271381902305798,High Volume / High Value
Stevie strapless superpush,4,5073,149.4558305084742,0.015958689737779194,0.016894422728688536,High Volume / High Value
ESSENTIAL FIONA LACE TANK,3,5064,77.23399999999988,0.015930377455571423,0.008730498104947096,High Volume / High Value
Nero,2,5063,91.41542372881322,0.015927231646437227,0.010333560137081348,High Volume / High Value
Olivia dress,12,5058,278.0078474576269,0.015911502600766243,0.031425887373297205,High Volume / High Value
April,7,5054,188.97769491525392,0.015898919364229457,0.021361957264092204,High Volume / High Value
Pinsher,5,5051,89.88889830508451,0.01588948193682687,0.0101610023604672,High Volume / High Value
NORA shorts,11,5045,142.76930508474564,0.015870607082021686,0.016138580773842965,High Volume / High Value
2- PACK,6,5043,71.14940677966086,0.015864315463753297,0.008042698307195537,High Volume / High Value
Kendrick Push Melbourne Strap,4,5040,108.76420338983029,0.015854878036350706,0.01229465872000667,High Volume / High Value
Jolien strap tank,7,5036,117.71894915254211,0.01584229479981392,0.013306899325331252,High Volume / High Value
Sunset HW utility,4,5036,143.20376271186404,0.01584229479981392,0.016187691676945705,High Volume / High Value
Hayes slim,6,5034,200.38872881355914,0.015836003181545526,0.022651855622647255,High Volume / High Value
Salmon basic denim,5,5029,198.6110338983049,0.015820274135874543,0.022450905754858443,High Volume / High Value
Hudson shorts TVP,5,5027,153.8838644067793,0.01581398251760615,0.017394965773950912,High Volume / High Value
Nika vest,2,5021,165.725355932203,0.015795107662800973,0.018733522877331012,High Volume / High Value
Spanx alot shape Swimsuit,1,5017,246.13959322033867,0.015782524426264186,0.027823513635997343,High Volume / High Value
Lotta tank,6,5017,64.88608474576253,0.015782524426264186,0.007334695081315447,High Volume / High Value
Valerie Wide Leg trousers,5,5014,64.77398305084729,0.015773086998861596,0.00732202315399045,High Volume / High Value
Carla longleg,2,5010,128.5817118644065,0.01576050376232481,0.014534821345043065,High Volume / High Value
Acai seamless bra CONSCIOUS,6,5010,120.13274576271162,0.01576050376232481,0.01357975385482361,High Volume / High Value
Dallas ISW 31,7,5004,104.13049152542347,0.01574162890751963,0.01177086592601601,High Volume / High Value
Perrie Fancy Denim TRS,4,4997,241.70974576271158,0.015719608243580253,0.02732276558677009,High Volume / High Value
Kelly Strapless (Sofia) 2pk,3,4997,132.30872881355916,0.015719608243580253,0.014956121736213834,High Volume / High Value
Malena Dress,5,4996,206.54377966101669,0.015716462434446056,0.023347619920230978,High Volume / High Value
Jordan,14,4995,75.81974576271173,0.01571331662531186,0.00857063141490699,High Volume / High Value
Danny Top,2,4994,98.10352542372857,0.015710170816177663,0.01108958027294317,High Volume / High Value
Christina mid,3,4993,187.84728813559303,0.015707025007043466,0.02123417656844458,High Volume / High Value
CA Gustavsberg TVP,4,4992,200.59532203389813,0.01570387919790927,0.022675208831320435,High Volume / High Value
Frenchy push balboa,2,4990,160.13120338983018,0.015697587579640876,0.01810116228264511,High Volume / High Value
PIXI TSHIRT DRESS,4,4988,110.9687457627116,0.015691295961372486,0.012543859240615678,High Volume / High Value
Don Vito moulded triangle,6,4988,72.7013389830506,0.015691295961372486,0.008218128055243036,High Volume / High Value
Maja  SS,8,4984,67.50247457627103,0.0156787127248357,0.007630450661203286,High Volume / High Value
Cilantro,3,4983,160.4934576271183,0.015675566915701503,0.01814211134565043,High Volume / High Value
Vecchio HW palazzo pants,3,4980,167.31577966101673,0.015666129488298913,0.01891330369083894,High Volume / High Value
Nicky,3,4980,153.51503389830475,0.015666129488298913,0.017353273332082256,High Volume / High Value
Bunny Button Tank,6,4973,44.47696610169466,0.015644108824359536,0.005027657097452443,High Volume / Lower Value
Time for Tie Triangle Top,2,4973,128.9779322033897,0.015644108824359536,0.014579609921559038,High Volume / High Value
Alisha Blouse,2,4971,152.37016949152508,0.015637817206091142,0.01722385835249022,High Volume / High Value
Sandy HW wide full,4,4971,262.84291525423714,0.015637817206091142,0.029711649966671295,High Volume / High Value
KELLY SHIRT S.0,7,4965,69.61569491525408,0.015618942351285962,0.007869328178421444,High Volume / High Value
Cayenne balconette,4,4959,111.26457627118619,0.015600067496480784,0.012577299793916334,High Volume / High Value
20 den 1p Stockings,2,4957,34.28586440677935,0.015593775878212389,0.0038756593498959096,High Volume / Lower Value
Clarence back detail Melbourne,5,4951,135.06638983050834,0.01557490102340721,0.015267846550189043,High Volume / High Value
R-NECK SS BASIC FIT,10,4944,50.206372881355676,0.015552880359467834,0.005675306772884269,High Volume / Lower Value
CSP Jules top,2,4941,132.89298305084714,0.015543442932065245,0.015022165583631421,High Volume / High Value
Julia RW Denim TRS,2,4940,133.9334067796607,0.015540297122931047,0.015139774633955744,High Volume / High Value
Coachella Push Melbourne,4,4925,112.61233898305062,0.0154931099859181,0.012729650310552152,High Volume / High Value
Zabrina midi dress,4,4918,119.09605084745738,0.015471089321978724,0.013462566307978496,High Volume / High Value
Timeless Push Triangle,3,4916,98.20150847457603,0.015464797703710332,0.011100656234821885,High Volume / High Value
Alex shorts,6,4912,63.844542372881186,0.015452214467173545,0.007216959579947362,High Volume / High Value
Rachel Scarf,7,4910,87.18944067796583,0.015445922848905152,0.009855856832617488,High Volume / High Value
Nemo sequin,4,4909,153.57672881355901,0.015442777039770955,0.01736024729873829,High Volume / High Value
Peanut,4,4907,110.56811864406754,0.01543648542150256,0.012498572523624294,High Volume / High Value
Kriss kross sandal,9,4906,71.85754237288123,0.015433339612368365,0.008122745649747472,High Volume / High Value
Love Shack Top,3,4899,134.56618644067785,0.01541131894842899,0.015211303774377832,High Volume / High Value
Dinara,2,4898,207.59542372881327,0.015408173139294792,0.023466497312842744,High Volume / High Value
Violet Thong Malva Low,5,4897,42.27693220338957,0.015405027330160597,0.004778966212868297,High Volume / Lower Value
Control Top 15 den 1p Tights,2,4896,59.623898305084566,0.0154018815210264,0.0067398597918287275,High Volume / Lower Value
NORWAY fleece jacket (1),4,4895,217.03047457627093,0.015398735711892203,0.024533031398139483,High Volume / High Value
Ariel,9,4893,85.81893220338961,0.01539244409362381,0.009700935144758492,High Volume / High Value
Sorrento Highwaist,2,4891,117.693288135593,0.015386152475355418,0.013303998615024326,High Volume / High Value
Lillibeth jumper,6,4891,91.8954067796607,0.015386152475355418,0.010387817214480299,High Volume / High Value
First Night Playsuit,8,4887,317.84105084745744,0.015373569238818632,0.03592861553329007,High Volume / High Value
Lily Thong (Malva) 3pk,3,4885,61.50967796610151,0.015367277620550237,0.006953027512739936,High Volume / High Value
Quick Fix,7,4884,133.28345762711828,0.015364131811416042,0.015066304661604402,High Volume / High Value
Kai jumper,4,4880,158.03388135593184,0.015351548574879255,0.01786408190298831,High Volume / High Value
Strap top 2p,3,4879,77.74064406779651,0.015348402765745058,0.008787768932222405,High Volume / High Value
Sporty Spice PRICE Swimsuit,3,4872,75.56008474576261,0.015326382101805681,0.00854127944535468,High Volume / High Value
Ivy shorts TVP,4,4870,121.22503389830493,0.01532009048353729,0.013703225635358784,High Volume / High Value
Fantastic dress,4,4869,272.3527966101694,0.015316944674403091,0.030786642860425838,High Volume / High Value
Veronica dress,3,4869,147.5687457627115,0.015316944674403091,0.016681107481559605,High Volume / High Value
Bonus(1),2,4857,145.78237288135563,0.015279194964792731,0.01647917666021918,High Volume / High Value
Nikki,8,4857,278.51379661016927,0.015279194964792731,0.03148307964765139,High Volume / High Value
Fred Shortie 3 pack,2,4843,57.7070338983049,0.015235153636913981,0.006523178264640825,High Volume / Lower Value
Bird ss,6,4839,68.48313559322021,0.015222570400377194,0.007741304160310808,High Volume / High Value
Romana,4,4828,167.64281355932184,0.015187966499901034,0.018950271461890628,High Volume / High Value
Jupiter,7,4826,121.23406779660986,0.01518167488163264,0.0137042468233334,High Volume / High Value
GOSSIP CONSCIOUS TANK TOP,4,4825,68.15140677966087,0.015178529072498444,0.007703805678060296,High Volume / High Value
Woody (1),9,4821,134.5681525423726,0.015165945835961658,0.015211526021666847,High Volume / High Value
Bobby skirt,3,4816,155.8091694915252,0.015150216790290674,0.01761260143174177,High Volume / High Value
Tiger Top,3,4815,103.19949152542351,0.015147070981156476,0.011665626086881622,High Volume / High Value
Savannah wrap tank,5,4814,75.87720338983041,0.015143925172022281,0.00857712640033665,High Volume / High Value
Mini Flare H.W Bronx,6,4812,147.23703389830476,0.015137633553753888,0.016643610915234003,High Volume / High Value
Eucalyptus CF,5,4812,126.16089830508446,0.015137633553753888,0.014261173622639832,High Volume / High Value
Amalfi Blouse RTW,4,4812,135.74684745762684,0.015137633553753888,0.015344765187370268,High Volume / High Value
Suraiya dress,4,4809,265.65401694915244,0.015128196126351297,0.03002941569187356,High Volume / High Value
90s l/s top,2,4808,94.73964406779638,0.015125050317217103,0.010709328572872826,High Volume / High Value
Eliza linen slack,3,4806,153.2049999999998,0.015118758698948707,0.017318227233710806,High Volume / High Value
Patricia,3,4804,113.43764406779637,0.015112467080680316,0.012822942441975826,High Volume / High Value
Minja Polo,3,4801,118.55461016949128,0.015103029653277726,0.013401362086872193,High Volume / High Value
RA RW shorts,3,4795,73.2445593220338,0.015084154798472547,0.008279533448464434,High Volume / High Value
BRIDGET Sweater,9,4793,137.7354915254234,0.015077863180204152,0.015569560656532975,High Volume / High Value
Patty flip-flop,5,4787,50.94698305084722,0.015058988325398974,0.005759025027555146,High Volume / Lower Value
Winona,9,4785,204.43599999999986,0.015052696707130579,0.0231093574149075,High Volume / High Value
Sara s/s 2-pack,9,4784,105.43849152542349,0.015049550897996384,0.011918721682823517,High Volume / High Value
Monaco,5,4774,110.38172881355909,0.015018092806654419,0.012477503097438477,High Volume / High Value
Ginger body,3,4773,75.02098305084735,0.01501494699752022,0.008480339621885335,High Volume / High Value
Runar sweater,10,4770,115.94674576271163,0.015005509570117632,0.013106570217211825,High Volume / High Value
Johnny top,8,4767,35.56605084745731,0.014996072142715042,0.004020371073933483,High Volume / Lower Value
STRONG seamless HW tights,4,4766,191.83420338983035,0.014992926333580845,0.021684855752116323,High Volume / High Value
New Girl Push Top - opt2,2,4764,128.84259322033884,0.014986634715312452,0.01456431126118859,High Volume / High Value
Haze Polo,4,4763,38.74281355932173,0.014983488906178255,0.004379470963047072,High Volume / Lower Value
Spice Girl 3pk hipster,7,4763,99.7722033898302,0.014983488906178255,0.01127820691173978,High Volume / High Value
Kahl denim skirt,3,4754,152.79784745762692,0.014955176623970487,0.0172722028856308,High Volume / High Value
Oliva Pull on Shorts,4,4751,109.82372881355909,0.014945739196567897,0.012414427017699495,High Volume / High Value
Evie padded softbra 2p,5,4750,137.99393220338973,0.0149425933874337,0.015598774679492113,High Volume / High Value
Basic Gigi necklace,3,4741,47.51999999999977,0.014914281105225932,0.0053716403390616126,High Volume / Lower Value
Liza Padded (Idro) 2pk,7,4741,133.29503389830495,0.014914281105225932,0.015067613238314887,High Volume / High Value
Boulevard tee TVP,4,4741,58.60776271186422,0.014914281105225932,0.006624996261893989,High Volume / Lower Value
AVRIL DRESS,3,4740,93.1814406779659,0.014911135296091735,0.010533189932610284,High Volume / High Value
Cilantro Dress_,3,4739,144.26657627118612,0.014907989486957537,0.016307831664070203,High Volume / High Value
Mimoza,3,4735,194.03799999999973,0.01489540625042075,0.021933971972029478,High Volume / High Value
LS Olivia Cheeky Tanga,1,4732,108.91076271186418,0.014885968823018163,0.012311225722664559,High Volume / High Value
Solange 5pkt TVP RW TVP,4,4729,154.0895762711861,0.014876531395615573,0.017418219354529006,High Volume / High Value
Jackie,3,4729,108.84028813559297,0.014876531395615573,0.012303259306907472,High Volume / High Value
Samantha padded soft bralette,5,4725,114.94398305084722,0.014863948159078787,0.012993218352027531,High Volume / High Value
Charlotte SP Straps Andes,3,4719,125.87281355932177,0.014845073304273608,0.014228608647020994,High Volume / High Value
Moa 2-pack,11,4717,110.23881355932181,0.014838781686005213,0.012461348018635274,High Volume / High Value
Tina leggings,1,4709,70.9915254237287,0.01481361521293164,0.008024851466700778,High Volume / High Value
Lola Lace-Up,5,4703,135.52955932203366,0.014794740358126463,0.015320203030081721,High Volume / High Value
Lizzie.,6,4701,59.397169491525254,0.014788448739858068,0.006714230464367811,High Volume / Lower Value
Whitney tee,4,4694,73.92116949152532,0.014766428075918693,0.00835601717069213,High Volume / High Value
ballet,5,4690,126.60386440677938,0.014753844839381908,0.014311246320045164,High Volume / High Value
Yen.,6,4688,78.53438983050826,0.014747553221113513,0.008877493611472019,High Volume / High Value
Jax Hipster (Poppy) 3p,10,4684,94.46593220338951,0.014734969984576726,0.010678388301573843,High Volume / High Value
Taho top,4,4675,101.81844067796588,0.014706657702368958,0.011509512693731398,High Volume / High Value
Elle(1),3,4665,139.30971186440644,0.014675199611026993,0.015747509845831217,High Volume / High Value
Disa,4,4660,71.77110169491496,0.014659470565356011,0.008112974432729386,High Volume / High Value
Ariel hip belt (1),3,4660,43.02320338983024,0.014659470565356011,0.004863324386457609,High Volume / Lower Value
Mimosa soft top bea pad,4,4659,74.37794915254213,0.014656324756221813,0.008407651346895428,High Volume / High Value
Portofino ISW 28,6,4657,88.31376271186417,0.01465003313795342,0.009982949711224057,High Volume / High Value
Bagira Padded Soft Bra Mia,5,4651,73.58805084745752,0.01463115828314824,0.008318361582599366,High Volume / High Value
LS Olivia Triangle Top,1,4651,130.80642372881346,0.01463115828314824,0.014786301816289645,High Volume / High Value
Rollerneck Blenheim TVP,10,4647,278.50299999999976,0.014618575046611453,0.03148185920348658,High Volume / High Value
Skinny Cheapo 89,4,4641,74.65549152542364,0.014599700191806274,0.008439024617223062,High Volume / High Value
Lucky tee,6,4640,57.93901694915236,0.01459655438267208,0.006549401528822449,High Volume / Lower Value
Space jegging,5,4636,77.88876271186422,0.014583971146135292,0.008804512199971587,High Volume / High Value
Danny Push up bra,2,4634,97.26716949152521,0.014577679527866897,0.01099503895848111,High Volume / High Value
Thelma,5,4627,73.08454237288126,0.014555658863927524,0.008261445201431577,High Volume / High Value
FLORIDA tights,8,4626,201.12283050847432,0.014552513054793326,0.022734838162154408,High Volume / High Value
Britney,9,4626,141.88006779660986,0.014552513054793326,0.01603806177367571,High Volume / High Value
Greta Hipster Ch. (Poppy) L 3p,9,4622,86.1870338983048,0.014539929818256539,0.009742545201856207,High Volume / High Value
Harper strap dress,4,4618,73.74850847457606,0.014527346581719752,0.008336499643679753,High Volume / High Value
Esmeralda,4,4616,125.67693220338954,0.01452105496345136,0.014206466302888089,High Volume / High Value
Freddy,3,4614,149.05025423728793,0.014514763345182969,0.016848576561624765,High Volume / High Value
Hubba Bubba V shape brief,4,4610,53.800152542372686,0.014502180108646182,0.006081546078372868,High Volume / Lower Value
Valentino,6,4606,62.86538983050833,0.014489596872109396,0.007106276598156437,High Volume / High Value
LINNIE TEE OL,7,4605,74.31279661016939,0.014486451062975197,0.00840028653155869,High Volume / High Value
Cava Dress (1),4,4600,184.27477966101677,0.014470722017304215,0.020830341748712393,High Volume / High Value
Inca boot,4,4598,190.20706779660992,0.014464430399035822,0.021500925045263086,High Volume / High Value
Skirt Mini Bea (1),4,4596,140.21189830508445,0.014458138780767429,0.01584949261262626,High Volume / High Value
Iris wrap LS,7,4596,74.58708474576262,0.014458138780767429,0.008431291944304451,High Volume / High Value
Liza Strapless Sofia 2pk,2,4591,130.46416949152533,0.014442409735096445,0.014747613544672817,High Volume / High Value
Aruba denim jacket,8,4591,125.00481355932182,0.014442409735096445,0.014130490300760362,High Volume / High Value
Tropicana Tie Tanga,4,4589,69.79249152542361,0.014436118116828054,0.007889313191110754,High Volume / High Value
Evie push 2p,3,4584,129.30571186440667,0.014420389071157069,0.014616661993306567,High Volume / High Value
Holly Push Bralette w. Straps,2,4584,138.56076271186413,0.014420389071157069,0.01566284895610684,High Volume / High Value
Mocca RW slacks,2,4582,144.68430508474555,0.014414097452888677,0.01635505154929125,High Volume / High Value
Denize cord,4,4581,138.12361016949123,0.014410951643754482,0.015613433420944099,High Volume / High Value
Super Skinny H.W Star,5,4574,147.32738983050814,0.014388930979815105,0.01665382471090524,High Volume / High Value
Carla parka,7,4566,281.3389322033896,0.014363764506741532,0.031802431758675406,High Volume / High Value
Ficus dress,4,4561,118.19898305084723,0.01434803546107055,0.013361162150504922,High Volume / High Value
daisy tee,7,4560,72.83035593220329,0.014344889651936353,0.008232712075623745,High Volume / High Value
Mary DTP,6,4559,145.340322033898,0.014341743842802155,0.016429207422758746,High Volume / High Value
Tanya mock neck L/S,4,4557,66.3534915254236,0.014335452224533763,0.007500570111859219,High Volume / High Value
Molly LS (1),6,4555,61.98269491525402,0.014329160606265368,0.00700649714500272,High Volume / High Value
Vintage Shorts HW Skyler,4,4554,116.75289830508453,0.014326014797131172,0.013197697353492282,High Volume / High Value
Jens,4,4553,140.80672881355903,0.014322868987996977,0.0159167319971849,High Volume / High Value
Cambridge dress,7,4545,140.08277966101673,0.014297702514923403,0.015834897096696145,High Volume / High Value
Buzz padded soft bra back det,4,4541,84.60747457627102,0.014285119278386618,0.009563992496212741,High Volume / High Value
Adhesive Bra,2,4531,109.00157627118621,0.014253661187044653,0.012321491248308244,High Volume / High Value
Ocasio flip flop,4,4529,36.25571186440649,0.014247369568776258,0.004098330058338417,High Volume / Lower Value
Charlotte Push Melbourne LP,4,4527,73.62766101694908,0.014241077950507866,0.008322839099103531,High Volume / High Value
Haag Cardigan,7,4520,168.11132203389812,0.01421905728656849,0.01900323145812855,High Volume / High Value
Demi l/s,4,4519,68.90567796610148,0.014215911477434293,0.007789068168204997,High Volume / High Value
Alexis padded softbra,5,4518,110.16816949152519,0.014212765668300098,0.012453362443629136,High Volume / High Value
Heart,3,4513,115.46077966101669,0.014197036622629113,0.01305163681832123,High Volume / High Value
Kim Sl-set (W),4,4508,145.79630508474543,0.01418130757695813,0.0164807515504915,High Volume / High Value
Woody hoodie,2,4506,147.5574915254234,0.014175015958689738,0.016679835307422352,High Volume / High Value
Alexis wireless push fargo,5,4503,130.69352542372872,0.014165578531287148,0.014773539840494086,High Volume / High Value
Picasso,7,4484,111.28615254237268,0.014105808157737414,0.012579738766321045,High Volume / High Value
Nevada,5,4482,119.96694915254209,0.01409951653946902,0.013561012277397972,High Volume / High Value
Theron (1),15,4481,141.63328813559292,0.014096370730334824,0.01601016590705158,High Volume / High Value
Rachel or Merry HW Denim TRS,4,4479,179.7253898305083,0.01409007911206643,0.020316080681126617,High Volume / High Value
Chilli shorts,6,4475,25.04242372881326,0.014077495875529642,0.002830784795655886,High Volume / Lower Value
Dress Safari,6,4473,215.21199999999973,0.01407120425726125,0.02432747181502803,High Volume / High Value
Ciao blouse,3,4473,158.42447457627102,0.01407120425726125,0.01790823439243566,High Volume / High Value
Cardamom Balconette,5,4471,65.03344067796598,0.014064912638992857,0.007351352132443901,High Volume / High Value
Teddy,10,4468,147.00861016949122,0.01405547521159027,0.016617789995282538,High Volume / High Value
Soller RW wide cropped,3,4466,96.70833898305064,0.014049183593321874,0.01093186899842176,High Volume / High Value
Becca denim,2,4466,112.67886440677947,0.014049183593321874,0.012737170315806257,High Volume / High Value
Lyon Long Top,2,4465,109.16493220338961,0.01404603778418768,0.012339956932547486,High Volume / High Value
Blake,11,4462,128.8435932203387,0.014036600356785087,0.014564424300758,High Volume / High Value
Ginger,4,4455,76.21074576271158,0.014014579692845714,0.008614829886552029,High Volume / High Value
Eliza RW linen slack,3,4453,198.8885423728811,0.014008288074577319,0.02248227519333624,High Volume / High Value
Knot Bitter Swimsuit,4,4440,177.04147457627093,0.013967392555832764,0.020012692056415246,High Volume / High Value
Camille,5,4438,73.71783050847446,0.013961100937564372,0.008333031819600803,High Volume / High Value
CITRINE DRESS,3,4438,98.85966101694895,0.013961100937564372,0.01117505351482749,High Volume / High Value
Corrine,4,4437,91.19896610169467,0.013957955128430174,0.010309091860113175,High Volume / High Value
Nira tee,4,4430,19.73289830508454,0.013935934464490799,0.002230598327908105,High Volume / Lower Value
Titan Playsuit.,3,4427,86.88206779660999,0.013926497037088209,0.009821111534456195,High Volume / High Value
Alfred top,3,4427,71.59172881355923,0.013926497037088209,0.008092698199454466,High Volume / High Value
The Firm (1),3,4424,128.32676271186412,0.013917059609685619,0.014506002002614482,High Volume / High Value
Duffy,2,4420,217.668881355932,0.013904476373148832,0.024605196625630182,High Volume / High Value
Shake it in twist brief,2,4419,59.24850847457614,0.013901330564014637,0.006697425887021645,High Volume / Lower Value
Veronica seamless bra,2,4417,108.0345254237286,0.013895038945746244,0.012212176236899847,High Volume / High Value
Steam smock top,2,4415,80.52713559322015,0.01388874732747785,0.009102752734461862,High Volume / High Value
Inez Dress,10,4414,67.34213559322023,0.013885601518343654,0.00761232601159723,High Volume / High Value
Chinchilla,5,4412,199.99399999999974,0.01387930990007526,0.02260723564752298,High Volume / High Value
Cassis,4,4412,219.28789830508452,0.01387930990007526,0.02478820960445367,High Volume / High Value
CSP VENUS,4,4411,66.04733898305058,0.013876164090941064,0.0074659627602910944,High Volume / High Value
Quinoa tank top,4,4405,72.24711864406773,0.013857289236135885,0.008166783183700472,High Volume / High Value
Emerald,4,4404,112.16838983050823,0.013854143427001687,0.0126794664895023,High Volume / High Value
Judy lace top,6,4403,142.70499999999967,0.01385099761786749,0.01613131175475146,High Volume / High Value
Astrid shirt,6,4401,107.23062711864384,0.013844705999599098,0.012121303918631822,High Volume / High Value
CLIMA  HW Hotpants,2,4400,86.4150338983048,0.0138415601904649,0.009768318223685039,High Volume / High Value
Dexter Zebra jaquard,3,4400,90.1665593220336,0.0138415601904649,0.01019238904226915,High Volume / High Value
Raven blazer,7,4397,271.6308474576269,0.013832122763062312,0.03070503403907591,High Volume / High Value
Coachella cotton brazilian 2p,4,4395,61.140406779660886,0.013825831144793918,0.00691128525682374,High Volume / High Value
BASIC HOOD,14,4393,121.61764406779642,0.013819539526525527,0.01374760611986986,High Volume / High Value
Janita,3,4393,178.79011864406758,0.013819539526525527,0.02021035802891603,High Volume / High Value
Billie high,2,4392,31.733338983050565,0.01381639371739133,0.003587122975052013,High Volume / Lower Value
Marielle sandalette,4,4391,139.36518644067766,0.013813247908257132,0.015753780668046932,High Volume / High Value
Margarita Pull- On Shorts,5,4388,44.86893220338962,0.013803810480854543,0.005071964776817119,High Volume / Lower Value
Tropicana Brazilian,4,4385,88.44481355932176,0.013794373053451953,0.009997763642593404,High Volume / High Value
Cardamom thong,5,4382,39.0786271186438,0.013784935626049363,0.004417431183199814,High Volume / Lower Value
Glossy Sandal,4,4380,83.66466101694895,0.013778644007780972,0.009457417257419208,High Volume / High Value
Kamikaze CF,9,4376,105.21132203389806,0.013766060771244185,0.011893042541315057,High Volume / High Value
Kennedy skinny stretch chinos,10,4376,175.70955932203375,0.013766060771244185,0.01986213292956609,High Volume / High Value
Xtina Cheeky Brief,3,4376,56.66261016949137,0.013766060771244185,0.0064051170560388065,High Volume / Lower Value
Lucie,4,4375,82.12861016949125,0.013762914962109988,0.009283782731008147,High Volume / High Value
Camille Cardigan,1,4373,81.61642372881336,0.013756623343841593,0.00922588539628875,High Volume / High Value
Vaughan sneaker,4,4372,64.38583050847431,0.013753477534707398,0.007278146557729507,High Volume / High Value
Day tote,2,4369,202.8135593220336,0.013744040107304808,0.02292595741925308,High Volume / High Value
Danny Cheeky Tie Brief,2,4365,61.70333898305072,0.013731456870768021,0.006974918870710223,High Volume / High Value
Tropicana Brazilian CON,2,4364,88.4417118644065,0.013728311061633825,0.009997413028335697,High Volume / High Value
Frenchy Tanga Th (Magn) 3p,6,4363,66.41952542372871,0.01372516525249963,0.007508034555291062,High Volume / High Value
Bongo LS,5,4362,51.7430338983048,0.013722019443365431,0.005849010272591917,High Volume / Lower Value
Cactus Coat,3,4358,206.8521525423727,0.013709436206828645,0.023382478257961716,High Volume / High Value
Olga LL PJ (J) BF,2,4357,95.77871186440662,0.013706290397694448,0.010826784349204718,High Volume / High Value
Bagira Push Melbourne,4,4355,102.36937288135572,0.013699998779426056,0.011571789832784785,High Volume / High Value
Raspberry,3,4353,77.70577966101676,0.013693707161157661,0.008783827874691775,High Volume / High Value
10pk basic R socks,2,4338,104.08699999999978,0.013646520024144715,0.011765949662708493,High Volume / High Value
Rib tank Umami,5,4337,67.57606779661008,0.013643374215010516,0.007638769607142989,High Volume / High Value
Vesper,3,4334,140.04386440677936,0.01363393678760793,0.0158304981331131,High Volume / High Value
Just for Life Top,2,4334,120.56983050847447,0.01363393678760793,0.013629161726286745,High Volume / High Value
Melrose linen,2,4334,168.02688135593206,0.01363393678760793,0.01899368632024934,High Volume / High Value
BOBBY SKIRT,4,4331,87.4382033898303,0.013624499360205338,0.009883976862455568,High Volume / High Value
Furi tights,4,4327,102.54276271186419,0.013611916123668551,0.011591389744568083,High Volume / High Value
J Soulmate.,3,4322,92.13118644067772,0.01359618707799757,0.010414469645840765,High Volume / High Value
Kiwi,6,4316,132.15608474576243,0.01357731222319239,0.014938866916514856,High Volume / High Value
Anthony 3pk  Fancy,26,4315,87.68901694915225,0.013574166414058193,0.009912328719207197,High Volume / High Value
Esther,2,4315,412.82152542372864,0.013574166414058193,0.04666516748314522,High Volume / High Value
Liza 3p thong micro,3,4310,70.58037288135587,0.013558437368387211,0.007978374960343084,High Volume / High Value
Irma sweater,5,4309,119.42749152542345,0.013555291559253014,0.013500032219505612,High Volume / High Value
Uma,4,4306,202.43061016949127,0.013545854131850424,0.022882669011938143,High Volume / High Value
SKINNY PRICE,12,4303,67.6755593220338,0.013536416704447834,0.007650016086338295,High Volume / High Value
Lizzie LL PJ (J),4,4296,128.41127118644042,0.01351439604050846,0.014515554804193326,High Volume / High Value
Knot Blouse,7,4289,110.2006610169489,0.013492375376569082,0.012457035271672983,High Volume / High Value
Tiblisi,4,4288,85.70999999999981,0.013489229567434886,0.009688621495390827,High Volume / High Value
Mom Shorts,3,4286,110.6021525423726,0.013482937949166492,0.012502419700834542,High Volume / High Value
Minja 2.0,8,4285,70.65972881355925,0.013479792140032296,0.00798734532075065,High Volume / High Value
Waif Wide leg trouser RW,6,4284,117.87155932203363,0.0134766463308981,0.013324150313180405,High Volume / High Value
Malena,8,4283,206.0838983050845,0.013473500521763904,0.023295635129769957,High Volume / High Value
VERONICA SEAMLESS BRA,5,4283,98.31616949152522,0.013473500521763904,0.01111361746680762,High Volume / High Value
Cat cotton tee,4,4279,34.6845423728811,0.013460917285227117,0.003920725735523165,High Volume / Lower Value
Krabi RTW dress,7,4277,130.60627118644038,0.013454625666958724,0.014763676659080533,High Volume / High Value
Beach Please Super Push Bra,2,4276,118.78354237288126,0.013451479857824527,0.013427240484570842,High Volume / High Value
Leeds Jumper,3,4274,102.58303389830485,0.013445188239556132,0.011595941982143558,High Volume / High Value
Vintage Straight ankle trash,2,4274,204.1828644067794,0.013445188239556132,0.023080743076443797,High Volume / High Value
VENUS OFF SHOULDER,4,4273,46.47313559322014,0.013442042430421937,0.005253303237273203,High Volume / Lower Value
Moscow Cross Bag,8,4269,90.79333898305063,0.01342945919388515,0.010263239945274671,High Volume / High Value
Nina n- shirt FLANNEL (W),6,4264,117.99069491525397,0.013413730148214169,0.013337617349341187,High Volume / High Value
Paula,7,4261,136.1274406779658,0.013404292720811577,0.015387787281123347,High Volume / High Value
Fragola Dress.,2,4259,93.52154237288114,0.013398001102543185,0.010571634881764115,High Volume / High Value
Kylie Slim HW Denim,3,4257,190.86276271186415,0.013391709484274792,0.02157504451615739,High Volume / High Value
Borat Sweatpants,4,4256,60.96754237288124,0.013388563675140595,0.006891744738712513,High Volume / Lower Value
Barbie,3,4254,133.31969491525393,0.013382272056872204,0.015070400909052376,High Volume / High Value
Malm,2,4251,131.16974576271159,0.013372834629469614,0.014827371582563996,High Volume / High Value
KAMIKAZE CF TVP,10,4250,73.54316949152526,0.013369688820335417,0.008313288213449586,High Volume / High Value
ED Sorrel dress,6,4250,136.9919999999997,0.013369688820335417,0.015485516694628167,High Volume / High Value
Volpino slacks,7,4245,204.0561355932201,0.013353959774664435,0.023066417705925348,High Volume / High Value
Carmen,8,4240,137.40659322033866,0.01333823072899345,0.01553238213374168,High Volume / High Value
Sunshine s/s,4,4239,94.2781355932201,0.013335084919859254,0.010657159853620875,High Volume / High Value
Maria HW Woven Shorts,4,4230,88.02032203389811,0.013306772637651485,0.009949779303335082,High Volume / High Value
RIHANNA DRESS,4,4229,148.39611864406763,0.013303626828517288,0.016774633355821772,High Volume / High Value
Sara tee,6,4226,53.09661016949136,0.013294189401114698,0.006002017951470334,High Volume / Lower Value
Mary Coat,3,4225,279.9435593220337,0.013291043591980503,0.031644699408980036,High Volume / High Value
+ Coco Highwaist,1,4223,138.48615254237257,0.013284751973712108,0.015654415054672813,High Volume / High Value
Eclipse Hood,7,4219,147.53396610169474,0.013272168737175322,0.016677176003653534,High Volume / High Value
Wakkiki strap dress,4,4214,85.9894406779659,0.01325643969150434,0.00972020934930786,High Volume / High Value
Tuby skirt,1,4214,54.95177966101681,0.01325643969150434,0.006211725512002205,High Volume / Lower Value
Krystal jumpsuit,8,4214,155.69794915254215,0.01325643969150434,0.017600029132511855,High Volume / High Value
Mini Trainer 5p Socks,9,4212,62.116033898304984,0.013250148073235948,0.007021569726234327,High Volume / High Value
Timeless Push Bra,1,4207,93.45513559322013,0.013234419027564963,0.010564128287984354,High Volume / High Value
Freddy Shorts,4,4205,44.87654237288115,0.013228127409296572,0.005072825027099691,High Volume / Lower Value
Harper Turtleneck,3,4204,94.21474576271164,0.013224981600162375,0.010649994294474295,High Volume / High Value
Saint Tropez,2,4201,131.18240677966074,0.013215544172759785,0.014828802778468406,High Volume / High Value
Ruffle Tanga,3,4200,59.821745762711615,0.013212398363625588,0.00676222438325066,High Volume / Lower Value
Dina,10,4197,128.37683050847428,0.013202960936222998,0.014511661644785342,High Volume / High Value
DAY seamless ls,4,4197,114.99183050847432,0.013202960936222998,0.012998627008035763,High Volume / High Value
Lilly Cross,7,4196,116.38667796610159,0.013199815127088801,0.013156299964059084,High Volume / High Value
Pink woven,3,4193,131.91111864406753,0.013190377699686211,0.014911176053855618,High Volume / High Value
Vanilla,3,4191,162.7491186440676,0.01318408608141782,0.01839709029577446,High Volume / High Value
MINT TANK,7,4190,82.19852542372855,0.013180940272283621,0.00929168592124335,High Volume / High Value
Ruffle offshoulder Top,2,4188,83.90923728813544,0.01317464865401523,0.009485064053805628,High Volume / High Value
Speedy conscious tee,4,4187,103.65425423728793,0.013171502844881033,0.011717032268021184,High Volume / High Value
ALICE knot headband,23,4186,36.48842372881331,0.013168357035746835,0.0041246357072909825,High Volume / Lower Value
Pete Plisse,5,4173,210.7048983050846,0.01312746151700228,0.0238179909800815,High Volume / High Value
Flirt mini,2,4173,203.34915254237262,0.01312746151700228,0.02298650064626699,High Volume / High Value
Class Amelie necklace,3,4172,46.43359322033879,0.013124315707868083,0.005248833384468663,High Volume / Lower Value
Barton Midi Skirt new,9,4171,165.90261016949137,0.013121169898733888,0.018753559619992793,High Volume / High Value
Stella solid scarf,11,4168,71.58474576271162,0.013111732471331298,0.00809190883839338,High Volume / High Value
Truffle,3,4167,123.39549152542345,0.013108586662197101,0.013948573230982813,High Volume / High Value
1p Socks,10,4167,14.289067796610011,0.013108586662197101,0.001615230071209111,High Volume / Lower Value
Clean Bandit Highwaist,3,4164,90.98464406779644,0.013099149234794511,0.010284864989683094,High Volume / High Value
Kinzie HW,5,4163,111.56394915254229,0.013096003425660314,0.012611140775522259,High Volume / High Value
DANTE set,42,4163,63.50205084745753,0.013096003425660314,0.007178244485381864,High Volume / High Value
Ellen shorts,25,4161,63.15030508474566,0.013089711807391921,0.007138483295817953,High Volume / High Value
Fleur LL PJ (J),12,4160,131.63150847457598,0.013086565998257724,0.014879569040689527,High Volume / High Value
Mirella HW,6,4159,128.31450847457597,0.013083420189123528,0.014504616788907803,High Volume / High Value
Rio OPT 2,4,4155,154.44813559322017,0.013070836952586743,0.01745875074590495,High Volume / High Value
Chandler long V-neck TVP,3,4154,130.96635593220313,0.013067691143452546,0.014804380483697957,High Volume / High Value
Alice Twill Shorts,4,4153,54.955559322033764,0.013064545334318351,0.006212152763256134,High Volume / Lower Value
Malmo knitted dress,5,4153,154.87447457627098,0.013064545334318351,0.017506943920977975,High Volume / High Value
Thora top,3,4151,60.27337288135581,0.013058253716049956,0.006813276118282717,High Volume / Lower Value
Ariel playsuit,2,4151,167.81954237288107,0.013058253716049956,0.018970248810880302,High Volume / High Value
Just for Life Tie Brief,2,4150,83.8829491525421,0.01305510790691576,0.009482092454277178,High Volume / High Value
Babe L/S,9,4143,95.49591525423706,0.013033087242976383,0.010794817142156386,High Volume / High Value
ED Pluto RW slacks,9,4140,126.71028813559295,0.013023649815573793,0.01432327641252682,High Volume / High Value
Strawberry Push Melbourne,4,4138,56.56599999999986,0.013017358197305401,0.00639419628407744,High Volume / Lower Value
RYAN REG VN T-SHIRT,2,4136,33.54683050847432,0.01301106657903701,0.003792119276241253,High Volume / Lower Value
New Yoko espadrille,4,4135,157.23720338983034,0.01300792076990281,0.01777402576873005,High Volume / High Value
Marian sandalette,3,4134,107.64884745762689,0.013004774960768614,0.012168579365675117,High Volume / High Value
Feather Jeggings L.W,3,4134,168.21894915254217,0.013004774960768614,0.019015397581278497,High Volume / High Value
Annelien Hoodie Dress,4,4133,132.69999999999973,0.013001629151634417,0.015000350862657367,High Volume / High Value
Ibiza HW Woven Relaxed  TRS,2,4130,98.94394915254216,0.012992191724231827,0.011184581409382558,High Volume / High Value
Vincent (1),8,4123,45.224254237287944,0.01297017106029245,0.005112130226536093,High Volume / Lower Value
Tony Tank,7,4121,59.23764406779649,0.012963879442024059,0.006696197779157218,High Volume / Lower Value
Cia skirt,6,4111,91.2843220338981,0.012932421350682094,0.010318740457937294,High Volume / High Value
Palma Trousers,4,4108,99.18093220338959,0.012922983923279504,0.011211369871411301,High Volume / High Value
Rita Ringer Tee.,7,4108,48.73942372881339,0.012922983923279504,0.005509483472312965,High Volume / Lower Value
Madonna,5,4102,86.3609999999998,0.012904109068474324,0.009762210255086303,High Volume / High Value
Maja cargo Slim HW Denim,4,4101,167.86477966101683,0.012900963259340127,0.01897536241445311,High Volume / High Value
Melrose crinkle,2,4096,95.42657627118622,0.012885234213669145,0.010786979093367973,High Volume / High Value
Joan boot,2,4093,169.62605084745744,0.012875796786266554,0.01917445575100848,High Volume / High Value
Riri sandalina,9,4093,91.15777966101676,0.012875796786266554,0.010304436162592807,High Volume / High Value
Topekachu Padded Top,2,4091,101.33854237288124,0.012869505167998162,0.011455265195956986,High Volume / High Value
Shake It In Tie Brief,2,4090,66.79508474576264,0.012866359358863967,0.007550487619347208,High Volume / High Value
Boyfriend L.W FEL,2,4090,172.28698305084728,0.012866359358863967,0.019475246381547982,High Volume / High Value
CS MAGPIE WRAP BLOUSE,5,4089,111.21691525423705,0.012863213549729767,0.012571912213082058,High Volume / High Value
Charlotte cut padding (1),2,4086,99.2547966101694,0.01285377612232718,0.011219719472149501,High Volume / High Value
MUSHROOM SLIM FIT POLO,15,4082,89.52176271186423,0.012841192885790394,0.010119501511089098,High Volume / High Value
Ben zip hoodie,4,4080,162.00811864406762,0.012834901267521999,0.01831332797483076,High Volume / High Value
Paris,8,4079,80.88652542372863,0.012831755458387804,0.009143378006158154,High Volume / High Value
Kat dress,2,4077,206.40174576271173,0.012825463840119409,0.023331564469522875,High Volume / High Value
CHARLIE SKIRT s.1,6,4074,113.0498305084743,0.01281602641271682,0.012779104164213,High Volume / High Value
Khloe rio,3,4073,90.56979661016932,0.012812880603582622,0.010237970811695992,High Volume / High Value
Granny Bandeau,3,4072,94.6063389830507,0.012809734794448427,0.010694259823491054,High Volume / High Value
Cavalier lace top,4,4062,130.5125932203387,0.012778276703106462,0.014753087342127817,High Volume / High Value
Phoebe,3,4060,106.70538983050824,0.012771985084838067,0.012061931321735178,High Volume / High Value
whisper shorts,12,4059,74.15816949152524,0.012768839275703872,0.008382807548645772,High Volume / High Value
Porto Vecchio,3,4055,102.69922033898285,0.012756256039167085,0.011609075647370787,High Volume / High Value
CASSIM SLIM ROLLNECK,6,4055,129.53396610169463,0.012756256039167085,0.01464246375400896,High Volume / High Value
C Lolly Highwaist,3,4054,63.927847457626996,0.012753110230032888,0.007226376350857916,High Volume / High Value
Jenny 5-pack,7,4052,38.12881355932183,0.012746818611764495,0.004310064667420318,High Volume / Lower Value
V-neck strap top seamless,3,4052,52.862762711864264,0.012746818611764495,0.0059755839355491065,High Volume / Lower Value
Bebe SL-set (J),4,4050,85.82132203389811,0.012740526993496103,0.009701205290170172,High Volume / High Value
Cherry HW,3,4050,96.89599999999979,0.012740526993496103,0.010953082118975492,High Volume / High Value
Luca,3,4049,120.04488135593196,0.012737381184361907,0.01356982170011348,High Volume / High Value
Fancy Leggings,9,4044,121.00213559322006,0.012721652138690925,0.013678029306926496,High Volume / High Value
Amy Top,3,4042,84.07932203389814,0.01271536052042253,0.009504290360232351,High Volume / High Value
Berry,6,4041,120.44862711864383,0.012712214711288333,0.013615460947287477,High Volume / High Value
Josef,4,4037,142.88193220338965,0.012699631474751547,0.01615131209484003,High Volume / High Value
SEC SPEED EVIE BLOUSE S.9,4,4034,113.33188135593194,0.012690194047348956,0.012810987070565482,High Volume / High Value
Banoffe,5,4033,217.22066101694892,0.012687048238214762,0.024554529991504145,High Volume / High Value
Robin,8,4030,189.17298305084722,0.01267761081081217,0.021384032550853423,High Volume / High Value
Zorro half-zip sweater,7,4020,78.29662711864384,0.012646152719470206,0.008850617016897615,High Volume / High Value
40 den 2p Tights Conscious,2,4017,44.254220338982876,0.012636715292067615,0.005002478012344327,High Volume / Lower Value
Chubba Chubb one shoulder Top,2,4015,105.73910169491518,0.012630423673799223,0.011952702526947544,High Volume / High Value
Pola seamless leggings,4,4015,94.29177966101676,0.012630423673799223,0.010658702173169811,High Volume / High Value
Lola Ch Hipster (Peoni) 3pk,19,4014,73.97349152542348,0.012627277864665025,0.008361931630875402,High Volume / High Value
Dayzy,9,4014,224.5405762711862,0.012627277864665025,0.025381970060068405,High Volume / High Value
Orlando Wireless Abeline,5,4014,97.69635593220319,0.012627277864665025,0.011043554008938267,High Volume / High Value
Kingslayer pile jacket,2,4014,273.98711864406755,0.012627277864665025,0.030971385919438984,High Volume / High Value
Alex tee,14,4009,43.64744067796592,0.012611548818994043,0.004933887900727307,High Volume / Lower Value
Jacket Boxy,10,4005,163.59199999999976,0.012598965582457256,0.018492369241325135,High Volume / High Value
APOLLO seamless tights,6,4003,160.59271186440662,0.012592673964188865,0.01815333100189708,High Volume / High Value
Orlando brazilian Aster 2p,5,4002,66.0686610169491,0.012589528155054668,0.0074683729938222415,High Volume / High Value
EDC ROMAN BLOUSE,3,4001,126.85230508474548,0.01258638234592047,0.01433932994731003,High Volume / High Value
Spanx Alot Shape Swimsuit NEW,2,3998,170.31261016949128,0.012576944918517883,0.0192520641211557,High Volume / High Value
Kendrick fargo wireless,4,3998,107.97393220338974,0.012576944918517883,0.012205326805362687,High Volume / High Value
Coin HW tapered,2,3995,146.83935593220326,0.012567507491115291,0.0165986575691762,High Volume / High Value
Boulevard TOP PRODUCT,11,3995,49.071728813559176,0.012567507491115291,0.005547047096010265,High Volume / Lower Value
Lumiere balboa wireless push,3,3992,82.15486440677948,0.012558070063712701,0.009286750498686783,High Volume / High Value
Maria throw-on,3,3990,190.5043389830507,0.01255177844544431,0.02153452845218072,High Volume / High Value
Jill ss dress w,4,3988,87.66796610169473,0.012545486827175914,0.009909949140474574,High Volume / High Value
Cash Padded Balconette,3,3983,61.32484745762703,0.012529757781504933,0.006932134351645432,High Volume / High Value
Coco utility,3,3982,71.67857627118626,0.012526611972370736,0.008102515398670254,High Volume / High Value
Dalia hip belt,5,3979,36.10638983050825,0.012517174544968146,0.00408145075992094,High Volume / Lower Value
Durham joggers(1),5,3978,158.94806779661005,0.01251402873583395,0.017967421144616472,High Volume / High Value
Cava Shirt dress,2,3976,161.16289830508458,0.012507737117565556,0.01821778463164312,High Volume / High Value
Topekachu Tanga,2,3971,58.72874576271177,0.012492008071894573,0.006638672133869483,High Volume / Lower Value
Cool Bella necklace,3,3971,49.22345762711849,0.012492008071894573,0.00556419845576433,High Volume / Lower Value
Rose tight tank top,3,3970,59.32330508474566,0.012488862262760378,0.006705880863629635,High Volume / Lower Value
Suzuki shopper,3,3964,127.28057627118615,0.012469987407955196,0.01438774153782229,High Volume / High Value
Mabel Dungaree,3,3960,182.71027118644045,0.012457404171418412,0.020653490384384996,High Volume / High Value
putney seamless,4,3959,63.901576271186364,0.012454258362284214,0.007223406667254392,High Volume / High Value
Panorama mid support bra,3,3958,93.71188135593206,0.012451112553150017,0.010593150718452925,High Volume / High Value
DIANA BRALETT S.0,3,3956,75.18894915254214,0.012444820934881626,0.00849932643769886,High Volume / High Value
Kendall Denim TRS,5,3950,109.85364406779648,0.012425946080076446,0.012417808625157721,High Volume / High Value
Lasse Fluff Sweater,5,3948,169.73606779660994,0.012419654461808054,0.0191868920195701,High Volume / High Value
Cassie Ch. Hipster (Poppy) 3pk,6,3948,71.63628813559298,0.012419654461808054,0.008097735166031017,High Volume / High Value
STORK FANCY,5,3947,61.314016949152354,0.012416508652673856,0.006930910075630804,High Volume / High Value
LS Charlie  Swimsuit,1,3947,221.5354745762711,0.012416508652673856,0.025042274658397767,High Volume / High Value
Tech Stretch Skinny,9,3944,292.5037288135591,0.012407071225271267,0.033064495560203286,High Volume / High Value
Shake it in Balconette.,2,3943,76.89359322033879,0.012403925416137069,0.008692018669144957,High Volume / High Value
Petra,4,3940,152.2336271186439,0.01239448798873448,0.017208423661451505,High Volume / High Value
Falun soft shirt,11,3938,68.45108474576249,0.012388196370466086,0.00773768114631449,High Volume / High Value
Waterloo,3,3935,101.82466101694894,0.012378758943063499,0.011510215838171717,High Volume / High Value
Emma Roll Neck TVP,4,3935,92.98498305084726,0.012378758943063499,0.010510982447030597,High Volume / High Value
Barry cardigan,6,3933,119.60716949152517,0.012372467324795104,0.013520342939428855,High Volume / High Value
Tula,3,3929,131.9965423728812,0.012359884088258317,0.014920832315379369,High Volume / High Value
Rollerneck Charlie TVP,5,3929,186.4164576271184,0.012359884088258317,0.021072436103846882,High Volume / High Value
SPEED Ellinor top,3,3929,63.7827457627118,0.012359884088258317,0.00720997411774191,High Volume / High Value
&DENIM+ Skinny shaping RW,3,3925,308.71920338983034,0.01234730085172153,0.03489748582432212,High Volume / High Value
Glans SS tunic,5,3924,118.97625423728785,0.012344155042587335,0.013449024550746393,High Volume / High Value
Lazer Razer Super Push,2,3912,121.61894915254211,0.012306405332976975,0.013747753646087576,High Volume / High Value
Bella Biker Leggings,7,3911,99.7232881355931,0.01230325952384278,0.011272677552462517,High Volume / High Value
Legolas SS,18,3911,55.39267796610158,0.01230325952384278,0.006261564466569067,High Volume / Lower Value
Charlotte SP N-Slip Andes,3,3907,138.31823728813544,0.012290676287305994,0.015635433986634008,High Volume / High Value
Jodi skirt,1,3902,54.51498305084736,0.012274947241635012,0.006162350211262484,High Volume / Lower Value
Anglaise padded softbra OPT3,3,3898,86.45745762711852,0.012262364005098225,0.00977311378372353,High Volume / High Value
1pk Embroidery,20,3897,18.21418644067775,0.012259218195964029,0.0020589237926753813,High Volume / Lower Value
LEO SEAMLESS TEE,4,3897,95.90349152542353,0.012259218195964029,0.01084088938835903,High Volume / High Value
ED Space jegging,7,3895,122.36823728813532,0.012252926577695635,0.013832452854310064,High Volume / High Value
ESSENTIAL YOKO ROLLER NECK,3,3894,62.16722033898297,0.012249780768561438,0.00702735581944895,High Volume / High Value
Lumiere Bralette Soft,2,3893,74.69154237288124,0.012246634959427242,0.008443099789497066,High Volume / High Value
Beach Please Push Bra,2,3887,88.38381355932184,0.012227760104622062,0.009990868228858507,High Volume / High Value
WALES,23,3884,138.7180338983049,0.012218322677219472,0.015680626823305018,High Volume / High Value
Gibson L/S,4,3884,91.96474576271167,0.012218322677219472,0.010395655263268728,High Volume / High Value
Price TEE TVP,3,3881,27.734152542372662,0.012208885249816883,0.0031350566617486934,High Volume / Lower Value
Ava tee,3,3877,56.11354237288125,0.012196302013280095,0.006343050668725031,High Volume / Lower Value
Mona top,8,3876,69.96157627118626,0.0121931562041459,0.007908426457968049,High Volume / High Value
Malina,3,3876,95.43398305084725,0.0121931562041459,0.01078781635255168,High Volume / High Value
Pria tee,51,3875,30.625423728813324,0.012190010395011703,0.003461884711753981,High Volume / Lower Value
&DENIM Skinny shaping RW,7,3874,285.2317288135592,0.012186864585877507,0.032242471811346894,High Volume / High Value
J Calabasas,2,3873,110.15677966101669,0.01218371877674331,0.012452074942092634,High Volume / High Value
Tess CN Unique,1,3856,81.02879661016924,0.012130240021461968,0.009159460279814943,High Volume / High Value
Supernova,3,3856,140.61291525423715,0.012130240021461968,0.01589482339589049,High Volume / High Value
Melody,7,3854,104.09920338983027,0.012123948403193576,0.011767329128640454,High Volume / High Value
Rania tshirt dress j,7,3853,88.70661016949134,0.012120802594059378,0.010027357018683819,High Volume / High Value
Bianca,4,3853,43.823033898304914,0.012120802594059378,0.004953736882748323,High Volume / Lower Value
Son Cable,3,3851,79.11255932203372,0.012114510975790985,0.008942849641848553,High Volume / High Value
Kendrick Padded Soft Top Bea,3,3850,47.32259322033877,0.01211136516665679,0.005349325561687217,High Volume / Lower Value
Camille cardigan,5,3848,61.72003389830502,0.012105073548388396,0.00697680605674215,High Volume / High Value
Salmon denim,4,3846,146.7589830508473,0.012098781930120003,0.0165895722532743,High Volume / High Value
MICHELLE SHIRT,7,3846,83.98913559322015,0.012098781930120003,0.009494095723810166,High Volume / High Value
ED Despacito,9,3844,89.82045762711846,0.01209249031185161,0.010153265855698784,High Volume / High Value
Sorrento Push Bra,2,3843,101.95959322033889,0.012089344502717413,0.011525468516344445,High Volume / High Value
Rollercoaster,4,3842,130.10094915254217,0.012086198693583216,0.01470655527394787,High Volume / High Value
Lauren shorts (J),3,3836,30.62528813559298,0.012067323838778036,0.003461869384354736,High Volume / Lower Value
Hathaway,4,3833,71.48001694915229,0.012057886411375446,0.008080070338402275,High Volume / High Value
Marcella,4,3830,122.57959322033872,0.012048448983972858,0.013856344437881694,High Volume / High Value
Lily dress W,10,3829,56.22491525423711,0.012045303174838661,0.0063556402112790854,High Volume / Lower Value
Rachel Basic LS,3,3829,91.45828813559302,0.012045303174838661,0.010338405511167383,High Volume / High Value
Kottla,3,3827,92.09474576271167,0.012039011556570268,0.010410350407293939,High Volume / High Value
Roxy,4,3826,88.47054237288117,0.012035865747436071,0.010000672016599968,High Volume / High Value
Desert HW Woven Utility TRS,3,3822,102.44572881355907,0.012023282510899284,0.011580421074484074,High Volume / High Value
Pia,2,3821,60.91954237288127,0.01202013670176509,0.006886318839380131,High Volume / Lower Value
Frugan 2p longsleeve,1,3820,88.45777966101677,0.012016990892630891,0.009999229325146125,High Volume / High Value
Mermaid Tie Tanga,3,3820,73.9814576271184,0.012016990892630891,0.008362832115580988,High Volume / High Value
EDC J CARLOTTA POLO TOP,2,3820,85.44372881355913,0.012016990892630891,0.009658522315125368,High Volume / High Value
Dionne Dress,4,3816,158.5266101694913,0.012004407656094104,0.017919779755916215,High Volume / High Value
Diego Blouse,4,3813,115.43633898305059,0.011994970228691516,0.013048874054607496,High Volume / High Value
Rae Padded Softbra 2p,6,3810,93.76930508474568,0.011985532801288926,0.010599641872032778,High Volume / High Value
Marita espadrille,7,3808,170.9392881355929,0.011979241183020534,0.01932290352861177,High Volume / High Value
Puro,3,3805,112.66657627118619,0.011969803755617943,0.01273578127024976,High Volume / High Value
Pirate Leggings (1),3,3801,56.06964406779652,0.011957220519081156,0.006338088423219779,High Volume / Lower Value
Kim SL-set,5,3801,111.82264406779636,0.011957220519081156,0.012640383537354936,High Volume / High Value
Penne,3,3800,45.22722033898283,0.011954074709946961,0.005112465513394554,High Volume / Lower Value
Malva 2pk padded bra,9,3800,151.08493220338968,0.011954074709946961,0.017078575682830825,High Volume / High Value
GALATEA HW cropped,4,3798,108.9072203389828,0.011947783091678568,0.012310825294359305,High Volume / High Value
TRUFFEL SKIRT,3,3790,90.99903389830489,0.011922616618604994,0.010286491609927863,High Volume / High Value
Bernie (1),1,3786,59.61999999999992,0.011910033382068209,0.006739419129100473,High Volume / Lower Value
Story,5,3784,118.99240677966084,0.011903741763799816,0.013450850427181353,High Volume / High Value
Kelly (Melbourne) PUSH 2p,7,3783,84.35084745762694,0.011900595954665619,0.009534983477218513,High Volume / High Value
Sky wide trousers,1,3783,214.4049152542372,0.011900595954665619,0.024236239302877792,High Volume / High Value
Banjo deep V J,4,3782,55.55172881355922,0.011897450145531422,0.006279543505882313,High Volume / Lower Value
Agneta jumpsuit,1,3781,141.82849152542352,0.011894304336397226,0.016032231614188274,High Volume / High Value
Jill SS dress,3,3780,85.88840677966083,0.011891158527263029,0.009708788520946154,High Volume / High Value
Adelaide,5,3778,74.65844067796593,0.011884866908994636,0.00843935798815661,High Volume / High Value
Doors,3,3770,120.66498305084718,0.011859700435921062,0.013639917728706222,High Volume / High Value
Ilse Myntha Thong 2p,5,3765,62.17923728813554,0.01184397139025008,0.007028714210206954,High Volume / High Value
Pablo round neck,7,3764,42.067610169491324,0.011840825581115884,0.004755304540285337,High Volume / Lower Value
SORRENTO trousers,6,3763,153.85198305084728,0.011837679771981687,0.01739136191920368,High Volume / High Value
Inga hipster shopbasket 7p,6,3761,88.58164406779642,0.011831388153713294,0.010013230904355542,High Volume / High Value
Rae Padded (Idro) 2p,6,3760,94.92525423728802,0.011828242344579099,0.010730309866513006,High Volume / High Value
PRINTED TEE OWN PRINT,4,3759,59.3708305084745,0.0118250965354449,0.006711253117064668,High Volume / Lower Value
Katie,3,3758,104.57211864406756,0.011821950726310705,0.011820787265353808,High Volume / High Value
Molly,7,3757,162.71962711864387,0.011818804917176507,0.01839375658643888,High Volume / High Value
Pablo coat,3,3753,371.42971186440656,0.01180622168063972,0.04198625470069208,High Volume / High Value
Anthony 3pk Basic,13,3751,58.247186440677886,0.011799930062371329,0.006584236875454324,High Volume / Lower Value
Doris sweater,5,3749,174.1164067796608,0.011793638444102935,0.019682043652148387,High Volume / High Value
Jackie brief 2pk HR LS,1,3748,109.8135932203389,0.011790492634968739,0.012413281294606022,High Volume / High Value
Wideawake Push Triangle,2,3745,104.82806779661007,0.01178105520756615,0.011849719647351832,High Volume / High Value
Panama dress (1),5,3737,128.29603389830493,0.011755888734492577,0.01450252843076082,High Volume / High Value
Lia Slacks,3,3733,155.7311694915252,0.01174330549795579,0.01760378434532664,High Volume / High Value
Molly Denim HW TRS,4,3732,81.80425423728795,0.011740159688821594,0.00924711767609154,High Volume / High Value
Marilyn,6,3730,89.41708474576254,0.0117338680705532,0.01010766875887271,High Volume / High Value
JAKE WOVEN TRS,17,3730,86.40781355932185,0.0117338680705532,0.009767502039675306,High Volume / High Value
Tiara HW cropped,2,3729,143.22383050847444,0.011730722261419003,0.016189960132033845,High Volume / High Value
Lee long parka,3,3728,215.81174576271167,0.011727576452284807,0.024395266817809274,High Volume / High Value
Fissa Set 1pk,3,3728,82.76816949152526,0.011727576452284807,0.009356078241392422,High Volume / High Value
RILEY T-SHIRT,8,3726,59.559033898304854,0.011721284834016413,0.00673252754721536,High Volume / Lower Value
Antoni top,5,3725,109.90169491525398,0.011718139024882218,0.012423240272264808,High Volume / High Value
Supersoft Skinny H.W,2,3723,228.05281355932186,0.011711847406613825,0.025778991850836624,High Volume / High Value
Sunspot Seamless Crop Top,4,3722,61.54274576271181,0.011708701597479628,0.006956765482230587,High Volume / High Value
Cherry playsuit(1),3,3721,72.92725423728795,0.011705555788345432,0.008243665418308498,High Volume / High Value
Timeless Mid Rise Hipster,2,3717,47.130830508474446,0.011692972551808645,0.005327648787306362,High Volume / Lower Value
Herbal Hood- TVP,7,3717,102.3915254237286,0.011692972551808645,0.011574293946636277,High Volume / High Value
ESSENTIAL MOON LACE STRAP,3,3715,35.71323728813538,0.011686680933540252,0.004037008965812885,High Volume / Lower Value
Brad LW BF Denim TRS,3,3715,151.68454237288114,0.011686680933540252,0.017146355358212812,High Volume / High Value
Ronja Dress,3,3713,89.56562711864387,0.011680389315271858,0.010124459924744538,High Volume / High Value
Savanna top,3,3706,60.258796610169306,0.011658368651332483,0.006811628422863977,High Volume / Lower Value
CALEXICO,7,3704,55.147830508474485,0.01165207703306409,0.006233887015384168,High Volume / Lower Value
Skirt Torn,7,3704,162.4488644067795,0.01165207703306409,0.01836314968607347,High Volume / High Value
Tudor,2,3703,331.5459491525422,0.011648931223929893,0.03747781133670612,High Volume / High Value
Dixie tee,5,3700,34.16942372881335,0.011639493796527303,0.003862496945795113,High Volume / Lower Value
BIRD TEE,3,3699,52.6139491525423,0.011636347987393108,0.005947458157936324,High Volume / Lower Value
Scary spice cheeky highwaist,2,3698,89.67386440677947,0.01163320217825891,0.010136695021191085,High Volume / High Value
Dingo tee,14,3697,38.18664406779644,0.011630056369124715,0.0043166018031979,High Volume / Lower Value
Reena Half Zip sweater,3,3695,101.1302542372879,0.011623764750856322,0.011431720394793243,High Volume / High Value
Vanilla Ice Top,3,3693,21.43235593220315,0.011617473132587928,0.0024227042863331117,High Volume / Lower Value
Linda L/S,4,3689,32.24011864406762,0.011604889896051141,0.0036444091297265753,High Volume / Lower Value
Ginseng top,3,3685,46.80144067796596,0.011592306659514355,0.005290414702692808,High Volume / Lower Value
Clubba sunglasses,4,3683,36.40393220338968,0.011586015041245961,0.004115084821637059,High Volume / Lower Value
Hilly Biker 2pk LT,3,3683,117.24552542372857,0.011586015041245961,0.013253383710870736,High Volume / High Value
Honey Shape Swimsuit,4,3683,169.86850847457606,0.011586015041245961,0.019201863056781704,High Volume / High Value
Uno Paperbag Skirt,1,3680,115.92306779661001,0.011576577613843373,0.013103893670118848,High Volume / High Value
Timeless Price Triangle,3,3679,58.62247457627112,0.011573431804709176,0.006626659284711981,High Volume / Lower Value
Sigge Dressed Belt,5,3676,88.09296610169473,0.011563994377306586,0.00995799095748007,High Volume / High Value
Hope HW tapered linen,3,3675,112.21622033898282,0.01156084856817239,0.012684873229585633,High Volume / High Value
Lily Hipster (Poppy) 3pk,4,3673,54.95694915254228,0.011554556949903996,0.00621230986909839,High Volume / Lower Value
X-tina swimsuit,3,3666,140.43816949152526,0.011532536285964621,0.015875070210114743,High Volume / High Value
DIV Nicky tank top,2,3665,41.65633898305068,0.011529390476830423,0.004708814622453303,High Volume / Lower Value
TEAL T-SHIRT PRICE DRESS,4,3660,58.9830677966101,0.011513661431159441,0.006667420587076565,High Volume / Lower Value
Biker shorts,1,3657,52.311813559321934,0.011504224003756851,0.005913304880570819,High Volume / Lower Value
Love Espadrille,4,3655,146.13813559322017,0.011497932385488458,0.016519391923985712,High Volume / High Value
Selma sporty dress j,4,3654,73.69701694915237,0.011494786576354261,0.008330679063816838,High Volume / High Value
Asa top,2,3654,47.971101694915156,0.011494786576354261,0.005422632680421599,High Volume / Lower Value
Notre Dame(1),2,3654,221.07684745762694,0.011494786576354261,0.024990431646379745,High Volume / High Value
Eucalyptus sweat,6,3652,71.34062711864388,0.011488494958085868,0.008064313771979421,High Volume / High Value
Dag Tank,5,3650,40.06374576271169,0.011482203339817474,0.00452878857055749,High Volume / Lower Value
ED Johnny top,7,3650,48.29757627118631,0.011482203339817474,0.005459537225951401,High Volume / Lower Value
Brooke raw cut ss,11,3648,37.54708474576256,0.011475911721549081,0.0042443062928136386,High Volume / Lower Value
TRUXTON HOOD,20,3644,112.69627118644043,0.011463328485012296,0.0127391379706842,High Volume / High Value
Bisbee,8,3644,93.28791525423712,0.011463328485012296,0.010545225772866661,High Volume / High Value
Girlfriend R.W Trash,4,3641,230.89371186440658,0.011453891057609706,0.026100125772022757,High Volume / High Value
Olga top,2,3641,73.28288135593203,0.011453891057609706,0.008283865354675771,High Volume / High Value
Big Ringo hip belt,6,3635,73.50198305084723,0.011435016202804526,0.008308632515929205,High Volume / High Value
Snap 5 pocket,4,3627,59.46455932203376,0.011409849729730954,0.006721848181792095,High Volume / Lower Value
Tess,5,3626,76.42837288135571,0.011406703920596757,0.008639430362338699,High Volume / High Value
Polka Blazer,8,3625,152.27411864406758,0.01140355811146256,0.017213000806050746,High Volume / High Value
Roxanna,3,3623,77.1276271186439,0.011397266493194167,0.008718473760240151,High Volume / High Value
Nina Trs FLANNEL (W),4,3623,72.98042372881338,0.011397266493194167,0.008249675674737063,High Volume / High Value
Charlotte Soft  Body,1,3622,136.72525423728797,0.01139412068405997,0.01545536386846537,High Volume / High Value
Fissa set bra + bottom,2,3620,82.13877966101677,0.011387829065791577,0.00928493228595146,High Volume / High Value
Ellen Wireless (Abeline) 2pk,3,3619,102.29194915254229,0.01138468325665738,0.011563037887816461,High Volume / High Value
1 pk Fun,13,3618,13.471440677965925,0.011381537447523186,0.001522805853767627,High Volume / Lower Value
Hilton,7,3610,168.93786440677943,0.011356370974449612,0.019096663452070325,High Volume / High Value
HONEY long bralette,3,3609,99.27410169491517,0.011353225165315416,0.011221901710616872,High Volume / High Value
Calista.,4,3608,51.83922033898295,0.011350079356181219,0.0058598831464306686,High Volume / Lower Value
French dress,2,3605,74.3263898305083,0.01134064192877863,0.008401823103332895,High Volume / High Value
PIGALLE tights,5,3602,158.04122033898287,0.011331204501376039,0.017864911498472417,High Volume / High Value
Stina scarf new,11,3601,55.9538305084745,0.011328058692241844,0.006324996908340477,High Volume / Lower Value
Ostuni,2,3595,70.47013559322023,0.011309183837436664,0.007965913784757686,High Volume / High Value
Simona,3,3594,49.115084745762594,0.011306038028302467,0.005551948031918546,High Volume / Lower Value
Bo Puff Sleeve,3,3591,126.69413559322015,0.011296600600899877,0.014321450536091884,High Volume / High Value
Blenda tee,4,3591,47.309576271186316,0.011296600600899877,0.005347854131359801,High Volume / Lower Value
Dream,5,3585,212.62588135593205,0.011277725746094699,0.024035138077021435,High Volume / High Value
Bowy skirt,3,3581,133.2372203389829,0.011265142509557912,0.015061078018462215,High Volume / High Value
Sandra Dress,5,3577,131.8789491525422,0.011252559273021125,0.014907539628384982,High Volume / High Value
Messi Scarf,6,3577,43.50808474576258,0.011252559273021125,0.0049181351661542645,High Volume / Lower Value
ROSIE HW Biker,3,3576,85.14872881355916,0.011249413463886929,0.009625175642145085,High Volume / High Value
Crema lace insert,4,3574,145.40181355932185,0.011243121845618535,0.016436158398315928,High Volume / High Value
Lazer Razer Triangle Top(1),1,3573,86.80622033898287,0.011239976036484339,0.009812537770504068,High Volume / High Value
Hallie Pull- On Shorts,4,3573,54.74340677966094,0.011239976036484339,0.006188171131213955,High Volume / Lower Value
Maggie RW tapered,3,3567,99.39732203389812,0.01122110118167916,0.01123583048467987,High Volume / High Value
LOGG Iris linen jogger',5,3565,157.01028813559302,0.011214809563410767,0.017748375366095172,High Volume / High Value
Valentine,4,3565,108.72571186440655,0.011214809563410767,0.012290307654546273,High Volume / High Value
Mademoiselle dress,3,3565,112.59584745762696,0.011214809563410767,0.012727786115619106,High Volume / High Value
Axel fancy denim shorts (1),3,3563,108.82844067796594,0.011208517945142374,0.012301920075398536,High Volume / High Value
Hjulsta,4,3563,75.06130508474553,0.011208517945142374,0.008484897607235514,High Volume / High Value
ED Long leggings,1,3563,57.71928813559316,0.011208517945142374,0.006524563478347519,High Volume / Lower Value
Basic Endless hoop,3,3562,27.66186440677946,0.011205372136008177,0.003126885242026724,High Volume / Lower Value
Hazelnut,5,3559,108.03550847457603,0.011195934708605589,0.012212287360544364,High Volume / High Value
Pom shirt dress,3,3558,81.98496610169471,0.01119278889947139,0.009267545267434014,High Volume / High Value
Ren LS Lace Body,3,3558,75.57533898305066,0.01119278889947139,0.008543003777769623,High Volume / High Value
Lively,2,3556,85.37088135593199,0.011186497281202997,0.009650287669881512,High Volume / High Value
Laurent slim fit jogger,20,3551,165.27740677966082,0.011170768235532015,0.018682886898003487,High Volume / High Value
Noora,23,3551,51.54338983050838,0.011170768235532015,0.005826442593130014,High Volume / Lower Value
Solo dress,3,3551,100.99199999999976,0.011170768235532015,0.011416092195339051,High Volume / High Value
Leia Parka,5,3550,154.43606779661002,0.011167622426397818,0.017457386607372234,High Volume / High Value
Paula blouse,1,3547,98.60713559322011,0.011158184998995228,0.011146508149660393,High Volume / High Value
Mister Muscle LS,11,3545,125.54937288135578,0.011151893380726835,0.014192047052049288,High Volume / High Value
KIMBERLY Braided Headband,5,3545,20.310694915254015,0.011151893380726835,0.0022959122079367123,High Volume / Lower Value
Magic Gloves 2pack,7,3544,25.966254237287924,0.01114874757159264,0.0029352141985552614,High Volume / Lower Value
Loveboat,5,3543,199.42499999999984,0.011145601762458442,0.022542916132520338,High Volume / High Value
Pablo sweatshirt,8,3542,95.5770847457625,0.011142455953324247,0.010803992506528845,High Volume / High Value
Frank Tech Pant,17,3542,164.17289830508454,0.011142455953324247,0.018558033735611455,High Volume / High Value
Pick Up Top,2,3541,100.19208474576264,0.011139310144190048,0.01132567011942384,High Volume / High Value
Jennifer fancy (1),2,3536,165.88499999999988,0.011123581098519067,0.01875156897401598,High Volume / High Value
Bonnie flowy blouse,6,3535,55.648220338982924,0.01112043528938487,0.0062904508663693395,High Volume / Lower Value
Mama 40 den 2p Tights,2,3535,49.46954237288125,0.01112043528938487,0.005592015769467339,High Volume / Lower Value
Pixie PU,3,3531,146.34840677966088,0.011107852052848083,0.01654316088836339,High Volume / High Value
Angela M-gown (J),3,3531,99.35728813559304,0.011107852052848083,0.011231305070053071,High Volume / High Value
SUPREME tights OL,3,3527,110.39793220338959,0.011095268816311298,0.012479334721648137,High Volume / High Value
VIOLET COLD SHOULDER,3,3523,85.03610169491505,0.011082685579774511,0.00961244432114801,High Volume / High Value
Ford dress,3,3523,161.1310847457625,0.011082685579774511,0.018214188440595483,High Volume / High Value
W LUKE OL OFFER,4,3523,64.86872881355919,0.011082685579774511,0.007332733174212218,High Volume / High Value
Rana jumpsuit,3,3521,108.85764406779639,0.011076393961506118,0.012305221214010712,High Volume / High Value
BAMBI OL OFFER,4,3519,90.46308474576254,0.011070102343237725,0.010225908148490944,High Volume / High Value
Ravello shackett,2,3518,225.24103389830492,0.011066956534103528,0.025461149488638146,High Volume / High Value
Carolina Chelsea boot.,4,3518,151.52533898305072,0.011066956534103528,0.017128359075575427,High Volume / High Value
Coco ISW 17,6,3518,25.71884745762688,0.011066956534103528,0.002907247442709626,High Volume / Lower Value
ED Hotpants (1),8,3516,79.42064406779642,0.011060664915835135,0.008977675408855886,High Volume / High Value
La Paz Cardigan,6,3513,83.01640677966084,0.011051227488432545,0.009384138877558424,High Volume / High Value
ALLINGTON slim fit tee TVP,8,3513,85.30869491525407,0.011051227488432545,0.009643258141403224,High Volume / High Value
J Beso,3,3508,48.911525423728655,0.011035498442761561,0.005528937773803446,High Volume / Lower Value
Twister,3,3502,114.35403389830482,0.011016623587956383,0.012926530753841673,High Volume / High Value
Tanga LS,7,3500,55.405220338982986,0.01101033196968799,0.006262982250999145,High Volume / Lower Value
Alison AOP Shirt Dress,6,3500,109.33772881355908,0.01101033196968799,0.012359489786959091,High Volume / High Value
Xtina Bandeau,3,3498,64.66554237288119,0.011004040351419598,0.00730976506644504,High Volume / High Value
Milano,6,3497,154.85005084745745,0.0110008945422854,0.01750418307318915,High Volume / High Value
Bartolomeo espadrille,7,3495,157.59210169491504,0.010994602924017006,0.017814143320326385,High Volume / High Value
GRETA SKIRT,2,3494,111.43427118644044,0.010991457114882811,0.012596482034070235,High Volume / High Value
Bowa PQ espadrille,3,3493,183.4959152542372,0.010988311305748613,0.020742299251529806,High Volume / High Value
NEW POLLY BLOUSE,3,3490,93.9813220338981,0.010978873878346024,0.010623608176675703,High Volume / High Value
Dusk Brazilian Azalea 2p,7,3489,52.49208474576263,0.010975728069211828,0.005933682657865755,High Volume / Lower Value
Calvin Clean wire bra structur,4,3487,101.91135593220332,0.010969436450943434,0.011520015794063384,High Volume / High Value
BOB SOLID,8,3485,72.06166101694899,0.010963144832675041,0.008145819133384443,High Volume / High Value
ERIK 2PK REG TANK TOP,2,3483,56.641762711864345,0.01095685321440665,0.006402760468405049,High Volume / Lower Value
Long leggings 2p,1,3480,95.26664406779649,0.010947415787004058,0.010768900425959656,High Volume / High Value
BIRD TANK,3,3480,41.415966101694764,0.010947415787004058,0.004681642975443456,High Volume / Lower Value
Rhea pump,12,3479,107.49435593220315,0.010944269977869863,0.012151115710161453,High Volume / High Value
Olivia HW Pull-On Shorts,3,3477,69.59255932203375,0.01093797835960147,0.007866712940925433,High Volume / High Value
Maximo,3,3474,81.76857627118628,0.01092854093219888,0.009243084654165457,High Volume / High Value
MONDRIAN HOOD,8,3471,126.43645762711851,0.01091910350479629,0.014292322729753525,High Volume / High Value
Nicole(1),4,3468,91.17330508474562,0.0109096660773937,0.010306191149806253,High Volume / High Value
Lilly long shacket,4,3468,284.014033898305,0.0109096660773937,0.03210482410243592,High Volume / High Value
Hazel babylock tank,4,3467,24.51796610169472,0.010906520268259503,0.0027715003313049076,High Volume / Lower Value
Morris,3,3466,114.66169491525397,0.010903374459125306,0.012961308622726368,High Volume / High Value
Joey crewneck sweater,2,3466,154.44464406779642,0.010903374459125306,0.017458356065374412,High Volume / High Value
Mike t-shirt,4,3465,50.838542372881264,0.01090022864999111,0.005746766940009752,High Volume / Lower Value
TINDRA sport socks,6,3464,43.228779661016816,0.010897082840856913,0.0048865626396364745,High Volume / Lower Value
Flora maxi dress,5,3461,87.50623728813538,0.010887645413454324,0.009891667385026257,High Volume / High Value
Meri svettis,3,3460,44.49091525423712,0.010884499604320128,0.005029233903649683,High Volume / Lower Value
Julia Denim TRS,7,3459,80.11828813559303,0.01088135379518593,0.00905653679389131,High Volume / High Value
Totem (1),6,3458,73.31506779661001,0.010878207986051734,0.008287503696071322,High Volume / High Value
Debra Tee,3,3456,39.27330508474554,0.01087191636778334,0.00443943749666443,High Volume / Lower Value
Beetle beanie,14,3456,39.09459322033882,0.01087191636778334,0.004419235984460809,High Volume / Lower Value
L Stitch Pile Coat,2,3456,362.0849491525422,0.01087191636778334,0.040929926747366965,High Volume / High Value
Bermuda,2,3456,141.2397288135591,0.01087191636778334,0.015965678130745804,High Volume / High Value
Annie Oversized Hood,7,3454,131.02262711864392,0.010865624749514947,0.014810741354384243,High Volume / High Value
Shark Boxy Sweater,6,3453,42.058355932203284,0.01086247894038075,0.0047542584452869435,High Volume / Lower Value
Charlotte chicago,5,3453,78.48249152542355,0.01086247894038075,0.00887162704941137,High Volume / High Value
FLORIDA TIGHTS,3,3447,135.2617118644066,0.01084360408557557,0.01528992566880006,High Volume / High Value
Cardamom push bralette,4,3447,80.52359322033884,0.01084360408557557,0.009102352306156617,High Volume / High Value
SPEEDY tee conscious,4,3446,78.08462711864387,0.010840458276441376,0.008826652628179582,High Volume / High Value
Mix tape triangel top,4,3445,52.6331864406778,0.010837312467307177,0.0059496327327040605,High Volume / Lower Value
Jane Swimsuit,2,3443,136.58332203389818,0.010831020849038784,0.01543931991330669,High Volume / High Value
Sunset HW Pull-on Woven Trs,4,3440,63.99401694915237,0.010821583421636196,0.007233856121688996,High Volume / High Value
Push Up 30 den 1p Tights,2,3439,42.89650847457616,0.010818437612501999,0.004849002847788988,High Volume / Lower Value
KARIN PADDED bra,6,3436,100.3623728813557,0.010809000185099409,0.011344919416949414,High Volume / High Value
Rocco swimsuit,6,3436,121.2127627118642,0.010809000185099409,0.013701838505727194,High Volume / High Value
Maria Woven Shorts,5,3436,79.67764406779644,0.010809000185099409,0.009006726578198036,High Volume / High Value
Rylee flatform,3,3435,82.1659661016947,0.010805854375965214,0.009288005429499884,High Volume / High Value
Luciana linen top,5,3433,74.96410169491509,0.01079956275769682,0.00847390977790246,High Volume / High Value
Straight H.W,2,3433,128.58061016949137,0.01079956275769682,0.014534696809924221,High Volume / High Value
Make him pay for it PREMIUM,6,3433,261.1400847457626,0.01079956275769682,0.029519162739190096,High Volume / High Value
Family Crew Ladies,6,3433,77.78359322033883,0.01079956275769682,0.008792623885932943,High Volume / High Value
Lash padded softbra,3,3433,64.05081355932188,0.01079956275769682,0.007240276386047339,High Volume / High Value
Lyon Price Bandeau,3,3432,53.03766101694909,0.010796416948562622,0.005995354364649004,High Volume / Lower Value
Dalle (1),2,3429,131.7071016949151,0.010786979521160034,0.014888114065768088,High Volume / High Value
Penelope,5,3422,90.51105084745741,0.010764958857220657,0.010231330215973514,High Volume / High Value
Beach straight dressed trs,4,3421,163.7301186440676,0.01076181304808646,0.018507982113380086,High Volume / High Value
Madison Slim Stretch Chino,14,3420,134.8965254237287,0.010758667238952264,0.01524864515078609,High Volume / High Value
Mono LW slim denim,3,3420,219.62828813559307,0.010758667238952264,0.024826687124330903,High Volume / High Value
Hail top,5,3419,97.2410169491524,0.010755521429818067,0.010992082686351927,High Volume / High Value
BELLA SS SHIRT S9,4,3418,80.5479830508473,0.010752375620683872,0.009105109322095633,High Volume / High Value
Agneta Playsuit,3,3417,110.9271355932201,0.010749229811549674,0.012539155644972669,High Volume / High Value
Lyra HW wide full(1),3,3416,108.46672881355909,0.010746084002415479,0.01226103232199018,High Volume / High Value
Girl next door,2,3414,131.56111864406762,0.010739792384147085,0.014871612204556985,High Volume / High Value
SUZY TWISTED STRAP TOP,4,3414,51.9635932203389,0.010739792384147085,0.005873942203387254,High Volume / Lower Value
Conny,4,3413,118.8807457627117,0.010736646575012889,0.013438228313903896,High Volume / High Value
Saya sunglasses,7,3413,38.11677966101681,0.010736646575012889,0.004308704360737417,High Volume / Lower Value
Saskia,3,3412,152.96910169491503,0.010733500765878692,0.017291561390876002,High Volume / High Value
Jen Bermuda denim shorts,5,3410,132.31798305084732,0.010727209147610299,0.01495716783121224,High Volume / High Value
Belinda,3,3409,104.50028813559297,0.010724063338476102,0.011812667575604284,High Volume / High Value
Alison shirt dress,3,3408,107.99823728813536,0.010720917529341905,0.01220807424167716,High Volume / High Value
Chrissie Padded Soft Bra Opt.2,2,3407,62.93676271186426,0.010717771720207709,0.007114344557933512,High Volume / High Value
Culotte H.W,7,3406,153.186474576271,0.010714625911073512,0.01731613312778909,High Volume / High Value
Bird,6,3406,57.8069491525423,0.010714625911073512,0.00653447264195878,High Volume / Lower Value
V-NECK SS SLIM 3 PK,14,3402,107.88508474576247,0.010702042674536727,0.01219528352700802,High Volume / High Value
CARINA HIGH SUPPORT BRA,2,3401,123.83206779661,0.010698896865402529,0.01399792362469878,High Volume / High Value
Parker,6,3400,110.8147796610167,0.010695751056268334,0.012526454978774087,High Volume / High Value
Lorentzo flannel shirt,3,3399,81.95915254237272,0.010692605247134135,0.009264627313802938,High Volume / High Value
BONGO CONCIOUS,3,3399,47.65884745762691,0.010692605247134135,0.005387335595887499,High Volume / Lower Value
Koa dress Speed,3,3399,51.337067796610086,0.010692605247134135,0.005803120039255323,High Volume / Lower Value
Oz skinny fit trs,6,3397,165.7700338983049,0.010686313628865744,0.018738573255381943,High Volume / High Value
Disa jacket,10,3397,134.1099152542371,0.010686313628865744,0.015159727075921673,High Volume / High Value
Antartica,3,3397,155.1544406779659,0.010686313628865744,0.017538591168567083,High Volume / High Value
Banana dress,3,3397,161.81922033898294,0.010686313628865744,0.01829197499175893,High Volume / High Value
Mina espadrill,3,3396,107.38516949152518,0.010683167819731547,0.012138773321920199,High Volume / High Value
Wille boot,2,3394,149.67016949152526,0.010676876201463154,0.016918651515043553,High Volume / High Value
Melba top,2,3394,52.84333898305077,0.010676876201463154,0.005973388285607406,High Volume / Lower Value
Calypso C&S push bralette,4,3393,101.81972881355927,0.010673730392328957,0.011509658304024234,High Volume / High Value
Lucas,7,3390,133.06335593220325,0.010664292964926367,0.015041424460781562,High Volume / High Value
Livia Top,8,3390,60.12999999999983,0.010664292964926367,0.00679706930950706,High Volume / Lower Value
Frida LL PJ (J),5,3389,80.17937288135575,0.010661147155792172,0.009063441787250744,High Volume / High Value
Palermo Braziian Aster 2pkt,5,3389,55.05249152542367,0.010661147155792172,0.006223109937790716,High Volume / Lower Value
Casper c&s push,2,3388,80.81116949152528,0.010658001346657973,0.00913485980402829,High Volume / High Value
PINKY loose fit tank,4,3385,53.58747457627112,0.010648563919255385,0.006057505052658627,High Volume / Lower Value
Railey Top,6,3384,96.74476271186433,0.010645418110121187,0.010935986321043702,High Volume / High Value
Johan update sebi,1,3383,82.33388135593204,0.010642272300986992,0.009306986497538711,High Volume / High Value
ballet blouse,1,3381,97.9751694915252,0.010635980682718598,0.011075070973633794,High Volume / High Value
Linda,2,3378,159.07981355932182,0.010626543255316008,0.01798231362890694,High Volume / High Value
TORI DRESS,4,3377,74.38357627118627,0.010623397446181812,0.008408287433964063,High Volume / High Value
Ophelia Padded T-shirt Lucca,4,3373,72.18935593220323,0.010610814209645025,0.008160253711622505,High Volume / High Value
Alexion sweater,8,3372,111.8152203389828,0.01060766840051083,0.012639544362246326,High Volume / High Value
Miley boho dress,3,3370,123.9291864406778,0.010601376782242437,0.014008901874407315,High Volume / High Value
Wendy Bodycon Dress,6,3368,71.02899999999977,0.010595085163974043,0.008029087576666833,High Volume / High Value
Lisa Bodycon dress,4,3366,78.90503389830492,0.01058879354570565,0.008919391057305572,High Volume / High Value
Seinfeld Padded,2,3365,316.84298305084735,0.010585647736571453,0.03581579437930461,High Volume / High Value
Citrus,4,3364,75.68313559322016,0.010582501927437257,0.008555189060168627,High Volume / High Value
Bruna tencel,4,3363,52.015288135593146,0.01057935611830306,0.00587978577434904,High Volume / Lower Value
Hawlin Headband,6,3363,30.51966101694896,0.01057935611830306,0.0034499293403436443,High Volume / Lower Value
X-Tina Long Top,5,3362,90.76245762711856,0.010576210309168863,0.010259749130096859,High Volume / High Value
Mara sandal (1),3,3362,72.97332203389814,0.010576210309168863,0.008248872902201658,High Volume / High Value
Valetta,3,3361,152.39489830508455,0.010573064500034667,0.017226653686927364,High Volume / High Value
Elvira turtleneck,4,3359,63.08008474576254,0.010566772881766273,0.007130545618934445,High Volume / High Value
PYRITE DRESS,3,3358,102.21710169491503,0.010563627072632076,0.011554577163433742,High Volume / High Value
Class Cassie hoop pk,2,3358,37.416796610169335,0.010563627072632076,0.004229578578065034,High Volume / Lower Value
Artic,3,3354,153.23798305084728,0.010551043836095291,0.017321955623576916,High Volume / High Value
Common(1),3,3353,84.86008474576258,0.010547898026961095,0.009592547441004367,High Volume / High Value
PAMELA PILE HOOD,3,3352,106.36867796610154,0.010544752217826898,0.012023869557562458,High Volume / High Value
OP  hipster reg mid 2p,2,3349,53.684915254237225,0.010535314790424308,0.006068519704940366,High Volume / Lower Value
TEQUILA CONSCIOUS ls,4,3348,99.83115254237265,0.010532168981290111,0.011284870498561129,High Volume / High Value
RICHIE SKIRT,5,3348,106.5014915254235,0.010532168981290111,0.012038882745121974,High Volume / High Value
POLO SS SLIM COOLMAX,8,3345,80.08940677966085,0.010522731553887521,0.009053272057852335,High Volume / High Value
Bootcut R.W,3,3344,128.46199999999982,0.010519585744753325,0.014521289167435508,High Volume / High Value
Gary v-neck,4,3344,89.16847457627098,0.010519585744753325,0.010079565972358784,High Volume / High Value
s,1,3344,157.8849999999998,0.010519585744753325,0.017847252418618387,High Volume / High Value
Holly lace-back Brazilian,2,3340,52.79861016949146,0.010507002508216538,0.005968332159781785,High Volume / Lower Value
JESSY SKIRT S.0,4,3336,74.14479661016934,0.010494419271679751,0.008381295883895334,High Volume / High Value
Jiminy,2,3333,197.48016949152526,0.010484981844277163,0.022323073329238358,High Volume / High Value
Billie high 2p.,7,3333,54.017322033898246,0.010484981844277163,0.006106094824187098,High Volume / Lower Value
Wideawake Tie Tanga,2,3332,53.93703389830503,0.010481836035142966,0.00609701908790973,High Volume / Lower Value
Jalin linen,2,3331,69.2144406779659,0.01047869022600877,0.007823970572208553,High Volume / High Value
Jorah romantic skirt,3,3331,116.77901694915239,0.01047869022600877,0.013200649793771672,High Volume / High Value
Doris dress,10,3330,90.30288135593199,0.010475544416874575,0.010207798826284122,High Volume / High Value
ROY 3PK SLIM RN T-SHIRT,2,3328,107.1752542372879,0.010469252798606181,0.012115044591965541,High Volume / High Value
Paris tunic,3,3326,95.06591525423708,0.010462961180337788,0.010746210127303769,High Volume / High Value
Bruce Skinny 5-pkt Trs,8,3325,106.63947457627096,0.01045981537120359,0.012054480289777675,High Volume / High Value
Mariah dress,4,3323,127.1090508474575,0.010453523752935196,0.014368352377778611,High Volume / High Value
ERIK REG TANK TOP,2,3322,29.662118644067604,0.010450377943801001,0.0033529931197497026,High Volume / Lower Value
Bagira Bikini Lotus,6,3317,27.104661016948953,0.010434648898130018,0.003063899210758301,High Volume / Lower Value
AOP Leggings,8,3314,70.93801694915237,0.010425211470727428,0.008018802891774097,High Volume / High Value
Nicole LL PJ (J),2,3313,98.0160508474574,0.010422065661593231,0.01107969218450587,High Volume / High Value
V-neck strap top 2-pack,2,3312,54.81391525423723,0.010418919852459034,0.00619614137882085,High Volume / Lower Value
Clara jogger,8,3312,81.68411864406762,0.010418919852459034,0.009233537600361334,High Volume / High Value
ED Despacito blouse,6,3311,74.81349152542356,0.010415774043324838,0.008456884869192155,High Volume / High Value
2 Pack Karin Mid-Support Bra,5,3310,128.38947457627106,0.010412628234190641,0.014513090924764865,High Volume / High Value
Winnie dress,4,3298,132.542254237288,0.010374878524580283,0.014982519349561862,High Volume / High Value
Roberto,3,3297,144.73505084745744,0.010371732715446086,0.016360787828458328,High Volume / High Value
Clarence back detail Valencia,2,3297,90.51825423728806,0.010371732715446086,0.010232144484058368,High Volume / High Value
Slim Midprice Shorts,8,3295,111.44967796610153,0.010365441097177694,0.012598223609809346,High Volume / High Value
MANDY RW biker,2,3293,79.62074576271169,0.010359149478909301,0.009000294818290261,High Volume / High Value
Tropic dress,3,3293,122.44538983050839,0.010359149478909301,0.013841174144479936,High Volume / High Value
Maggi espadrille,7,3292,73.63623728813543,0.010356003669775102,0.008323808557105706,High Volume / High Value
Henric Superpush,2,3290,95.59466101694909,0.010349712051506709,0.010805979320655868,High Volume / High Value
HM+ Glans SS tunic,4,3290,100.13772881355911,0.010349712051506709,0.011319525748251874,High Volume / High Value
Snoodle HW wide cropepd,4,3286,105.08630508474553,0.010337128814969924,0.011878910679212066,High Volume / High Value
Seahorse linen,2,3285,101.62494915254217,0.010333983005835727,0.011487640495010174,High Volume / High Value
Jill l/s dress w,3,3284,100.63622033898281,0.01033083719670153,0.011375875015647631,High Volume / High Value
Chris 3pk R basic mid trunks,4,3276,78.88101694915238,0.010305670723627959,0.008916676191714474,High Volume / High Value
Frugan 2p,6,3273,77.99844067796595,0.010296233296225369,0.008816910150035105,High Volume / High Value
Juno,2,3269,147.85298305084726,0.010283650059688582,0.016713237542224917,High Volume / High Value
Taina Top,4,3267,94.34108474576252,0.010277358441420189,0.01066427559871992,High Volume / High Value
Canna LS,6,3260,52.22745762711847,0.010255337777480814,0.0059037693223161205,High Volume / Lower Value
Inez HW Loose Denim Shorts.,3,3259,102.63854237288113,0.010252191968346617,0.011602216636209084,High Volume / High Value
LUCKY SHIRT,6,3256,85.85684745762694,0.010242754540944027,0.009705221068772108,High Volume / High Value
Siesta,3,3255,131.59449152542362,0.01023960873180983,0.014875384660695929,High Volume / High Value
Petra 2p bandana,20,3254,50.29377966101688,0.010236462922675634,0.005685187197621971,High Volume / Lower Value
Bahamas jumpsuit,6,3251,179.47901694915237,0.010227025495273044,0.02028823079670022,High Volume / High Value
Pascal Top,3,3251,92.51545762711842,0.010227025495273044,0.01045790749529834,High Volume / High Value
Mary,3,3250,136.9220338983049,0.010223879686138847,0.015477607756618262,High Volume / High Value
Raven skirt,4,3249,25.951847457626908,0.010220733877004652,0.0029335856623855837,High Volume / Lower Value
Bonita WH tapered,1,3249,129.1865593220338,0.010220733877004652,0.014603193041220878,High Volume / High Value
Ginger Hip Ch. Pet. Low 3p,13,3246,55.89637288135574,0.01021129644960206,0.006318501922910807,High Volume / Lower Value
SPARKLING TANK,3,3244,47.193186440677806,0.010205004831333669,0.005334697475033705,High Volume / Lower Value
Frida Espadrille,3,3243,102.40632203389809,0.010201859022199472,0.011575966549078782,High Volume / High Value
Bristol,2,3243,129.67706779661,0.010201859022199472,0.01465863990798614,High Volume / High Value
Lash unpadded wirebra,4,3238,92.75462711864398,0.010186129976528489,0.010484943111639913,High Volume / High Value
Storm,2,3233,70.33483050847445,0.010170400930857505,0.007950618956237051,High Volume / High Value
Christie Dress,3,3233,97.70311864406759,0.010170400930857505,0.011044318462975563,High Volume / High Value
Persilja,3,3232,52.26952542372876,0.01016725512172331,0.005908524647931593,High Volume / Lower Value
Barza,22,3231,72.84789830508456,0.010164109312589112,0.00823469505790093,High Volume / High Value
ED Pingu,12,3231,85.08903389830498,0.010164109312589112,0.00961842775462791,High Volume / High Value
Alexis como Balconette,2,3229,95.51296610169483,0.010157817694320719,0.01079674456261134,High Volume / High Value
Vov trousers,3,3226,177.74437288135584,0.01014838026691813,0.020092147378171395,High Volume / High Value
Lina Linnen scarf.,5,3222,65.66257627118628,0.010135797030381343,0.007422469349011276,High Volume / High Value
Dag shoulder tote,4,3221,144.1816440677964,0.010132651221247149,0.016298230964368738,High Volume / High Value
Tie A Lot Shape Swimsuite,2,3220,184.1321864406779,0.01012950541211295,0.020814223072482405,High Volume / High Value
BYRON ancle HW tights,1,3215,119.80789830508463,0.010113776366441968,0.013543033238084748,High Volume / High Value
Calais,3,3207,198.8433050847456,0.010088609893368395,0.022477161589763463,High Volume / High Value
Pipi Chunky Neck,3,3207,73.10028813559308,0.010088609893368395,0.008263225095668786,High Volume / High Value
Tropic Like Its Hot Top,2,3207,93.0240677966101,0.010088609893368395,0.010515400569862702,High Volume / High Value
Kylie Sl-set (J),3,3204,69.18271186440663,0.010079172465965805,0.007820383960785457,High Volume / High Value
Brentwood HW Mom Twill TRS,4,3204,79.2258644067795,0.010079172465965805,0.008955657599841845,High Volume / High Value
Fraiser Padded,2,3201,182.7092203389829,0.010069735038563217,0.02065337159704086,High Volume / High Value
Lexy cropped hoodie,5,3201,56.8196271186439,0.010069735038563217,0.006422866184363389,High Volume / Lower Value
Darby,6,3200,98.57928813559302,0.01006658922942902,0.011143360285040654,High Volume / High Value
Beast all over lace softbra,2,3197,73.7993898305083,0.01005715180202643,0.00834225125024608,High Volume / High Value
ED Bowie dress,5,3197,95.46850847457605,0.01005715180202643,0.01079171909158419,High Volume / High Value
Coin tee,4,3197,31.64428813559305,0.01005715180202643,0.0035770567055985114,High Volume / Lower Value
Elton maxi dress,3,3195,65.09722033898285,0.010050860183758037,0.0073585617578633,High Volume / High Value
Pistaschio playsuit,3,3194,60.74711864406757,0.01004771437462384,0.006866828135316429,High Volume / Lower Value
September SP Body,2,3194,137.76888135593205,0.01004771437462384,0.015573335028596834,High Volume / High Value
Pete Plisse dress,4,3191,128.53222033898297,0.01003827694722125,0.01452922684431902,High Volume / High Value
Logan,1,3190,144.136661016949,0.010035131138087053,0.016293146099669538,High Volume / High Value
Newbie tee,5,3189,20.197440677965876,0.010031985328952856,0.0022831099977181388,High Volume / Lower Value
Jasmine tee,2,3188,51.85179661016943,0.010028839519818662,0.005861304762710557,High Volume / Lower Value
Willow,5,3188,109.92706779660998,0.010028839519818662,0.012426108411848356,High Volume / High Value
Offy sweater,6,3187,66.54798305084728,0.010025693710684463,0.0075225553501498624,High Volume / High Value
SKINNY SS 79,24,3185,97.22645762711845,0.01001940209241607,0.010990436906858093,High Volume / High Value
Mix tape Cheeky brief,4,3183,34.17311864406764,0.010013110474147676,0.0038629146174245185,High Volume / Lower Value
Juanos.,1,3182,69.6643389830507,0.010009964665013481,0.007874826882900239,High Volume / High Value
CS Lana del ray,4,3182,89.58894915254218,0.010009964665013481,0.010127096237414512,High Volume / High Value
Julie,3,3181,87.34464406779641,0.010006818855879283,0.00987340095697719,High Volume / High Value
5pk basic R socks,1,3178,40.80301694915243,0.009997381428476695,0.004612355467160836,High Volume / Lower Value
200 den 1p Tights,1,3175,32.39988135593207,0.009987944001074106,0.0036624686378858543,High Volume / Lower Value
Henry RW Relaxed Denim TRS,2,3173,152.86869491525405,0.009981652382805713,0.017280211451735805,High Volume / High Value
NICOLE BLOUSE,5,3173,68.08369491525407,0.009981652382805713,0.007696151558062806,High Volume / High Value
Charlotte Hipster Primula,5,3169,27.656220338982866,0.009969069146268926,0.003126247239033193,High Volume / Lower Value
X-mas Pattern 5p socks,7,3169,42.87852542372871,0.009969069146268926,0.004846970051464251,High Volume / Lower Value
Fancy Minami,2,3167,64.30688135593206,0.009962777528000533,0.007269222179519686,High Volume / High Value
Fidde tee,3,3167,25.531288135593034,0.009962777528000533,0.0028860458177053317,High Volume / Lower Value
REEF RW tights,2,3165,116.3786101694914,0.00995648590973214,0.013155387983804064,High Volume / High Value
Flirty Enya necklace RT,5,3165,46.190389830508394,0.00995648590973214,0.005221341777999608,High Volume / Lower Value
Shelly Polo Neck,4,3164,93.77044067796591,0.009953340100597943,0.010599770239001433,High Volume / High Value
6p Claw,2,3163,17.183796610169267,0.009950194291463746,0.0019424489698951154,High Volume / Lower Value
Lola trouser,4,3162,57.06179661016929,0.00994704848232955,0.006450240919413217,High Volume / Lower Value
Amazing  Dress,3,3162,167.25371186440668,0.00994704848232955,0.018906287573834998,High Volume / High Value
JOYCE SKIRT,3,3162,101.83203389830487,0.00994704848232955,0.011511049265505613,High Volume / High Value
Don Vito tie tanga,5,3160,28.46316949152524,0.009940756864061156,0.003217464423784207,High Volume / Lower Value
Rico dress SPEED,3,3160,70.70603389830492,0.009940756864061156,0.007992579627592474,High Volume / High Value
Valencia jumpsuit,2,3157,90.96766101694894,0.009931319436658566,0.010282945232927774,High Volume / High Value
Sigge Sneaker Sock 5-p,1,3156,35.814694915254094,0.009928173627524371,0.004048477692297236,High Volume / Lower Value
Paris glove,7,3155,98.46372881355911,0.009925027818390173,0.011130297509034931,High Volume / High Value
Henric fargo wireless push,4,3154,91.87469491525417,0.009921882009255978,0.010385475954245802,High Volume / High Value
B Lola Beach Dress,2,3153,134.48235593220318,0.009918736200121781,0.0152018276097952,High Volume / High Value
Fleece 1 p tights,1,3151,36.11486440677956,0.009912444581853388,0.004082408722373705,High Volume / Lower Value
Vintage Slim Ankle,4,3151,119.52559322033882,0.009912444581853388,0.013511121592858676,High Volume / High Value
&DENIM+ Skinny Shaping HW,4,3150,245.0009322033897,0.009909298772719191,0.02769479988492075,High Volume / High Value
Alhambra skirt,3,3150,111.9054915254236,0.009909298772719191,0.01264974857829305,High Volume / High Value
Gisele Body,8,3149,141.33079661016924,0.009906152963584994,0.01597597239526307,High Volume / High Value
Vera Trs (J),4,3149,53.27206779661002,0.009906152963584994,0.006021851606092105,High Volume / Lower Value
Zidane blouse,8,3146,59.12530508474562,0.009896715536182404,0.0066834990288835395,High Volume / Lower Value
Park,3,3146,115.80811864406766,0.009896715536182404,0.013090899867409725,High Volume / High Value
CINNA BAKERBOY CAP,5,3144,75.32513559322017,0.009890423917914011,0.008514720894314586,High Volume / High Value
Granny Triangle,2,3143,58.906728813559184,0.009887278108779814,0.006658791261302168,High Volume / Lower Value
Rachel HW Denim TRS,2,3139,124.69349152542361,0.009874694872243028,0.014095298592096088,High Volume / High Value
La la land Brief,2,3138,48.18172881355925,0.009871549063108833,0.005446441879222293,High Volume / Lower Value
Melrose 1,1,3138,71.0500169491524,0.009871549063108833,0.008031463323549667,High Volume / High Value
Calvin Clean Banana brief,4,3138,66.55571186440656,0.009871549063108833,0.007523429011906768,High Volume / High Value
Venice Bandeau,4,3136,61.94244067796596,0.00986525744484044,0.0070019468233521575,High Volume / High Value
Archie,2,3135,50.32293220338976,0.009862111635706243,0.0056884825884594365,High Volume / Lower Value
FUN FANCY CREW,22,3131,67.89962711864392,0.009849528399169456,0.007675344613589043,High Volume / High Value
OP Brazilian 4pk,2,3125,76.8528644067795,0.009830653544364278,0.008687414701597037,High Volume / High Value
Pluto tencel,2,3125,90.51018644067778,0.009830653544364278,0.010231232503803337,High Volume / High Value
Flirty Miki stud pk,6,3124,49.80215254237282,0.00982750773523008,0.0056296138798129424,High Volume / Lower Value
Embrace Flare H.W,2,3123,203.77781355932188,0.009824361926095884,0.02303495630305209,High Volume / High Value
MARY BUTTON OL,4,3123,57.40349152542359,0.009824361926095884,0.006488865965508172,High Volume / Lower Value
Hudson shorts (1),6,3122,78.07806779660997,0.009821216116961686,0.008825911165241155,High Volume / High Value
Beverly Hills Tie Tanga,2,3121,55.60428813559304,0.00981807030782749,0.006285484789014269,High Volume / Lower Value
Jonas skirt,3,3120,138.2619152542372,0.009814924498693294,0.015629067368173027,High Volume / High Value
Barry cardigan (1),3,3119,75.33657627118627,0.009811778689559097,0.008516014143625801,High Volume / High Value
Barcelona tunic dress,7,3118,138.7166779661015,0.0098086328804249,0.01568047354931258,High Volume / High Value
HM+ Maja  SS tee,4,3117,46.4574745762711,0.009805487071290704,0.005251532922660529,High Volume / Lower Value
OLIVER OXFORD SHIRT,10,3115,100.07991525423706,0.00979919545302231,0.011312990528399203,High Volume / High Value
Jasper pencil J,3,3115,71.61942372881339,0.00979919545302231,0.008095828820750049,High Volume / High Value
Rooney dress,10,3114,100.93399999999978,0.009796049643888116,0.011409535900312422,High Volume / High Value
SPEED Meghan dress,3,3113,91.02257627118624,0.009792903834753917,0.010289152829621607,High Volume / High Value
Benita,4,3113,76.87544067796593,0.009792903834753917,0.008689966713571166,High Volume / High Value
SUPREME conscious,2,3112,67.7199830508473,0.009789758025619722,0.007655037725515611,High Volume / High Value
Maltese trow on cardigan,3,3110,155.49225423728805,0.009783466407351329,0.01757677746785868,High Volume / High Value
Billie high 2-pack,3,3108,44.85220338983042,0.009777174789082936,0.005070073758935401,High Volume / Lower Value
Majken strapless balconette,10,3108,52.13186440677952,0.009777174789082936,0.005892963505849085,High Volume / Lower Value
Fireball Chino,9,3104,67.5089491525422,0.009764591552546149,0.007631182544517187,High Volume / High Value
Meg,6,3104,96.64935593220316,0.009764591552546149,0.010925201579750606,High Volume / High Value
Cora dress,6,3103,121.9110508474575,0.009761445743411952,0.013780772695909035,High Volume / High Value
MARLIN tights consciuos,4,3102,86.0034576271185,0.009758299934277756,0.009721793819204716,High Volume / High Value
Riviera dress SS,2,3101,143.63094915254217,0.009755154125143559,0.01623598064826403,High Volume / High Value
J Bamboo,1,3101,51.38698305084742,0.009755154125143559,0.005808762438102036,High Volume / Lower Value
Valencia Jumper,3,3100,96.43781355932181,0.009752008316009362,0.01090128892100502,High Volume / High Value
Doris Twill TRS,4,3099,61.01613559322018,0.009748862506875166,0.006897237695416586,High Volume / High Value
London 9.99,6,3099,41.35389830508465,0.009748862506875166,0.004674626858439508,High Volume / Lower Value
Norway hood,6,3098,132.97645762711846,0.009745716697740969,0.01503160151379104,High Volume / High Value
Squad goals,4,3097,87.60199999999983,0.009742570888606772,0.009902492360742357,High Volume / High Value
Shorts Slim Cash Zip Fly,5,3096,79.6946779661015,0.009739425079472576,0.009008652082728063,High Volume / High Value
Bianca linen,3,3096,50.16779661016943,0.009739425079472576,0.005670946127799366,High Volume / Lower Value
Benny hip belt (1),3,3096,74.3443050847456,0.009739425079472576,0.008403848235958014,High Volume / High Value
SPEED PLUTO,3,3094,56.76935593220324,0.009733133461204184,0.006417183551093667,High Volume / Lower Value
Lola 3p hipster micro v-s LR,1,3093,63.65362711864386,0.009729987652069986,0.007195378601811769,High Volume / High Value
Ursula dress,5,3092,99.66844067796589,0.00972684184293579,0.011266477619468298,High Volume / High Value
ANGELICA S.0,3,3090,44.061423728813466,0.009720550224667397,0.004980684366544236,High Volume / Lower Value
Dores long hoodie,4,3090,124.83759322033886,0.009720550224667397,0.014111587785642678,High Volume / High Value
Robin 5pk Fancy,17,3089,121.43262711864395,0.0097174044155332,0.013726691883601393,High Volume / High Value
Sienna dress,7,3089,52.31298305084739,0.0097174044155332,0.005913437079389303,High Volume / Lower Value
KIND DRESS,4,3087,64.37864406779646,0.009711112797264807,0.007277334205569586,High Volume / High Value
Alexia blouse,4,3082,46.15203389830501,0.009695383751593824,0.005217006039938455,High Volume / Lower Value
Tiffany dress,7,3082,86.69172881355917,0.009695383751593824,0.009799595697767395,High Volume / High Value
Athens wrap dress,3,3081,166.81667796610162,0.009692237942459627,0.0188568854501466,High Volume / High Value
Magic,3,3080,120.82384745762695,0.00968909213332543,0.013657875692845519,High Volume / High Value
Vacation HW wide cropped,3,3078,144.95444067796598,0.009682800515057037,0.01638558756043517,High Volume / High Value
SPEED Post dress,3,3078,140.56506779661004,0.009682800515057037,0.015889414739882254,High Volume / High Value
Swift Padded Swimsuit,3,3078,123.64754237288125,0.009682800515057037,0.01397706495025257,High Volume / High Value
SKINNY BASIC 79,24,3076,71.45286440677951,0.009676508896788644,0.00807700102670367,High Volume / High Value
Loose Mom Ultra HW Consc.,5,3075,140.33857627118627,0.009673363087654449,0.015863812235370006,High Volume / High Value
VELOUR JOGGER,3,3075,75.73505084745744,0.009673363087654449,0.008561057538154183,High Volume / High Value
LS Carrie Bandeau,1,3075,117.87537288135582,0.009673363087654449,0.013324581396284159,High Volume / High Value
Bono hip belt,2,3072,39.17337288135581,0.009663925660251859,0.004428141203421594,High Volume / Lower Value
ED Ruccola,8,3072,94.12720338983029,0.009663925660251859,0.010640098542337368,High Volume / High Value
Zebra sweat - TVP,8,3071,50.53672881355928,0.009660779851117662,0.00571265006521746,High Volume / Lower Value
apri skirt,1,3071,121.63723728813548,0.009660779851117662,0.01374982092906063,High Volume / High Value
Singo.,3,3069,110.58393220338968,0.009654488232849269,0.012500360081561142,High Volume / High Value
HOLLY SHIRT S.9,5,3069,66.66511864406765,0.009654488232849269,0.0075357963071718,High Volume / High Value
Cornelia softbra,3,3068,37.285203389830386,0.009651342423715074,0.004214703337098709,High Volume / Lower Value
Mio,2,3068,100.32796610169481,0.009651342423715074,0.011341030089391257,High Volume / High Value
Pinky Melange,3,3068,63.86316949152521,0.009651342423715074,0.007219065181418506,High Volume / High Value
Anka dress,3,3066,160.85625423728806,0.00964505080544668,0.01818312171825276,High Volume / High Value
Lorentz flannel shirt,4,3064,82.38064406779642,0.009638759187178287,0.009312272534352992,High Volume / High Value
Katja Dress,3,3063,110.27838983050835,0.009635613378044089,0.012465821703289637,High Volume / High Value
Wanda,4,3063,45.057135593220174,0.009635613378044089,0.005093239206967834,High Volume / Lower Value
Nicla Blouse,5,3063,113.16744067796597,0.009635613378044089,0.012792398767132304,High Volume / High Value
Locomotion Balconette,2,3062,69.0065762711863,0.009632467568909894,0.007800473669167467,High Volume / High Value
Leo dress,5,3056,122.7050169491524,0.009613592714104714,0.013870522282182432,High Volume / High Value
TP Paddington Sweater,54,3055,40.08183050847447,0.009610446904970517,0.00453083286243167,High Volume / Lower Value
Sade top with inner bra (1),5,3054,83.10613559322019,0.00960730109583632,0.009394281784008161,High Volume / High Value
Fleece trs (J),4,3049,41.7275593220338,0.009591572050165337,0.004716865338906235,High Volume / Lower Value
BORIS,20,3048,56.00977966101677,0.00958842624103114,0.006331321376453531,High Volume / Lower Value
Julie Seam At Back 1p tights,2,3047,38.59583050847447,0.009585280431896945,0.0043628560622665695,High Volume / Lower Value
Penny,9,3046,129.91762711864388,0.009582134622762748,0.014685832630169945,High Volume / High Value
Vitamin Sea Top,4,3045,61.772474576271044,0.009578988813628552,0.00698273392839977,High Volume / High Value
VELOUR HOOD,3,3045,85.58755932203368,0.009578988813628552,0.009674780853873468,High Volume / High Value
Cindy Heart Belt,1,3044,22.222932203389632,0.009575843004494355,0.0025120706876254144,High Volume / Lower Value
Leya,5,3043,40.53547457627104,0.009572697195360158,0.004582112592527463,High Volume / Lower Value
Skinny ankle (D),9,3041,188.6512881355931,0.009566405577091765,0.02132506038226204,High Volume / High Value
ED Sorrel dress.,6,3039,97.0338474576269,0.009560113958823372,0.010968664336231952,High Volume / High Value
Miller,4,3038,137.68579661016932,0.009556968149689175,0.015563943164710055,High Volume / High Value
Cara top,2,3034,43.147067796610074,0.009544384913152388,0.004877325965667047,High Volume / Lower Value
Porcupine fluid trench,8,3031,164.39308474576262,0.0095349474857498,0.01858292351605886,High Volume / High Value
Polka Blazer TW,5,3028,120.9568305084744,0.009525510058347208,0.013672908039654095,High Volume / High Value
Flirty Shell necklace,2,3028,19.384389830508265,0.009525510058347208,0.002191203080001145,High Volume / Lower Value
MAXENCE TEE,15,3027,55.68915254237269,0.009522364249213013,0.006295077825016123,High Volume / Lower Value
V-neck strap top 2-pack(1),1,3027,48.987677966101636,0.009522364249213013,0.005537546024403884,High Volume / Lower Value
Satin kimono (W),3,3027,97.23244067796588,0.009522364249213013,0.010991113228349733,High Volume / High Value
Dreams blouse,5,3024,124.59427118644051,0.009512926821810423,0.014084082767699267,High Volume / High Value
KELLY S.8,9,3024,40.17149152542362,0.009512926821810423,0.004540968105181782,High Volume / Lower Value
ED Jen tee,6,3024,44.8092711864406,0.009512926821810423,0.005065220721149762,High Volume / Lower Value
Stina scarf,10,3023,42.50001694915245,0.009509781012676227,0.004804183616474551,High Volume / Lower Value
Bonnie,9,3023,70.13691525423714,0.009509781012676227,0.007928246701115485,High Volume / High Value
Bowy,2,3023,110.48506779661005,0.009509781012676227,0.012489184491587346,High Volume / High Value
Alex Shorts,5,3022,39.07216949152533,0.00950663520354203,0.0044167012158108365,High Volume / Lower Value
Coachella padded softbra,4,3022,75.12893220338968,0.00950663520354203,0.008492542147608481,High Volume / High Value
Cash Thong Malva Low 2p,3,3022,45.768864406779585,0.00950663520354203,0.005173692725599741,High Volume / Lower Value
Anthony 3pk basic short trunks,3,3019,48.56796610169486,0.00949719777613944,0.0054901019759689045,High Volume / Lower Value
H2 Canna top PI,1,3016,88.84876271186423,0.009487760348736851,0.010043425880866277,High Volume / High Value
Dixie,5,3016,106.06535593220327,0.009487760348736851,0.011989582165453575,High Volume / High Value
Moa tee dress,4,3016,47.739338983050786,0.009487760348736851,0.005396434323263751,High Volume / Lower Value
SADE top with inner bra,3,3015,72.7351355932202,0.009484614539602653,0.008221948409504623,High Volume / High Value
Candy Mesh Tights,1,3014,145.4867457627117,0.009481468730468458,0.016445759098017407,High Volume / High Value
Mastiff,4,3013,194.3687288135592,0.00947832292133426,0.021971357414710582,High Volume / High Value
Tambov,2,3012,137.31861016949136,0.009475177112200065,0.015522436567557231,High Volume / High Value
Campari,3,3012,197.50203389830497,0.009475177112200065,0.022325544872366463,High Volume / High Value
Sorrento(1),1,3011,137.9543559322032,0.009472031303065868,0.015594300994837754,High Volume / High Value
Banjo dress,4,3009,41.794559322033805,0.009465739684797475,0.00472443899005769,High Volume / Lower Value
Cactus wirless balboa,2,3009,84.12498305084739,0.009465739684797475,0.009509451861927788,High Volume / High Value
Liza coral padded wire,2,3008,48.83013559322029,0.009462593875663278,0.0055197375024072315,High Volume / Lower Value
Bennett lace top,3,3007,89.1428474576269,0.009459448066529081,0.01007666909390166,High Volume / High Value
Baltazar short denim,3,3005,95.37015254237267,0.00945315644826069,0.010780600979357553,High Volume / High Value
Cheeky Clara Cheeky Swimsuit,3,3004,90.57813559322013,0.009450010639126491,0.010238913446749496,High Volume / High Value
Freja leggings,3,3002,39.623847457627015,0.009443719020858098,0.0044790626555600635,High Volume / Lower Value
Khloe V-shape brazilian 2pack,5,3001,42.59850847457618,0.009440573211723903,0.004815317056100431,High Volume / Lower Value
Bellora(1),2,2999,97.41766101694901,0.00943428159345551,0.011012050455717083,High Volume / High Value
Ophelia Brazilian Azalea,5,2998,26.818050847457457,0.009431135784321313,0.0030315009206062426,High Volume / Lower Value
Fav polo solid,18,2998,34.799813559321905,0.009431135784321313,0.003933755940805508,High Volume / Lower Value
Kanye Vest Top,2,2997,62.44161016949144,0.009427989975187116,0.007058372727744143,High Volume / High Value
POWER tights,3,2993,101.30777966101684,0.00941540673865033,0.011451787792253499,High Volume / High Value
Kate HW shorts(1),3,2993,48.98228813559317,0.00941540673865033,0.005536936760283936,High Volume / Lower Value
Amelie pump,5,2992,102.03808474576253,0.009412260929516133,0.01153434116458182,High Volume / High Value
Gigi,3,2991,67.90496610169477,0.009409115120381936,0.007675948129934276,High Volume / High Value
POLLY BLOUSE,3,2991,48.25444067796596,0.009409115120381936,0.005454661197066894,High Volume / Lower Value
Alicia wrap skirt,5,2991,43.045881355932124,0.009409115120381936,0.004865887893981194,High Volume / Lower Value
Frank Tank,10,2990,16.30706779661001,0.00940596931124774,0.0018433439223081508,High Volume / Lower Value
Tutti Frutti 3p Hipster Ct,3,2990,63.03049152542352,0.00940596931124774,0.007124939622660938,High Volume / High Value
FOG tanktop,4,2988,37.074542372881254,0.009399677692979346,0.004190890306448211,High Volume / Lower Value
Granda tank,6,2987,40.49747457627109,0.00939653188384515,0.00457781708888933,High Volume / Lower Value
Mom Shorts HW Trash,3,2985,106.42503389830497,0.009390240265576758,0.01203024000787326,High Volume / High Value
NILS LS CHECK,17,2984,92.64603389830488,0.00938709445644256,0.01047266778077034,High Volume / High Value
Penny Wide Culotte,3,2984,111.96444067796598,0.00938709445644256,0.012656412165114393,High Volume / High Value
Zia,4,2982,42.60674576271178,0.009380802838174168,0.004816248195604507,High Volume / Lower Value
Mimosa C&S Padded,4,2982,66.94694915254222,0.009380802838174168,0.007567654306500509,High Volume / High Value
SPEED CORGIE BLOUSE,3,2980,55.31196610169477,0.009374511219905774,0.006252440832169057,High Volume / Lower Value
Fraser HW pull-on,5,2980,94.36245762711845,0.009374511219905774,0.010666691580025759,High Volume / High Value
H2 Lauren dress PI,1,2980,93.53666101694895,0.009374511219905774,0.010573343886779826,High Volume / High Value
Luna Push Lace Melbourne CS,2,2979,74.33325423728805,0.009371365410771578,0.008402599052919632,High Volume / High Value
Charlotte Wireless Abeline,3,2978,68.6279322033897,0.009368219601637381,0.007757671906778523,High Volume / High Value
Pearl PU,1,2977,77.0747966101693,0.009365073792503184,0.008712501822309695,High Volume / High Value
Calgary Cardigan,5,2975,100.56335593220325,0.009358782174234791,0.011367638454478883,High Volume / High Value
Class Monica necklace,7,2974,35.71393220338971,0.009355636365100594,0.004037087518734021,High Volume / Lower Value
Stacey,3,2974,123.52167796610158,0.009355636365100594,0.013962837291904302,High Volume / High Value
Cayenne highwaist (1),2,2974,55.75791525423711,0.009355636365100594,0.006302850732357752,High Volume / Lower Value
Elin top,3,2973,69.73379661016934,0.009352490555966398,0.007882678343162992,High Volume / High Value
Doris sandal new,6,2973,38.981779661016844,0.009352490555966398,0.004406483588289786,High Volume / Lower Value
Lovegood horsebit waist,2,2972,70.77305084745751,0.009349344746832203,0.00800015519466884,High Volume / High Value
Control Top 200 den 1p Tights,1,2970,37.80603389830498,0.00934305312856381,0.004273577793519924,High Volume / Lower Value
Margarita Push w. Back Detail,3,2969,73.90122033898298,0.009339907319429611,0.008353762127078355,High Volume / High Value
Texas linen,1,2969,117.09774576271174,0.009339907319429611,0.013236678761619665,High Volume / High Value
PC Waterfall,3,2968,65.8981694915253,0.009336761510295416,0.007449100705197775,High Volume / High Value
Staffy short jacket,3,2966,131.9628305084744,0.009330469892027023,0.014917021540742322,High Volume / High Value
EMELIE DOUBLE EYELET BELT,5,2966,55.10505084745744,0.009330469892027023,0.006229051220922667,High Volume / Lower Value
Bruno Hood,6,2965,44.03910169491518,0.009327324082892826,0.00497816109344369,High Volume / Lower Value
The Highline high waist,2,2963,72.59864406779647,0.009321032464624433,0.008206519466240604,High Volume / High Value
2p claw 2,2,2956,13.567644067796394,0.009299011800685056,0.0015336806435312595,High Volume / Lower Value
Ariticia jumpsuit,3,2955,50.59437288135579,0.009295865991550861,0.005719166125821065,High Volume / Lower Value
Polly shopper,5,2953,80.38508474576254,0.009289574373282468,0.00908669536782884,High Volume / High Value
Ozzy HW Denim Shorts,3,2952,60.94466101694901,0.009286428564148269,0.006889158240090081,High Volume / Lower Value
Orlando Push Melbourn,2,2950,48.60993220338979,0.009280136945879877,0.005494845806034933,High Volume / Lower Value
Toby Lace top,4,2949,106.69889830508461,0.00927699113674568,0.012061197522496382,High Volume / High Value
Fonda body,2,2948,55.579694915254095,0.009273845327611484,0.006282704781976388,High Volume / Lower Value
Coco(1),4,2948,36.92693220338972,0.009273845327611484,0.004174204516446181,High Volume / Lower Value
EDC LAURA LACE TOP,1,2947,72.21855932203374,0.009270699518477287,0.008163554850234688,High Volume / High Value
Venice Shorts,3,2944,53.88723728813545,0.009261262091074697,0.006091390100537351,High Volume / Lower Value
Joey,6,2940,125.19708474576255,0.009248678854537912,0.0141522245528884,High Volume / High Value
OL CALYPSO Sandalette,9,2937,105.30852542372871,0.009239241427135322,0.011904030370648133,High Volume / High Value
Topi Dress,10,2937,60.850118644067656,0.009239241427135322,0.0068784712109671835,High Volume / Lower Value
ISAAC TEE,12,2937,43.45701694915247,0.009239241427135322,0.004912362484413989,High Volume / Lower Value
Mermaid Push Bra,2,2936,86.1808644067796,0.009236095618001126,0.009741847805190629,High Volume / High Value
Rio romantic tunic,3,2936,112.04661016949144,0.009236095618001126,0.012665700569056278,High Volume / High Value
Mastiff Essential blazer,2,2934,167.7520677966101,0.009229803999732732,0.018962621513831518,High Volume / High Value
Hannele occasion dress,3,2930,111.54101694915238,0.009217220763195946,0.012608548529125104,High Volume / High Value
Siri Basic Cardigan,4,2930,71.63640677966086,0.009217220763195946,0.008097748577505365,High Volume / High Value
Hazelnut Push Melbourne Straps,3,2925,71.71403389830499,0.009201491717524962,0.008106523513572578,High Volume / High Value
Kelly,9,2923,85.24179661016935,0.009195200099256569,0.009635695985801206,High Volume / High Value
Everlacing Push triangle,1,2922,47.86638983050832,0.009192054290122374,0.005410796096355393,High Volume / Lower Value
Ellen 3p tanga thong LR,2,2921,40.10855932203381,0.009188908480988175,0.00453385427600765,High Volume / Lower Value
Sorrento Push Bra.,1,2919,62.86286440677959,0.009182616862719782,0.007105991125345526,High Volume / High Value
KARIN+,12,2916,54.452186440677785,0.009173179435317194,0.006155251709487584,High Volume / Lower Value
Venice SP bralette,4,2911,95.20594915254216,0.009157450389646212,0.010762039498873036,High Volume / High Value
IZZY KNOT loose tee,2,2909,67.6458983050846,0.009151158771377819,0.007646663217753657,High Volume / High Value
Maui Skirt,6,2905,90.52893220338963,0.009138575534841032,0.01023335151674882,High Volume / High Value
+ Miami Wire bra,4,2903,116.01645762711853,0.009132283916572639,0.013114450416348174,High Volume / High Value
Bigg pull-on shorts,3,2902,43.49654237288128,0.009129138107438442,0.004916830421293623,High Volume / Lower Value
Perrie Fancy Denim Shorts,6,2901,111.95959322033887,0.009125992298304245,0.01265586421059142,High Volume / High Value
Karen,5,2901,152.67872881355916,0.009125992298304245,0.017258737765394928,High Volume / High Value
Naomi,15,2901,99.95477966101681,0.009125992298304245,0.01129884525482188,High Volume / High Value
Bow buckle HW,2,2898,81.07977966101681,0.009116554870901655,0.009165223381930711,High Volume / High Value
Samantha Rio Wireless (1),5,2897,62.499898305084606,0.009113409061767459,0.007064961593494163,High Volume / High Value
JONES 5-PKT SHORTS,10,2893,80.3420338983049,0.009100825825230672,0.00908182891856886,High Volume / High Value
Skinny denim (D),9,2891,190.570661016949,0.00909453420696228,0.021542025466335955,High Volume / High Value
Ninia espadrille,2,2891,100.52959322033885,0.00909453420696228,0.011363821932067121,High Volume / High Value
Bora Bora,2,2891,116.71188135593204,0.00909453420696228,0.01319306081522097,High Volume / High Value
ISAAC RXD RN T-SHIRT,2,2890,46.61386440677961,0.009091388397828084,0.005269211161763613,High Volume / Lower Value
OLEANDER LINEN STRAP TOP,4,2890,37.15633898305076,0.009091388397828084,0.004200136560042171,High Volume / Lower Value
CALI OFF SHOULDER,3,2889,54.5547796610168,0.009088242588693887,0.006166848802940599,High Volume / Lower Value
Lyon Bandeu,2,2888,68.17374576271172,0.00908509677955969,0.007706330867085748,High Volume / High Value
Chenille 2p Lounge sock,4,2888,35.40225423728802,0.00908509677955969,0.004001855575646721,High Volume / Lower Value
Mim,3,2885,80.22484745762694,0.0090756593521571,0.009068582213772209,High Volume / High Value
Stella Padded Soft Bra,4,2884,67.86659322033884,0.009072513543022903,0.007671610475948216,High Volume / High Value
DIV Fancy pants,5,2884,89.07498305084727,0.009072513543022903,0.010068997730580028,High Volume / High Value
Box 4p Kneehighs,2,2882,18.5465932203388,0.00906622192475451,0.0020964989119221173,High Volume / Lower Value
SKINNY Knit 89,11,2882,107.20327118644055,0.00906622192475451,0.01211821161583435,High Volume / High Value
JOSEFINE SHIRT,5,2877,79.89588135593203,0.009050492879083527,0.009031396027281298,High Volume / High Value
Lana seamless bralette,4,2877,47.27606779661013,0.009050492879083527,0.00534406634782163,High Volume / Lower Value
LS Carrie Cheeky Brief,1,2876,80.07852542372875,0.009047347069949332,0.009052042034063014,High Volume / High Value
My Humps Top,2,2875,56.9539999999999,0.009044201260815133,0.006438055637014226,High Volume / Lower Value
Rexona mini skirt,1,2875,92.95059322033877,0.009044201260815133,0.010507095035397328,High Volume / High Value
Cala dress,3,2874,134.15699999999984,0.009041055451680938,0.015165049515309163,High Volume / High Value
Jones Denim Slim Shorts,6,2874,101.20266101694904,0.009041055451680938,0.011439905225989568,High Volume / High Value
Pick Up High Rise Brief,2,2872,59.735593220338785,0.009034763833412545,0.006752485736955993,High Volume / Lower Value
Adina Jsy Pull- on TRS,2,2872,89.67203389830489,0.009034763833412545,0.01013648810130129,High Volume / High Value
Zero Tee,14,2871,35.9612033898304,0.009031618024278348,0.004065038947180411,High Volume / Lower Value
Dahlia Padded Soft Bra,3,2871,61.64550847457613,0.009031618024278348,0.006968381734932645,High Volume / High Value
Electra superpush bra,4,2870,122.16991525423713,0.009028472215144152,0.013810034616990784,High Volume / High Value
Slim Straight 5pkt (1),11,2866,132.28988135593207,0.009015888978607365,0.014953991227718916,High Volume / High Value
CS Lolipop jumpsuit,1,2866,113.92133898305073,0.009015888978607365,0.012877619106929094,High Volume / High Value
Cardamom Push Valencia,4,2865,54.12989830508461,0.00901274316947317,0.0061188203974094435,High Volume / Lower Value
BONGO CONCIOUS TVP,4,2863,28.222745762711725,0.009006451551204777,0.0031902870289996473,High Volume / Lower Value
Palermo coral padded wire,2,2863,46.36635593220334,0.009006451551204777,0.005241232910368548,High Volume / Lower Value
Granger HW,3,2863,136.08279661016934,0.009006451551204777,0.015382740734922264,High Volume / High Value
Pinnochio Beanie,7,2862,39.80254237288127,0.009003305742070578,0.004499262251838788,High Volume / Lower Value
Sabini dress (1),2,2862,162.14294915254226,0.009003305742070578,0.018328569157454042,High Volume / High Value
Shorts H.W Stretch,3,2859,84.25413559322013,0.00899386831466799,0.009524051209707708,High Volume / High Value
RYAN V-NECK,9,2859,22.015525423728636,0.00899386831466799,0.0024886255145567726,High Volume / Lower Value
Super Skinny L.W Elite,3,2857,138.28710169491512,0.008987576696399597,0.015631914432582602,High Volume / High Value
BENNY basic crewneck BB,10,2856,40.49754237288127,0.0089844308872654,0.004577824752588953,High Volume / Lower Value
JELLYFISH highleg 2-pack,4,2856,69.2365762711863,0.0089844308872654,0.007826472770135148,High Volume / High Value
Papillon funnelneck.,4,2855,95.53994915254223,0.008981285078131203,0.010799794715060896,High Volume / High Value
Patsy Platform,6,2851,160.5058644067796,0.008968701841594416,0.018143513802681293,High Volume / High Value
ANTELOPE SS,3,2850,52.828847457626956,0.008965556032460222,0.005971750169813192,High Volume / Lower Value
Sydney linen shirt dress,2,2845,149.6506779661016,0.008949826986789236,0.016916448201402232,High Volume / High Value
Basic 2p Overknee,2,2844,31.91406779661004,0.008946681177655041,0.003607552482319413,High Volume / Lower Value
Flack,3,2844,61.045050847457475,0.008946681177655041,0.006900506263305376,High Volume / High Value
Amore Top,3,2842,100.30245762711851,0.008940389559386648,0.011338146622408472,High Volume / High Value
SOPHIA BLOUSE,7,2841,44.44925423728799,0.008937243750252451,0.005024524560231958,High Volume / Lower Value
MARLEY BLOUSE,2,2838,75.3105932203388,0.008927806322849861,0.008513077030745662,High Volume / High Value
PAUL V-NECK,17,2838,82.041474576271,0.008927806322849861,0.009273932961068964,High Volume / High Value
Dublin dress,3,2837,61.03757627118631,0.008924660513715665,0.006899661340422051,High Volume / High Value
Romance top,7,2837,48.78581355932191,0.008924660513715665,0.005514727358779331,High Volume / Lower Value
Tangerine,4,2835,129.31723728813543,0.008918368895447271,0.014617964822242303,High Volume / High Value
Piper push bralette lacing,2,2834,70.19949152542358,0.008915223086313075,0.007935320295866603,High Volume / High Value
Henry polo,2,2834,45.906118644067746,0.008915223086313075,0.00518920788548451,High Volume / Lower Value
Alessandria,5,2833,89.20806779660998,0.008912077277178878,0.010084041572938041,High Volume / High Value
Clean Edge 60 den 1p Leggings,1,2833,21.42840677966086,0.008912077277178878,0.002422257875830139,High Volume / Lower Value
Flora lace top,3,2831,39.83910169491517,0.008905785658910486,0.004503394901859959,High Volume / Lower Value
LS Emmy Padded Triangle Top,1,2831,109.06116949152532,0.008905785658910486,0.012328227640276008,High Volume / High Value
Ophelia Push Melb. Bralette,3,2828,83.81938983050829,0.008896348231507896,0.00947490773588155,High Volume / High Value
Herbal hood TVP,5,2827,73.8794237288134,0.0088932024223737,0.008351298247649868,High Volume / High Value
EVA tank top conscious,4,2826,37.503593220338885,0.008890056613239503,0.004239390029506123,High Volume / Lower Value
BOBBY SKIRT S.0,5,2824,49.14294915254226,0.00888376499497111,0.005555097812463194,High Volume / Lower Value
Kelly poncho,13,2823,76.79088135593211,0.008880619185836913,0.00868040816421762,High Volume / High Value
Heath slim chinos,15,2821,106.8172033898304,0.00887432756756852,0.012074570678336796,High Volume / High Value
Pom Pom,2,2821,122.3105762711863,0.00887432756756852,0.013825934877781557,High Volume / High Value
Frugan 2-pack,6,2820,72.50805084745747,0.008871181758434323,0.008196278847620687,High Volume / High Value
Fairfax HW slim,1,2819,97.83935593220325,0.008868035949300126,0.011059718667366006,High Volume / High Value
Correy Muscle Fit Tee,6,2818,45.78528813559317,0.00886489014016593,0.005175549256833176,High Volume / Lower Value
Orlando C&S padded wire bra,2,2817,82.63244067796603,0.008861744331031735,0.009340735514749163,High Volume / High Value
Gold Coast Triangle Top,2,2816,79.05023728813552,0.008858598521897536,0.008935804785971028,High Volume / High Value
Sorrento,2,2815,124.5251355932202,0.008855452712763341,0.014076267710009721,High Volume / High Value
Jan tee,1,2815,23.295932203389654,0.008855452712763341,0.0026333621456181176,High Volume / Lower Value
Nat ls linnen solid,11,2815,81.30588135593206,0.008855452712763341,0.009190781820170125,High Volume / High Value
OPEN (softbra lace),1,2815,64.70659322033885,0.008855452712763341,0.0073144054365661725,High Volume / High Value
Belle jumpsuit,2,2815,101.62323728813548,0.008855452712763341,0.011487446986594728,High Volume / High Value
Madeleine HW Woven Pull-On TRS,8,2814,43.349627118644,0.008852306903629143,0.00490022318421272,High Volume / Lower Value
Emily Brief,2,2814,66.85650847457612,0.008852306903629143,0.007557430931204743,High Volume / High Value
Doxen sweater,3,2813,103.8133728813558,0.008849161094494948,0.011735018971034059,High Volume / High Value
Calista Cable,2,2813,68.40983050847444,0.008849161094494948,0.007733017785094505,High Volume / High Value
Fleece leggings 1 p,2,2813,33.58998305084735,0.008849161094494948,0.003796997221050681,High Volume / Lower Value
H2 Aster dress PI,1,2812,82.77044067796591,0.00884601528536075,0.009356334975329757,High Volume / High Value
Nutella Push Melbourne,6,2812,54.863338983050724,0.00884601528536075,0.0062017282158452905,High Volume / Lower Value
Tessa plissè (1),3,2812,130.72406779661,0.00884601528536075,0.014776992337173797,High Volume / High Value
Dominican dress,4,2811,57.94571186440664,0.008842869476226554,0.006550158319160129,High Volume / Lower Value
PERFECT HOOD,25,2811,85.01372881355915,0.008842869476226554,0.009609915300272751,High Volume / High Value
Shorts H.W Wide,4,2810,76.68415254237269,0.008839723667092358,0.008668343585087654,High Volume / High Value
Maria Woven Shorts(1),1,2809,57.98442372881341,0.008836577857958161,0.006554534291644297,High Volume / Lower Value
ZOLA MID SKIRT,2,2806,90.52191525423709,0.008827140430555571,0.010232558323837944,High Volume / High Value
MEGAN DRESS,2,2804,62.27050847457612,0.00882084881228718,0.007039031465823079,High Volume / High Value
ESPRESSO SS,4,2803,31.62010169491514,0.008817703003152981,0.0035743226807583637,High Volume / Lower Value
Sparkle,6,2803,108.96445762711848,0.008817703003152981,0.012317295372765201,High Volume / High Value
Beatrice Body,6,2801,36.70142372881346,0.008811411384884588,0.00414871313557846,High Volume / Lower Value
Bolivar bow,3,2799,86.051474576271,0.008805119766616194,0.009727221634462003,High Volume / High Value
Basic Ronaldo necklace,2,2796,20.544372881355763,0.008795682339213606,0.0023223270646088932,High Volume / Lower Value
Nico Blouse,2,2796,102.82198305084734,0.008795682339213606,0.011622952691461358,High Volume / High Value
Raspberry Shorts,3,2795,59.84364406779647,0.00879253653007941,0.006764699758228583,High Volume / Lower Value
Halter,4,2795,19.780864406779482,0.00879253653007941,0.0022360203953906825,High Volume / Lower Value
Leonardo,2,2795,124.10544067796593,0.00879253653007941,0.014028825577499642,High Volume / High Value
LS SNIPE,3,2793,44.60715254237283,0.008786244911811016,0.005042373316651637,High Volume / Lower Value
Cia,5,2793,121.42554237288124,0.008786244911811016,0.013725891026990893,High Volume / High Value
Astaire 1p Overknee,3,2792,41.90750847457621,0.00878309910267682,0.004737206713627968,High Volume / Lower Value
JEKYL SWEATSHIRT,13,2788,65.62015254237274,0.008770515866140033,0.007417673788972802,High Volume / High Value
GALATEA HW  cropped,3,2787,79.39937288135576,0.008767370057005838,0.008975270923099483,High Volume / High Value
Bama1,6,2785,92.38862711864385,0.008761078438737444,0.010443570629230459,High Volume / High Value
Pretty tee,10,2785,44.07338983050832,0.008761078438737444,0.004982037009527515,High Volume / Lower Value
Slim Straight 5pkt Midprice,4,2784,120.04576271186426,0.008757932629603248,0.013569921328208577,High Volume / High Value
Acerola jumpsuit,3,2782,55.782542372881196,0.008751641011334854,0.00630563457124545,High Volume / Lower Value
Doutzen,2,2780,342.9513728813558,0.00874534939306646,0.038767075524117435,High Volume / High Value
Timeless Xtra cheeky brazilian,1,2779,36.198728813559214,0.008742203583932264,0.0040918887188061345,High Volume / Lower Value
Hitchcock,9,2779,126.6199830508473,0.008742203583932264,0.01431306836463031,High Volume / High Value
Liza Superpush (Andes) 2pk,1,2779,108.64793220338971,0.008742203583932264,0.012281515475154929,High Volume / High Value
Leo seamless t-shirt (1),10,2778,60.250186440677794,0.008739057774798067,0.006810655133011982,High Volume / Lower Value
Enna (1),6,2778,105.56835593220327,0.008739057774798067,0.011933401499449499,High Volume / High Value
Adeline linen longsleeve,7,2778,89.01798305084726,0.008739057774798067,0.010062554475122821,High Volume / High Value
Polly sandal,7,2778,38.54640677966093,0.008739057774798067,0.004357269225242123,High Volume / Lower Value
Pam,2,2776,84.36155932203376,0.008732766156529674,0.009536194341758796,High Volume / High Value
W Amanda,3,2776,85.73798305084728,0.008732766156529674,0.009691784687409813,High Volume / High Value
Push Up Jeggings LW,8,2775,139.04838983050828,0.008729620347395477,0.015717970115638184,High Volume / High Value
Margot RTW blouse,5,2774,73.24038983050832,0.00872647453826128,0.008279062130937674,High Volume / High Value
Chicken jumpsuit,4,2774,209.90516949152533,0.00872647453826128,0.023727589979340234,High Volume / High Value
Evie French Thong (Mynta) 3pk,4,2774,58.68152542372862,0.00872647453826128,0.0066333343670827395,High Volume / Lower Value
RICHIE S.2,7,2773,87.08661016949134,0.008723328729127084,0.009844232916215808,High Volume / High Value
Uma Mia Padded Soft Top,4,2771,45.171694915254186,0.00871703711085869,0.005106188943404144,High Volume / Lower Value
Hilly Brief 2pk LT,2,2769,67.02271186440663,0.008710745492590299,0.007576218490828109,High Volume / High Value
Grape tee,3,2768,107.71457627118629,0.0087075996834561,0.012176009322458667,High Volume / High Value
Greta Bikini (Camelia) 3p,3,2767,53.564033898304906,0.008704453874321906,0.006054855328514303,High Volume / Lower Value
London bucket shopper,8,2766,77.44886440677948,0.008701308065187707,0.008754786284974154,High Volume / High Value
Elba swimsuit,3,2761,124.59445762711856,0.008685579019516726,0.014084103842873234,High Volume / High Value
Despacito (1),1,2760,66.50684745762698,0.008682433210382529,0.00751790540040421,High Volume / High Value
Bonus blouse,3,2760,86.88701694915235,0.008682433210382529,0.0098216709845286,High Volume / High Value
Havana Top (1),4,2759,44.57698305084741,0.008679287401248332,0.005038962970319843,High Volume / Lower Value
R-Neck Pisa TVP,14,2759,163.41988135593206,0.008679287401248332,0.01847291302390976,High Volume / High Value
Era,4,2758,56.031932203389694,0.008676141592114137,0.00633382549030503,High Volume / Lower Value
SUGARPUFF MUSCLE TEE,25,2756,47.91630508474559,0.008669849973845744,0.005416438495202098,High Volume / Lower Value
PIGALLE HW tights,1,2755,103.05132203389817,0.008666704164711546,0.011648877071357722,High Volume / High Value
MICHELLE L/S,5,2754,62.2554576271185,0.00866355835557735,0.007037330124506993,High Volume / High Value
Snake,3,2754,96.10094915254224,0.00866355835557735,0.01086320991350815,High Volume / High Value
Vicky sandalette,3,2752,124.274288135593,0.008657266737308957,0.01404791202140826,High Volume / High Value
GRETA mockneck tank,2,2752,35.54335593220329,0.008657266737308957,0.004017805650485038,High Volume / Lower Value
Davos paper-bag waist shorts,3,2749,81.52854237288116,0.008647829309906367,0.009215951325653716,High Volume / High Value
MARION-SHORTS,12,2748,54.69813559322021,0.00864468350077217,0.006183053695791349,High Volume / Lower Value
Indiana Printed,9,2748,34.22694915254227,0.00864468350077217,0.003868999594924403,High Volume / Lower Value
Flirty Minea necklace,2,2747,22.029983050847285,0.008641537691637974,0.0024902597985011674,High Volume / Lower Value
FOG TANKTOP,4,2747,40.160169491525366,0.008641537691637974,0.004539688267344912,High Volume / Lower Value
SPEED PENNY BLOUSE,3,2745,61.762542372881214,0.00863524607336958,0.006981611196405144,High Volume / High Value
BUBBLE WRAP TOP,3,2745,87.82655932203369,0.00863524607336958,0.009927876449815366,High Volume / High Value
Trisha tee dress(1),3,2745,49.27040677966084,0.00863524607336958,0.005569505567752572,High Volume / Lower Value
Baraboom throw-on,1,2744,90.83633898305064,0.008632100264235384,0.010268100646759936,High Volume / High Value
Ivy,5,2743,64.63606779661005,0.008628954455101189,0.007306433273034374,High Volume / High Value
Joli Party tee,4,2743,39.625983050847374,0.008628954455101189,0.00447930406209816,High Volume / Lower Value
Garbi,3,2741,107.90384745762701,0.008622662836832795,0.012197404455878429,High Volume / High Value
ARK DRESS,4,2740,66.50442372881342,0.008619517027698597,0.007517631423142724,High Volume / High Value
Pinocchio hat,6,2739,37.7319491525423,0.008616371218564402,0.0042652032857579715,High Volume / Lower Value
Carrie Kaftan.,2,2738,64.59476271186425,0.008613225409430204,0.007301764164039658,High Volume / High Value
5pk invisble sock,8,2736,39.3873898305084,0.008606933791161812,0.004452333587203389,High Volume / Lower Value
Stina,7,2736,110.32177966101676,0.008606933791161812,0.012470726471047716,High Volume / High Value
NINA TSHIRT,4,2735,42.39616949152537,0.008603787982027615,0.004792444744578536,High Volume / Lower Value
PQ Icona cashmere scarf,9,2734,215.43654237288126,0.008600642172893419,0.024352853988176156,High Volume / High Value
CINNAMON tight yoga strap top,3,2731,64.19938983050834,0.008591204745490829,0.007257071383768985,High Volume / High Value
R-NECK SS BASIC 3 PK,14,2729,83.75340677966084,0.008584913127222435,0.009467449040224426,High Volume / High Value
OL CELESTE PQ Espadrille,5,2729,117.33771186440663,0.008584913127222435,0.01326380442643178,High Volume / High Value
OX oxford shirt,4,2729,83.15808474576252,0.008584913127222435,0.009400154093843526,High Volume / High Value
Rosie,7,2729,53.59947457627105,0.008584913127222435,0.006058861527491716,High Volume / Lower Value
Nina Sandal,4,2728,40.257779661016876,0.008581767318088239,0.004550722078875704,High Volume / Lower Value
Shorts Skinny Barato (1),8,2728,53.91749152542361,0.008581767318088239,0.006094810026493677,High Volume / Lower Value
Maran linen,7,2727,41.58894915254231,0.008578621508954042,0.004701196905029033,High Volume / Lower Value
Connie l/s dress,2,2727,82.74198305084727,0.008578621508954042,0.009353118137413418,High Volume / High Value
Lucy,4,2726,62.86342372881342,0.008575475699819845,0.007106054350867399,High Volume / High Value
Bora Bora Rtw dress,4,2724,82.80342372881339,0.008569184081551452,0.009360063365195868,High Volume / High Value
PRICE TANK CONCIOUS,3,2723,17.77654237288118,0.008566038272417257,0.0020094526956903843,High Volume / Lower Value
Class Ritva earring,2,2721,19.86301694915238,0.008559746654148864,0.0022453068834076594,High Volume / Lower Value
Ellen Bikini Clover Mid 3p,5,2721,39.42518644067789,0.008559746654148864,0.004456606099742662,High Volume / Lower Value
Amore strapless push bra,4,2720,81.92567796610152,0.008556600845014667,0.009260843362114567,High Volume / High Value
Sugar,6,2719,118.90815254237273,0.00855345503588047,0.013441326364476097,High Volume / High Value
LS Birdie T-Shirt,1,2719,44.516610169491486,0.00855345503588047,0.005032138445806441,High Volume / Lower Value
MANDY RW ankle tights,3,2719,101.52910169491514,0.00855345503588047,0.011476805939669562,High Volume / High Value
Venice melbourne,3,2717,78.2289830508474,0.008547163417612077,0.008842970560599772,High Volume / High Value
SF PI Marla dress,1,2716,84.46696610169474,0.00854401760847788,0.009548109478746116,High Volume / High Value
Class Cilla hoop,2,2715,12.980779661016737,0.008540871799343683,0.0014673417436782063,High Volume / Lower Value
ED Tulip,6,2714,62.39632203389817,0.008537725990209487,0.007053253376396633,High Volume / High Value
Cinna cap,7,2714,61.89594915254224,0.008537725990209487,0.006996691441336362,High Volume / High Value
Timeless MR Tie Tanga(1),3,2713,44.233152542372835,0.00853458018107529,0.005000096517686801,High Volume / Lower Value
Pippy dress,7,2712,57.33337288135577,0.008531434371941093,0.006480939784174102,High Volume / Lower Value
Jodi utility shirt dress,3,2711,47.78993220338971,0.008528288562806897,0.005402153359106672,High Volume / Lower Value
TOM PRINT,10,2711,64.104254237288,0.008528288562806897,0.007246317297274395,High Volume / High Value
Push up 70 den 1p Tights,1,2706,32.459915254237195,0.008512559517135915,0.0036692548439011523,High Volume / Lower Value
Ohlsson,2,2706,112.70957627118634,0.008512559517135915,0.012740641971735038,High Volume / High Value
John jumpsuit- j,3,2706,59.72333898305074,0.008512559517135915,0.006751100523249324,High Volume / Lower Value
PAUL R-NECK SLIM,8,2705,86.26869491525404,0.008509413708001717,0.009751776128050933,High Volume / High Value
Nelia tank,4,2704,21.948355932203217,0.008506267898867522,0.002481032704156263,High Volume / Lower Value
Alien,5,2703,40.29054237288124,0.008503122089733323,0.0045544255617180375,High Volume / Lower Value
SS London dress,4,2702,60.75674576271173,0.008499976280599128,0.006867916380662766,High Volume / Lower Value
Kim superskinny low waist,4,2701,129.25905084745747,0.008496830471464932,0.014611387452041711,High Volume / High Value
Solange 5pkt TVP HW,6,2698,85.03150847457609,0.008487393044062342,0.00961192510549862,High Volume / High Value
LEXI knotted loose tee,3,2698,58.532338983050735,0.008487393044062342,0.006616470396064508,High Volume / Lower Value
Prima strap,4,2698,42.858203389830386,0.008487393044062342,0.00484467285750255,High Volume / Lower Value
IZZY cinched loose tee,2,2696,62.24784745762699,0.008481101425793948,0.007036469874224423,High Volume / High Value
Scala,3,2695,139.55616949152534,0.008477955616659753,0.01577536930988217,High Volume / High Value
Enrique sneaker,6,2694,42.943423728813386,0.008474809807525555,0.004854306127927414,High Volume / Lower Value
OP NEW wireless padded Rio,6,2692,43.87969491525419,0.008468518189257162,0.004960141819707435,High Volume / Lower Value
EVA tanktop,5,2691,24.165169491525265,0.008465372380122967,0.0027316203543968592,High Volume / Lower Value
Smedby blouse,3,2691,64.63228813559307,0.008465372380122967,0.007306006021780444,High Volume / High Value
Deena,3,2690,64.24184745762696,0.008462226570988768,0.007261870775657269,High Volume / High Value
Ivy jumpsuit W,10,2687,47.11138983050835,0.00845278914358618,0.00532545122143975,High Volume / Lower Value
Shorts Slim Midas (1),3,2685,90.55569491525412,0.008446497525317787,0.01023637676217462,High Volume / High Value
Ronny R-Neck (1),19,2685,14.862881355932075,0.008446497525317787,0.0016800937088849303,High Volume / Lower Value
Acacia,6,2683,83.82416949152524,0.008440205907049393,0.009475448026704901,High Volume / High Value
Calvi short sleeve dress,4,2683,62.3060169491524,0.008440205907049393,0.00704304532850011,High Volume / High Value
Cycling Shorts,6,2682,42.24127118644063,0.008437060097915196,0.004774935106867141,High Volume / Lower Value
Kendall Dress,5,2681,122.93054237288126,0.008433914288781,0.013896015578975065,High Volume / High Value
Whisper,3,2681,165.10006779661003,0.008433914288781,0.018662840575717213,High Volume / High Value
Glam Body,4,2681,64.17474576271172,0.008433914288781,0.007254285628956382,High Volume / High Value
Regular Printed tee 9.99 B3,20,2678,35.690101694915164,0.008424476861378411,0.004034393728316887,High Volume / Lower Value
Gurli jumpsuit,1,2677,206.81554237288125,0.008421331052244213,0.023378339860165836,High Volume / High Value
Indio denim skirt,3,2676,109.57501694915244,0.008418185243110018,0.012386312735636156,High Volume / High Value
Carnival,3,2676,94.54827118644059,0.008418185243110018,0.010687695864764804,High Volume / High Value
Lennox.,4,2674,82.94525423728797,0.008411893624841625,0.009376095824805121,High Volume / High Value
Mia L/S,15,2674,14.174898305084596,0.008411893624841625,0.0016023244010456412,High Volume / Lower Value
Rita Ringer Tee,11,2674,27.068288135593082,0.008411893624841625,0.0030597876359110977,High Volume / Lower Value
OP T-shirt (Idro),3,2673,51.09713559322021,0.008408747815707428,0.005775998206293012,High Volume / Lower Value
LS Emmy Tanga,1,2670,71.94344067796604,0.008399310388304838,0.008132455557168568,High Volume / High Value
Abilo espadrille,3,2669,109.07722033898294,0.008396164579170641,0.01233004202116152,High Volume / High Value
Petite Jade HW Denim Trash TRS,3,2669,84.93998305084726,0.008396164579170641,0.009601579111008902,High Volume / High Value
Vintage Ankle H.W,2,2668,111.43496610169476,0.008393018770036445,0.012596560586991368,High Volume / High Value
Toto jumpsuit,3,2667,129.37769491525412,0.008389872960902248,0.01462479892638024,High Volume / High Value
Shanghai dress,5,2666,75.17664406779647,0.008386727151768051,0.008497935476217475,High Volume / High Value
Pepper push,6,2666,41.42237288135582,0.008386727151768051,0.004682367195057741,High Volume / Lower Value
BROADWAY SHIRT,10,2665,65.86696610169479,0.008383581342633855,0.007445573487446743,High Volume / High Value
Gaby Blouse,4,2665,39.06332203389818,0.008383581342633855,0.0044157011030101605,High Volume / Lower Value
Janine dress,3,2665,101.77649152542362,0.008383581342633855,0.011504770779590289,High Volume / High Value
Thomas wide,4,2663,137.760033898305,0.008377289724365461,0.015572334915796172,High Volume / High Value
Lumiere padded abeline,3,2663,62.41289830508466,0.008377289724365461,0.007055127150954221,High Volume / High Value
Basic rolltops 3PACK,6,2663,19.698661016948986,0.008377289724365461,0.0022267281595989927,High Volume / Lower Value
Everlacing Love Brief,3,2662,38.791864406779524,0.008374143915231266,0.004385015649723617,High Volume / Lower Value
LOGG Citrine dress,4,2659,62.10759322033885,0.008364706487828675,0.007020615595631384,High Volume / High Value
Tie Hard Triangle Top,2,2658,69.38284745762705,0.00836156067869448,0.00784300720206965,High Volume / High Value
S. Skinny HW Ankle Star Consc,4,2657,88.37071186440657,0.008358414869560281,0.009989387218906551,High Volume / High Value
SPEED Ace,2,2655,106.28225423728799,0.00835212325129189,0.012014100256469297,High Volume / High Value
Sienna,5,2654,118.60364406779647,0.008348977442157693,0.013406904857623825,High Volume / High Value
Basic Elliot necklace,2,2654,16.790389830508325,0.008348977442157693,0.0018979784369134855,High Volume / Lower Value
Dare,4,2653,90.4585254237287,0.008345831633023496,0.01022539276469137,High Volume / High Value
Dance body,3,2653,59.799915254237156,0.008345831633023496,0.006759756671972385,High Volume / Lower Value
Seinfeld Long Padded,2,2652,195.69347457627106,0.0083426858238893,0.022121106105324726,High Volume / High Value
CHUTNEY SHIRT,8,2652,85.15971186440663,0.0083426858238893,0.009626417161483854,High Volume / High Value
Azalea V5,2,2650,122.78538983050831,0.008336394205620906,0.013879607598084326,High Volume / High Value
Tika,5,2649,30.85257627118633,0.008333248396486711,0.0034875619373375506,High Volume / Lower Value
Scallop ballerina,6,2647,36.63391525423721,0.008326956778218318,0.004141082006679842,High Volume / Lower Value
Dexter rib,3,2647,41.484169491525364,0.008326956778218318,0.004689352657263212,High Volume / Lower Value
Maxine lace body,2,2647,36.13694915254226,0.008326956778218318,0.004084905172525574,High Volume / Lower Value
Love Shack top,4,2646,53.847525423728676,0.00832381096908412,0.006086901088483757,High Volume / Lower Value
HAMILTON,5,2645,30.638271186440566,0.008320665159949924,0.0034633369828323663,High Volume / Lower Value
Push Up Shaping H.W ankle,3,2645,207.50642372881344,0.008320665159949924,0.023456436791163965,High Volume / High Value
JAYA THIN basic belt (W),1,2640,20.544491525423574,0.008304936114278941,0.0023223404760832336,High Volume / Lower Value
Bree bandana,14,2640,32.762406779660914,0.008304936114278941,0.003703448355689669,High Volume / Lower Value
Ladybird crewneck,3,2639,83.97425423728794,0.008301790305144744,0.009492413541743133,High Volume / High Value
Tiger jumper BRO,4,2638,158.23213559322022,0.008298644496010548,0.01788649247660801,High Volume / High Value
Call Me Triangle Top,2,2637,59.708474576271115,0.008295498686876351,0.006749420257107202,High Volume / Lower Value
Chicago,10,2635,114.8643050847456,0.008289207068607958,0.012984211589046769,High Volume / High Value
Liam denim dress,4,2635,134.4464576271185,0.008289207068607958,0.015197769680845349,High Volume / High Value
NAV MINI BACK PACK,18,2633,81.17122033898288,0.008282915450339564,0.009175559796795896,High Volume / High Value
Chia Seamless HW Tights,2,2631,105.08340677966092,0.008276623832071171,0.011878583056053238,High Volume / High Value
Cap Rick Solid,12,2630,21.22532203389814,0.008273478022936976,0.0023993012636123966,High Volume / Lower Value
Kamomill,2,2629,83.05244067796593,0.00827033221380278,0.009388212133907524,High Volume / High Value
Flossi Robe (J),3,2629,91.95871186440667,0.00827033221380278,0.010394973194002377,High Volume / High Value
Bill,3,2627,64.57032203389818,0.008264040595534386,0.007299001400325926,High Volume / High Value
CSS DAZZLE tee,3,2626,56.56350847457615,0.00826089478640019,0.006393914643116332,High Volume / Lower Value
Maria Shorts,6,2626,20.57703389830491,0.00826089478640019,0.002326019051901798,High Volume / Lower Value
Cobra,2,2623,90.1455254237287,0.0082514573589976,0.01019001137946144,High Volume / High Value
River,3,2623,88.32091525423718,0.0082514573589976,0.009983758231534193,High Volume / High Value
MC Swift dress,6,2619,122.69049152542358,0.008238874122460813,0.013868880334538414,High Volume / High Value
Leon Mock Neck Sweater TVP,4,2619,53.123406779660876,0.008238874122460813,0.0060050470287459365,High Volume / Lower Value
Helsinki (1),3,2619,33.5778644067795,0.008238874122460813,0.00379562733474324,High Volume / Lower Value
Bolivar espadrille,2,2619,54.30376271186424,0.008238874122460813,0.006138473955090092,High Volume / Lower Value
Peking oversized,3,2618,129.7879830508473,0.008235728313326616,0.014671177720567752,High Volume / High Value
Jasba jersey  shacket,3,2616,129.70201694915238,0.008229436695058222,0.014661460149447041,High Volume / High Value
Portobello.,1,2615,66.41940677966085,0.008226290885924026,0.007508021143816716,High Volume / High Value
Ripley R-neck,9,2613,68.6884576271185,0.008219999267655634,0.007764513674616074,High Volume / High Value
Ariel PRICE ITEM,1,2613,127.9875423728812,0.008219999267655634,0.014467656681555753,High Volume / High Value
Hansel Boot,6,2613,94.20554237288121,0.008219999267655634,0.010648953947250616,High Volume / High Value
Alex alex,2,2612,37.54481355932195,0.008216853458521437,0.004244049558876309,High Volume / Lower Value
Laura sneaker,6,2612,78.99713559322015,0.008216853458521437,0.008929802193242074,High Volume / High Value
Kylie 2pk shorts (J),3,2611,54.12067796610157,0.00821370764938724,0.006117778134260851,High Volume / Lower Value
Skinny RW Chic,5,2609,87.40081355932183,0.008207416031118847,0.009879750332114029,High Volume / High Value
Eastwood Tee,4,2608,42.24098305084741,0.00820427022198465,0.0047749025361437485,High Volume / Lower Value
Palm dress,2,2608,64.20938983050831,0.00820427022198465,0.00725820177946323,High Volume / High Value
Dewi Blouse,4,2606,59.747627118643926,0.008197978603716257,0.006753846043638907,High Volume / Lower Value
Mimmi body,2,2606,53.713932203389696,0.008197978603716257,0.0060717997683785805,High Volume / Lower Value
Adhesive Nipple Covers 1pk,1,2605,25.081186440677822,0.00819483279458206,0.0028351665159147893,High Volume / Lower Value
Jenny boho dress,2,2603,85.87815254237279,0.008188541176313669,0.009707629386378336,High Volume / High Value
Rachel HW Straight Denim TRS,2,2603,104.3922372881355,0.008188541176313669,0.011800453554331718,High Volume / High Value
Svenne sneaker,6,2603,27.557169491525304,0.008188541176313669,0.0031150505738854386,High Volume / Lower Value
Bandit Babe Swimsuit,2,2603,80.87154237288124,0.008188541176313669,0.009141684328541698,High Volume / High Value
Baby Love Tri. Top,3,2601,67.63088135593213,0.008182249558045276,0.00764496570828739,High Volume / High Value
Clean Bandit Top,2,2600,61.757254237288,0.008179103748911077,0.006981013427834629,High Volume / High Value
Chicago Twill Trousers,4,2599,38.056406779660946,0.008175957939776882,0.004301879836224023,High Volume / Lower Value
Lindby,3,2596,62.79052542372868,0.00816652051237429,0.00709781395784883,High Volume / High Value
Rob Tee,13,2596,21.469135593220184,0.00816652051237429,0.0024268618433780633,High Volume / Lower Value
DENVER ls hood sweater,6,2595,65.29222033898291,0.008163374703240096,0.007380604473901125,High Volume / High Value
Posh Swimsuit,1,2595,124.8883389830507,0.008163374703240096,0.01411732406480975,High Volume / High Value
Cannes,6,2591,105.13271186440669,0.008150791466703309,0.011884156481603349,High Volume / High Value
Red Velvet,3,2591,134.1017288135592,0.008150791466703309,0.01515880168419232,High Volume / High Value
Katalina Satin,5,2590,82.05093220338966,0.008147645657569112,0.009275002047166237,High Volume / High Value
Petter Popover shirt,5,2590,44.99454237288123,0.008147645657569112,0.005086163696291814,High Volume / Lower Value
My Humps Highwaist,2,2589,45.018610169491396,0.008144499848434916,0.005088884309657629,High Volume / Lower Value
Saskia Dress,2,2589,110.63947457627104,0.008144499848434916,0.012506638567476476,High Volume / High Value
WM Dahlia RW wide full length,2,2587,101.99852542372868,0.008138208230166522,0.01152986939585238,High Volume / High Value
Crispy,2,2587,105.7347457627117,0.008138208230166522,0.011952210134246818,High Volume / High Value
Monica Ankle Cord TRS,4,2586,101.87698305084737,0.008135062421032327,0.01151613029835502,High Volume / High Value
Lady blouse,2,2586,91.09889830508465,0.008135062421032327,0.010297780239471099,High Volume / High Value
PIGALLE tights consciuos,2,2582,118.13954237288121,0.00812247918449554,0.013354443001861331,High Volume / High Value
GOLDY PUFF TEE,3,2582,52.385881355932035,0.00812247918449554,0.00592167747240786,High Volume / Lower Value
Nancy rib top,9,2581,59.33742372881343,0.008119333375361344,0.006707476829075915,High Volume / Lower Value
Petite Kendall RW Denim TRS,3,2580,67.253033898305,0.008116187566227147,0.007602253994369003,High Volume / High Value
Marta sandal,4,2579,41.1037796610169,0.00811304175709295,0.004646353554609001,High Volume / Lower Value
ANGELICA S.9,4,2579,33.0411186440677,0.00811304175709295,0.0037349538248357675,High Volume / Lower Value
1pk Sportsock,9,2579,9.323186440677844,0.00811304175709295,0.0010538889809204042,High Volume / Lower Value
Hilly Cheeky Brief 2pk HW LS,3,2577,62.76079661016936,0.008106750138824557,0.007094453425564576,High Volume / High Value
V-Neck Milan TVP,13,2576,152.65850847457617,0.00810360432969036,0.017256452066982668,High Volume / High Value
Straight H.W Ankle Mies,4,2574,120.42601694915238,0.008097312711421967,0.013612905103463545,High Volume / High Value
Desiree off shoulder dress,4,2570,58.61181355932191,0.00808472947488518,0.006625454167946412,High Volume / Lower Value
Nutella Brazilian Acacia Low,5,2570,20.922881355932052,0.00808472947488518,0.0023651134995985963,High Volume / Lower Value
Lexington,2,2570,113.11576271186429,0.00808472947488518,0.012786557112095425,High Volume / High Value
Isla bonita,2,2569,139.70303389830502,0.008081583665750985,0.01579197079918836,High Volume / High Value
Melbourne dress,6,2567,92.94199999999987,0.008075292047482592,0.010506123661470248,High Volume / High Value
ED House,6,2566,79.7953898305083,0.008072146238348395,0.009020036508516566,High Volume / High Value
Alexa,3,2566,173.50071186440667,0.008072146238348395,0.019612445764031084,High Volume / High Value
RR 47.1/2 /3Leo shirt dress,3,2566,104.53318644067787,0.008072146238348395,0.011816386385845883,High Volume / High Value
RA shorts conscious,4,2565,26.68306779661004,0.008069000429214199,0.0030162424946588184,High Volume / Lower Value
Fia longsleeve,4,2564,57.01025423728801,0.008065854620080002,0.0064444145917755885,High Volume / Lower Value
Siames solid slacks,1,2564,95.26152542372866,0.008065854620080002,0.010768321816638188,High Volume / High Value
NORA RW shorts,2,2562,72.14983050847451,0.008059563001811609,0.008155785774742881,High Volume / High Value
Eagel PU Pants Slim RW,3,2561,111.69991525423713,0.008056417192677412,0.012626510325114198,High Volume / High Value
NIKE legging,32,2561,24.4650508474575,0.008056417192677412,0.0027655188137499336,High Volume / Lower Value
LS MCLAREN BODY,1,2560,76.17189830508458,0.008053271383543215,0.008610438586668628,High Volume / High Value
Fleur,4,2560,126.17906779661001,0.008053271383543215,0.014263227494138548,High Volume / High Value
Marie long john rib set (J),3,2559,71.85540677966087,0.008050125574409019,0.008122504243209375,High Volume / High Value
Santa Push Balconette Corset,2,2558,55.16032203389821,0.008046979765274822,0.006235299052039524,High Volume / Lower Value
Doxen crew,3,2558,97.18864406779653,0.008046979765274822,0.01098616247839393,High Volume / High Value
Minna highwaist leggings (1),1,2557,48.425796610169336,0.008043833956140625,0.005474031197861532,High Volume / Lower Value
Jamie Skinny Cropped Trs Pid,12,2557,82.98150847457609,0.008043833956140625,0.009380193988177991,High Volume / High Value
CLAY TEE,30,2557,64.66067796610162,0.008043833956140625,0.007309215195997171,High Volume / High Value
Big Dot 1p Tights,1,2556,33.35049152542364,0.008040688147006429,0.003769925202135921,High Volume / Lower Value
Alison shirt dress w,3,2556,80.2039491525422,0.008040688147006429,0.009066219878363724,High Volume / High Value
ORBIT hotpants,10,2555,49.94632203389814,0.008037542337872234,0.005645910737059142,High Volume / Lower Value
Julia sandalette,4,2554,108.74918644067782,0.008034396528738035,0.012292961210540404,High Volume / High Value
Babe dress J,2,2551,61.233033898304946,0.008024959101335447,0.006921755786432315,High Volume / High Value
Jason,2,2550,75.8689830508473,0.008021813292201248,0.008576197176757474,High Volume / High Value
Marissa,8,2549,69.39386440677957,0.008018667483067054,0.007844252553258225,High Volume / High Value
200 den 1p leggings,1,2549,24.819932203389726,0.008018667483067054,0.002805634449421365,High Volume / Lower Value
Cane corso long crewneck,4,2547,106.33983050847445,0.00801237586479866,0.012020608653373293,High Volume / High Value
Jackie O dress,2,2546,72.48120338983044,0.008009230055664463,0.008193244022570378,High Volume / High Value
Renate,2,2546,109.17735593220323,0.008009230055664463,0.012341361305503229,High Volume / High Value
Mini Umbrella,8,2546,30.597559322033792,0.008009230055664463,0.0034587349312093477,High Volume / Lower Value
East,3,2545,92.18372881355923,0.008006084246530267,0.010420409013047843,High Volume / High Value
Panda Dress,17,2545,23.861067796610033,0.008006084246530267,0.0026972448297423205,High Volume / Lower Value
Charlotte strappy thong,3,2544,32.24664406779652,0.00800293843739607,0.0036451467608152035,High Volume / Lower Value
V-neck rib top,2,2543,30.59466101694905,0.007999792628261873,0.003458407308050507,High Volume / Lower Value
Megan shorts,5,2542,41.594949152542334,0.007996646819127678,0.004701875142445583,High Volume / Lower Value
Tamarind dress,5,2542,105.94096610169477,0.007996646819127678,0.011975521192572081,High Volume / High Value
Palermo piquet henley,3,2542,81.40099999999984,0.007996646819127678,0.009201533990739806,High Volume / High Value
Verbena,3,2541,137.30484745762706,0.00799350100999348,0.015520880836533975,High Volume / High Value
LASSIE LINEN L/S,6,2541,61.79483050847442,0.00799350100999348,0.006985261033350128,High Volume / High Value
Karamell slacks,4,2539,54.94937288135575,0.007987209391725087,0.006211453450665619,High Volume / Lower Value
Hedwig essential,2,2539,75.1323050847456,0.007987209391725087,0.008492923416664674,High Volume / High Value
Flirty Evy necklace,2,2538,32.73816949152534,0.007984063582590892,0.003700708583074802,High Volume / Lower Value
Clementine dress,5,2537,101.71308474576261,0.007980917773456693,0.011497603304518803,High Volume / High Value
AMY PRINTED TSHIRT,4,2535,40.398305084745715,0.0079746261551883,0.004566607012267235,High Volume / Lower Value
Joel straw shopper,5,2534,57.95903389830496,0.007971480346054105,0.006551664236135856,High Volume / Lower Value
Net Tight,1,2533,32.25703389830501,0.007968334536919908,0.0036463212227822793,High Volume / Lower Value
Samantha slip skirt PI,1,2533,61.90333898305072,0.007968334536919908,0.006997526784595163,High Volume / High Value
SIERRA SHACKET S.1,2,2532,65.73833898305071,0.007965188727785712,0.007431033533338878,High Volume / High Value
Rose rib tank,2,2532,47.43779661016934,0.007965188727785712,0.005362348103269931,High Volume / Lower Value
Edith Body,2,2530,59.68855932203378,0.007958897109517318,0.006747169045343231,High Volume / Lower Value
Marigold SP Andes^,5,2530,51.68744067796604,0.007958897109517318,0.005842726038901891,High Volume / Lower Value
Monica or Chandler Cord Trs,3,2530,101.39284745762703,0.007958897109517318,0.011461403819354222,High Volume / High Value
Coronado Lace V-Neck,2,2529,101.62416949152532,0.007955751300383122,0.01148755236246453,High Volume / High Value
Honey Coat,3,2529,236.39442372881348,0.007955751300383122,0.02672192387270464,High Volume / High Value
ES MOON LACE STRAP TOP,3,2529,24.20074576271172,0.007955751300383122,0.0027356418807735123,High Volume / Lower Value
MAX CHECKS AND STRIPES 3PK,21,2529,67.91499999999985,0.007955751300383122,0.007677082357478333,High Volume / High Value
Fraiser Padded Jkt,3,2528,139.64074576271173,0.007952605491248925,0.015784929775160626,High Volume / High Value
CSP Marre,3,2527,43.65264406779649,0.007949459682114728,0.004934476089673303,High Volume / Lower Value
Carey Dress w,3,2526,92.54725423728803,0.007946313872980532,0.010461501770421076,High Volume / High Value
Mary Scarf(1),4,2525,38.660271186440625,0.007943168063846337,0.004370140408757299,High Volume / Lower Value
Terrier- TVP- TM,3,2525,22.631237288135488,0.007943168063846337,0.002558225318599001,High Volume / Lower Value
Kenzy Denim Dungaree,4,2524,113.6847966101694,0.007940022254712138,0.012850880458947892,High Volume / High Value
Pepper cropped sweater,4,2523,51.17299999999984,0.007936876445577943,0.005784573886170042,High Volume / Lower Value
California King Tanga,1,2522,21.557203389830356,0.007933730636443745,0.0024368169891870587,High Volume / Lower Value
Coco skirt,4,2522,134.52364406779654,0.007933730636443745,0.015206494802865022,High Volume / High Value
Anapa,6,2521,78.48955932203373,0.00793058482730955,0.008872425990096968,High Volume / High Value
Vienna,3,2521,87.57230508474565,0.00793058482730955,0.009899135660307921,High Volume / High Value
NT Alva 2-pack,11,2520,77.99961016949135,0.007927439018175353,0.008817042348853582,High Volume / High Value
Shorts R.W Bargain,8,2520,27.252508474576153,0.007927439018175353,0.003080611823709016,High Volume / Lower Value
James,4,2520,81.27994915254227,0.007927439018175353,0.009187850455064709,High Volume / High Value
Spencer Shirt Sweater,6,2519,44.332016949152404,0.007924293209041157,0.005011272107660592,High Volume / Lower Value
Glamping.,1,2517,34.78840677966094,0.007918001590772763,0.00393246652334411,High Volume / Lower Value
SPEED Panda,2,2516,116.83045762711848,0.007914855781638567,0.013206464625859874,High Volume / High Value
Mia Blouse.,2,2516,93.173847457627,0.007914855781638567,0.01053233159825263,High Volume / High Value
Venice padded soft bra,4,2514,57.14367796610159,0.007908564163370173,0.006459496752631714,High Volume / Lower Value
Sean pile,6,2513,62.23708474576259,0.007905418354235976,0.00703525326190943,High Volume / High Value
Sima top,2,2512,40.40876271186436,0.00790227254510178,0.004567789137933931,High Volume / Lower Value
SPEED CLYDE BLOUSE,3,2509,58.21754237288121,0.00789283511769919,0.006580885922794591,High Volume / Lower Value
Harmony Loose T-Shirt,3,2509,41.57355932203386,0.00789283511769919,0.004699457245214839,High Volume / Lower Value
Flirty Vina necklace RT,3,2508,30.657576271186343,0.007889689308564993,0.003465519221299736,High Volume / Lower Value
Haven back detail,3,2508,60.11428813559314,0.007889689308564993,0.0067952932471196685,High Volume / Lower Value
Kim pinafore,8,2507,99.12330508474561,0.007886543499430798,0.0112048557267326,High Volume / High Value
Kaluha Push Valencia,3,2507,53.59240677966089,0.007886543499430798,0.006058062586806122,High Volume / Lower Value
10p Large terry,1,2507,10.752694915254072,0.007886543499430798,0.0012154800033754576,High Volume / Lower Value
Luella,4,2506,51.31318644067787,0.0078833976902966,0.005800420501063467,High Volume / Lower Value
Pauline,2,2506,70.76755932203376,0.0078833976902966,0.007999534434999454,High Volume / High Value
Mimosa Dahlia Hipster,4,2504,24.09449152542359,0.007877106072028208,0.0027236309475409124,High Volume / Lower Value
Adelia cropped top,4,2504,59.69899999999988,0.007877106072028208,0.00674834925508502,High Volume / Lower Value
SORRENTO trs,3,2504,120.67198305084729,0.007877106072028208,0.013640709005692208,High Volume / High Value
Pelican,4,2503,59.46893220338971,0.007873960262894011,0.006722342490417718,High Volume / Lower Value
Angel,7,2503,86.88186440677956,0.007873960262894011,0.009821088543357337,High Volume / High Value
COCONUT S.0,3,2501,48.835389830508355,0.007867668644625618,0.005520331439127929,High Volume / Lower Value
MINDY SHOPPER,15,2499,74.38425423728798,0.007861377026357225,0.008408364070960284,High Volume / High Value
Lash C&S push,2,2498,56.09903389830497,0.007858231217223028,0.006341410637005919,High Volume / Lower Value
Nate tee,4,2494,31.777779661016865,0.007845647980686243,0.0035921465301542656,High Volume / Lower Value
Morley,4,2494,36.116661016949095,0.007845647980686243,0.0040826118104136935,High Volume / Lower Value
Jupiter v-neck,7,2494,55.80554237288121,0.007845647980686243,0.006308234481342221,High Volume / Lower Value
Asta Dress (1),2,2493,81.0490508474575,0.007842502171552045,0.009161749810077032,High Volume / High Value
Noora jumpsuit,1,2493,166.86950847457618,0.007842502171552045,0.01886285738807705,High Volume / High Value
Noelia Rib Tank,4,2493,32.81444067796602,0.007842502171552045,0.003709330245149567,High Volume / Lower Value
S Ivar Adj Reversible Triangle,1,2491,37.85061016949142,0.007836210553283651,0.0042786166760213976,High Volume / Lower Value
Alexa sunglasses,5,2491,38.3579830508474,0.007836210553283651,0.004335969888067646,High Volume / Lower Value
Ziggy Linnen LS,4,2491,69.0619491525422,0.007836210553283651,0.007806732995833742,High Volume / High Value
Helsinki,3,2490,41.09793220338976,0.007833064744149456,0.0046456925605166,High Volume / Lower Value
Yuki shopper,4,2490,68.82154237288121,0.007833064744149456,0.007779557516974086,High Volume / High Value
Maran,4,2490,29.429796610169394,0.007833064744149456,0.003326731537069979,High Volume / Lower Value
Boyfriend Short,1,2490,101.71399999999991,0.007833064744149456,0.0114977067644637,High Volume / High Value
Venice Tie Brazilian,3,2489,36.852762711864344,0.007829918935015258,0.004165820429059703,High Volume / Lower Value
Rolo top,4,2489,88.11801694915243,0.007829918935015258,0.009960822694490412,High Volume / High Value
Calypso brazilian V-shape,4,2489,33.0963559322033,0.007829918935015258,0.0037411978241028037,High Volume / Lower Value
Barley tee,7,2489,48.664135593220216,0.007829918935015258,0.0055009729338827236,High Volume / Lower Value
Doris jumpsuit,8,2486,29.308016949152442,0.00782048150761267,0.0033129656166239374,High Volume / Lower Value
Shorts Straight Midsummer (1),7,2486,66.74910169491514,0.00782048150761267,0.007545289715078573,High Volume / High Value
Kady Mock Neck Sweater TVP,4,2486,61.34911864406767,0.00782048150761267,0.006934877956110109,High Volume / High Value
Loris Denim Jkt,4,2485,98.74601694915245,0.007817335698478473,0.011162207238336103,High Volume / High Value
Sabrina,3,2485,54.846016949152414,0.007817335698478473,0.006199770140591866,High Volume / Lower Value
TEA sport socks (1),4,2485,31.561932203389738,0.007817335698478473,0.003567747226482679,High Volume / Lower Value
TRUFFEL MAXI SKIRT,4,2485,54.80749152542363,0.007817335698478473,0.00619541524328166,High Volume / Lower Value
LIRA SLUB TEE,5,2485,28.255372881355818,0.007817335698478473,0.003193975184442744,High Volume / Lower Value
Jersey Blazer 1,6,2483,118.98847457627105,0.007811044080210079,0.01345040593260328,High Volume / High Value
Irma svettis,2,2483,69.19698305084732,0.007811044080210079,0.007821997169555893,High Volume / High Value
Jerry tee,2,2481,60.63876271186428,0.007804752461941687,0.006854579627395558,High Volume / Lower Value
Teddy dress,1,2480,139.2906610169491,0.0078016066528074895,0.015745356346237464,High Volume / High Value
TP TAGE shorts BB,14,2478,34.5420677966101,0.007795315034539097,0.003904620470767525,High Volume / Lower Value
CAMP Twain  n-slip (W),2,2478,38.75527118644062,0.007795315034539097,0.004380879167852644,High Volume / Lower Value
Bess tee,6,2477,28.06774576271176,0.007792169225404901,0.003172765895738823,High Volume / Lower Value
Quickdry 5p shaftless,2,2476,38.02220338983045,0.007789023416270704,0.004298013499764719,High Volume / Lower Value
LS TANGA TWIST,4,2474,30.42305084745753,0.00778273179800231,0.0034390085683822865,High Volume / Lower Value
Greta Shortie (Daisy Mid) 3p,2,2473,49.2924237288134,0.0077795859888681144,0.005571994354204822,High Volume / Lower Value
W GENOVA TRS EQ,7,2472,45.51267796610158,0.007776440179733917,0.005144733520653052,High Volume / Lower Value
Sacramento midi dress w,4,2472,91.3519152542372,0.007776440179733917,0.010326381166460456,High Volume / High Value
Snow chino TVP RW TVP,4,2471,95.46969491525412,0.007773294370599721,0.010791853206327586,High Volume / High Value
Sunden Joggers,5,2469,46.849949152542266,0.007767002752331328,0.005295898079772363,High Volume / Lower Value
Essex blouse,2,2468,77.0787457627117,0.007763856943197131,0.00871294823281268,High Volume / High Value
Jane HW tapered,2,2465,84.57120338983039,0.007754419515794542,0.00955989241691497,High Volume / High Value
ZORROW CLEAN,15,2464,77.1881694915253,0.007751273706660344,0.008725317444002614,High Volume / High Value
Timeless Push Up Tie back Bra,1,2463,59.28745762711852,0.0077481278975261485,0.006701828682454492,High Volume / Lower Value
Julien,2,2463,57.90767796610156,0.0077481278975261485,0.006545858983672179,High Volume / Lower Value
Baby shark highwaist,3,2462,56.33744067796598,0.007744982088391951,0.006368360036726728,High Volume / Lower Value
Aladin,2,2461,87.9619661016948,0.007741836279257755,0.009943182773885444,High Volume / High Value
Bootylicious Top,3,2461,57.54545762711853,0.007741836279257755,0.006504913752516671,High Volume / Lower Value
Kaluha Brazilian,3,2461,21.464254237288003,0.007741836279257755,0.002426310057005281,High Volume / Lower Value
Beverly Hills brazilian cheeky,1,2461,58.89598305084733,0.007741836279257755,0.006657576564912081,High Volume / Lower Value
Sunglasses Hendrix,15,2457,29.18801694915245,0.007729253042720968,0.0032994008682929736,High Volume / Lower Value
Sardegna,4,2456,31.281406779660927,0.007726107233586773,0.0035360367533716934,High Volume / Lower Value
Andy skirt,2,2456,95.34993220338974,0.007726107233586773,0.010778315280945302,High Volume / High Value
Felix occasion dress,2,2455,68.6955254237287,0.007722961424452576,0.007765312615301672,High Volume / High Value
Mariah fancy dobby speed woven,2,2451,113.95935593220324,0.007710378187915789,0.012881916526492133,High Volume / High Value
Dolls LK,5,2451,35.55567796610163,0.007710378187915789,0.0040191985278913425,High Volume / Lower Value
Piper blouse,6,2450,63.403593220338834,0.007707232378781593,0.007167114877605789,High Volume / High Value
Kent blouse,3,2449,77.19488135593204,0.007704086569647396,0.008726076150265188,High Volume / High Value
Strong seamless v-neck bralett,4,2449,61.21235593220327,0.007704086569647396,0.006919418358047603,High Volume / High Value
Price TEE - TVP,7,2447,20.023779661016793,0.0076977949513790025,0.002263479431136359,High Volume / Lower Value
10p Basic Socks,2,2445,59.146355932203264,0.007691503333110609,0.006685878607616176,High Volume / Lower Value
Margaux,2,2445,91.51472881355923,0.007691503333110609,0.01034478554110272,High Volume / High Value
JOYCE SKIRT S.1,4,2444,78.04738983050831,0.007688357523976413,0.008822443341162197,High Volume / High Value
Marrakesh dress,2,2443,91.33699999999986,0.007685211714842217,0.010324695152543606,High Volume / High Value
Henry tee,4,2443,36.54513559322028,0.007685211714842217,0.004131046392024818,High Volume / Lower Value
Girlfriend,3,2441,74.74703389830492,0.007678920096573823,0.008449372527637678,High Volume / High Value
Max cowlneck sweater,4,2440,98.57005084745751,0.0076757742874396274,0.011142316105967165,High Volume / High Value
Stella SP Andes,3,2439,67.06299999999993,0.007672628478305432,0.007580772644328501,High Volume / High Value
Tyrell paper-bag waist skirt,3,2439,93.53684745762702,0.007672628478305432,0.010573364961953796,High Volume / High Value
Tuby,1,2438,29.46337288135583,0.007669482669171234,0.0033305269843077806,High Volume / Lower Value
Lou Padded T-shirt Coral,3,2437,38.988796610169445,0.007666336860037038,0.004407276781200671,High Volume / Lower Value
Abia Dress,2,2436,74.99967796610152,0.007663191050902841,0.00847793130427911,High Volume / High Value
Stella treggings (W),2,2435,119.7661355932202,0.007660045241768645,0.013538312399117585,High Volume / High Value
Queen solid,2,2435,34.50081355932196,0.007660045241768645,0.00389995710954753,High Volume / Lower Value
J Steamy,7,2434,75.2632711864405,0.007656899432634447,0.008507727768409499,High Volume / High Value
Khloe Como Balconette,1,2433,71.60240677966095,0.0076537536235002515,0.008093905232144935,High Volume / High Value
Glans tunic,9,2432,71.86093220338967,0.007650607814366054,0.008123128834728568,High Volume / High Value
TIKI yoga sock,11,2432,31.113898305084657,0.007650607814366054,0.003517101667530604,High Volume / Lower Value
Sonja top,2,2431,40.23783050847454,0.007647462005231858,0.00454846703526193,High Volume / Lower Value
Pat ls bd light solid (1),13,2431,77.11683050847441,0.007647462005231858,0.008717253316075346,High Volume / High Value
Monzo adj tie tanga,2,2430,38.7999830508474,0.0076443161960976615,0.004385933377753362,High Volume / Lower Value
Tilda.,2,2430,57.76113559322021,0.0076443161960976615,0.0065292938969391985,High Volume / Lower Value
Jack Skinny Trousers PID,11,2430,117.92098305084731,0.0076443161960976615,0.013329737150204865,High Volume / High Value
Alexia pleated blouse,2,2429,33.14257627118636,0.007641170386963466,0.0037464225513201116,High Volume / Lower Value
Ultimate parka,2,2429,242.30525423728795,0.007641170386963466,0.027390081608324957,High Volume / High Value
DIV Livia tee,4,2427,58.68308474576259,0.007634878768695072,0.006633510632174055,High Volume / Lower Value
Lulu Blouse,3,2427,130.71594915254232,0.007634878768695072,0.014776074609144076,High Volume / High Value
Patti HW wide cropped,3,2427,78.77350847457618,0.007634878768695072,0.008904523480038874,High Volume / High Value
Moa long (1),2,2427,23.440491525423596,0.007634878768695072,0.0026497030691371606,High Volume / Lower Value
Kaia,2,2426,44.47771186440669,0.007631732959560875,0.005027741398148306,High Volume / Lower Value
Joplin,2,2425,77.23520338983033,0.007628587150426679,0.00873063413561538,High Volume / High Value
Hanna tee body,3,2424,36.50508474576266,0.007625441341292481,0.004126519061473114,High Volume / Lower Value
Barcelona jumpsuit,3,2424,47.02754237288124,0.007625441341292481,0.005315973140932227,High Volume / Lower Value
Amaryllis,4,2423,47.59064406779648,0.007622295532158286,0.005379625914067762,High Volume / Lower Value
Tokyo,8,2421,18.063101694915108,0.007616003913889892,0.0020418452380677327,High Volume / Lower Value
Hilly Brief 2pk HW LS,2,2421,58.41732203389818,0.007616003913889892,0.006603468929655762,High Volume / Lower Value
Pontus Espadrill.,10,2420,39.33008474576259,0.0076128581047556956,0.004445855845097878,High Volume / Lower Value
Rattle body,7,2419,87.46696610169481,0.007609712295621499,0.009887228187020218,High Volume / High Value
Parma,6,2419,36.11052542372871,0.007609712295621499,0.004081918245597896,High Volume / Lower Value
Carmensita dress j,3,2418,58.10777966101683,0.007606566486487302,0.006568478393106553,High Volume / Lower Value
Kendrick Como,3,2418,54.701745762711774,0.007606566486487302,0.006183461787796226,High Volume / Lower Value
Tutti Frutti Thong 3.p,4,2417,37.04772881355926,0.007603420677353106,0.0041878593132477085,High Volume / Lower Value
ED Luna tunic,4,2416,50.60328813559311,0.007600274868218911,0.005720173902321364,High Volume / Lower Value
7pk sneaker fancy,12,2416,35.85013559322028,0.007600274868218911,0.004052483891274653,High Volume / Lower Value
Glasgow midi dress,2,2416,74.14455932203379,0.007600274868218911,0.008381269060946661,High Volume / High Value
Taylor (1),5,2416,66.4899830508473,0.007600274868218911,0.007515999055123232,High Volume / High Value
Sweaty,3,2414,51.2456440677965,0.007593983249950517,0.005792785540315035,High Volume / Lower Value
SKINNY TRASH 89,16,2413,85.61357627118635,0.00759083744081632,0.009677721798603428,High Volume / High Value
Bella dobby skirt,4,2412,78.24425423728796,0.007587691631682124,0.008844696808939616,High Volume / High Value
Cosette polo,2,2412,77.71893220338966,0.007587691631682124,0.008785314632418446,High Volume / High Value
Baraboom Jacquard,2,2412,116.92462711864391,0.007587691631682124,0.013217109504634849,High Volume / High Value
Dave waistcoat,10,2412,76.3593050847456,0.007587691631682124,0.00863162296834878,High Volume / High Value
Marcie,2,2410,47.635915254237176,0.0075814000134137305,0.005384743349490364,High Volume / Lower Value
SanFran dress,2,2410,35.4977457627118,0.0075814000134137305,0.004012649896564332,High Volume / Lower Value
SANNA bikini bottom,6,2409,29.288525423728718,0.007578254204279533,0.0033107623029826087,High Volume / Lower Value
Carmen top,3,2409,37.749762711864356,0.007578254204279533,0.004267216922833658,High Volume / Lower Value
Daisy Scrunchie 2P NEW,11,2409,18.82816949152528,0.007578254204279533,0.002128328172377249,High Volume / Lower Value
Lola skirt,3,2409,92.17991525423716,0.007578254204279533,0.0104199779299441,High Volume / High Value
Ben Polo,3,2408,76.01698305084729,0.007575108395145337,0.008592927033032327,High Volume / High Value
Mallan skirt,2,2407,99.78376271186427,0.0075719625860111404,0.011279513572525351,High Volume / High Value
Salt Sweater,4,2406,52.51281355932192,0.007568816776876944,0.0059360258340251815,High Volume / Lower Value
Babylock Me Up Push,4,2404,42.84599999999989,0.007562525158608551,0.004843293391570589,High Volume / Lower Value
Felice tapered,2,2403,82.41286440677955,0.007559379349474354,0.009315914707598362,High Volume / High Value
Dingo tank,7,2402,18.346016949152393,0.007556233540340158,0.002073825856590394,High Volume / Lower Value
Prince Charles (1),3,2402,57.56654237288123,0.007556233540340158,0.0065072971630991145,High Volume / Lower Value
SOHO SHIRT,4,2401,32.538474576271106,0.00755308773120596,0.0036781351558381613,High Volume / Lower Value
Montmartre,3,2401,96.81949152542359,0.00755308773120596,0.01094443363395206,High Volume / High Value
Kevin skirt,3,2400,92.4294915254236,0.0075499419220717645,0.010448189924177637,High Volume / High Value
Cobra Constructed,18,2399,118.47391525423721,0.007546796112937567,0.01339224036839711,High Volume / High Value
Hazel playsuit,2,2399,49.04357627118635,0.007546796112937567,0.0055438647447422305,High Volume / Lower Value
R-neck Allington TVP,12,2399,53.47011864406768,0.007546796112937567,0.006044239188612917,High Volume / Lower Value
Margarita Soft Body,2,2396,59.19047457627107,0.007537358685534978,0.006690865760145203,High Volume / Lower Value
McLaren body,2,2396,53.02003389830496,0.007537358685534978,0.005993361802747273,High Volume / Lower Value
Doris linen shirt,2,2395,78.54381355932192,0.007534212876400782,0.00887855886571949,High Volume / High Value
SKINNY SS Trash 89,13,2394,92.87435593220326,0.007531067067266585,0.010498477205172383,High Volume / High Value
Skinny Ankle RW Brooklyn,6,2393,39.21966101694912,0.007527921258132389,0.004433373594338533,High Volume / Lower Value
SPEED NOLITA SS SHIRT,6,2391,35.60096610169485,0.007521629639863996,0.004024317879238848,High Volume / Lower Value
Josse,3,2390,59.74530508474561,0.007518483830729799,0.00675358356192685,High Volume / Lower Value
Stella Pull on TRS,6,2389,35.89720338983045,0.007515338021595603,0.004057804414737236,High Volume / Lower Value
Cabomba Mock Neck Tank,4,2389,49.412457627118535,0.007515338021595603,0.005585562934385603,High Volume / Lower Value
J Blossom lace,2,2387,120.48072881355921,0.007509046403327209,0.013619089709058514,High Volume / High Value
Bricka skirt,3,2387,112.42016949152529,0.007509046403327209,0.012707927553973566,High Volume / High Value
Karin mid support bra(1),1,2387,48.270118644067644,0.007509046403327209,0.005456433427604483,High Volume / Lower Value
Samantha Malta Bandeau(1),3,2386,57.10057627118632,0.007505900594193012,0.006454624555597017,High Volume / Lower Value
Flirty Anna headband,20,2386,24.566779661016827,0.007505900594193012,0.002777018195032765,High Volume / Lower Value
Tio NW straight denim,1,2385,134.08335593220326,0.007502754785058816,0.015156724821594754,High Volume / High Value
Sneaky,1,2384,113.38311864406765,0.007499608975924619,0.012816778911554833,High Volume / High Value
Teddy (1),3,2383,133.43247457627115,0.007496463166790423,0.015083149473373624,High Volume / High Value
Tina(1),2,2382,89.66001694915244,0.007493317357656226,0.010135129710543297,High Volume / High Value
Harem trousers,3,2382,41.55172881355921,0.007493317357656226,0.004696989533936541,High Volume / Lower Value
Oz skinny fit 2B blz,6,2382,231.10449152542364,0.007493317357656226,0.026123952214147608,High Volume / High Value
HAPPY TEE TP,41,2381,16.730525423728675,0.00749017154852203,0.001891211390147249,High Volume / Lower Value
Riviera s/s,2,2380,69.22662711864392,0.007487025739387833,0.007825348122215615,High Volume / High Value
Manhattan blouse,1,2379,95.86081355932191,0.007483879930253637,0.01083606508944698,High Volume / High Value
Kanye Vest Mid Brief,2,2379,49.167372881355774,0.007483879930253637,0.0055578586602520194,High Volume / Lower Value
Braces Basic 3-clip,5,2379,28.446881355932106,0.007483879930253637,0.0032156232199500286,High Volume / Lower Value
Chicago Twill TRS,3,2377,35.34581355932198,0.0074775883119852435,0.0039954755457114015,High Volume / Lower Value
Turner stretch polo,11,2376,37.88425423728809,0.007474442502851046,0.004282419786958828,High Volume / Lower Value
Fern,3,2374,53.128627118643955,0.0074681508845826534,0.006005637133616835,High Volume / Lower Value
ESME BLOUSE,4,2373,73.32632203389814,0.007465005075448457,0.008288775870208575,High Volume / High Value
Boxer,2,2372,110.06806779661004,0.007461859266314261,0.012442046991137243,High Volume / High Value
Odd smock HR cheeky brief,2,2372,46.31861016949139,0.007461859266314261,0.005235835749909735,High Volume / Lower Value
Nina Trs (W),3,2370,49.93254237288124,0.007455567648045868,0.005644353090110972,High Volume / Lower Value
SHELL DRESS,2,2370,43.87501694915243,0.007455567648045868,0.004959613024433508,High Volume / Lower Value
Skinny H.W Ankle Festive,2,2369,126.74708474576259,0.007452421838911671,0.014327435885496686,High Volume / High Value
ED Matey v-neck,4,2368,85.04098305084736,0.007449276029777475,0.009612996107520809,High Volume / High Value
Xtina Swimsuit,4,2367,92.34522033898295,0.0074461302206432775,0.010438663945547478,High Volume / High Value
VonDuck PREMIUM,5,2367,159.09220338983042,0.0074461302206432775,0.017983714170012877,High Volume / High Value
Sue,4,2365,13.46155932203372,0.007439838602374884,0.0015216888695477185,High Volume / Lower Value
CS Dorotea top,2,2364,28.162118644067696,0.007436692793240688,0.0031834337656126664,High Volume / Lower Value
PIPER POLO,7,2363,48.32461016949139,0.007433546984106491,0.005462593126175679,High Volume / Lower Value
Sweetheart boot,9,2363,54.29950847457614,0.007433546984106491,0.0061379930579388165,High Volume / Lower Value
Blossom tee,5,2363,30.13827118644059,0.007433546984106491,0.0034068171981200203,High Volume / Lower Value
Call me  low rise brief,2,2362,40.22083050847446,0.007430401174972295,0.004546545362581701,High Volume / Lower Value
Timeless HR Cheeky Hipster,1,2362,50.24694915254221,0.007430401174972295,0.0056798934971080545,High Volume / Lower Value
Madison HW slim destroy,2,2360,64.94225423728803,0.007424109556703902,0.007341044456452293,High Volume / High Value
Marley jumpsuit,3,2358,57.58264406779649,0.007417817938435509,0.006509117291759343,High Volume / Lower Value
Miller bum bag,3,2357,70.80803389830493,0.007414672129301312,0.008004109663673795,High Volume / High Value
Miso Button L/S,3,2357,68.3178644067795,0.007414672129301312,0.007722621976557242,High Volume / High Value
Bounce seamless Cropped LS,2,2357,77.31277966101678,0.007414672129301312,0.008739403323907869,High Volume / High Value
X-mas 2p Heavy Socks,5,2356,26.0109999999999,0.007411526320167116,0.002940272240305803,High Volume / Lower Value
Flutter dress,3,2355,100.51291525423716,0.007408380511032918,0.011361936661960106,High Volume / High Value
Box 4p Socks,2,2354,15.520101694915105,0.007405234701898722,0.001754385613020726,High Volume / Lower Value
Wow Rocky Regular Tee 4.99:-,3,2354,18.649474576271043,0.007405234701898722,0.002108128576098527,High Volume / Lower Value
Cool Bree Bandana 2,21,2353,31.046033898305,0.007402088892764525,0.0035094303042089692,High Volume / Lower Value
BRAD FANCY,16,2353,41.534457627118535,0.007402088892764525,0.004695037206457834,High Volume / Lower Value
Leon tee,8,2352,41.16069491525412,0.007398943083630329,0.004652787230441673,High Volume / Lower Value
Delfi LS,3,2352,31.324406779660936,0.007398943083630329,0.0035408974548569567,High Volume / Lower Value
Cardamom Thong Maple Low,3,2351,20.790084745762584,0.007395797274496133,0.00235010222796398,High Volume / Lower Value
ED Titti dress,3,2351,88.12666101694906,0.007395797274496133,0.00996179981619222,High Volume / High Value
Chris 3pk  Fancy,16,2350,54.69849152542361,0.007392651465361936,0.006183093930214365,High Volume / Lower Value
HAMILTON P5,5,2350,19.25211864406765,0.007392651465361936,0.0021762512020386034,High Volume / Lower Value
ZORROW,24,2350,83.07559322033886,0.007392651465361936,0.009390829287328447,High Volume / High Value
Lash wirebra,3,2350,65.44196610169485,0.007392651465361936,0.007397531670441254,High Volume / High Value
Golden retriver jacquard,5,2349,85.79501694915241,0.00738950565622774,0.009698231774716837,High Volume / High Value
Ellen Superpush (Andes) 2pk,4,2349,83.45823728813549,0.00738950565622774,0.009434083207995094,High Volume / High Value
Miami SW,4,2348,69.52898305084733,0.007386359847093543,0.007859526306604893,High Volume / High Value
Joe top,4,2348,62.171271186440535,0.007386359847093543,0.007027813725501359,High Volume / High Value
Antelope ss,2,2347,38.54777966101682,0.0073832140379593465,0.004357424415159464,High Volume / Lower Value
Kendrick SP Ama,3,2346,62.04984745762707,0.00738006822882515,0.0070140880394783415,High Volume / High Value
Shorts Straight Tani,7,2344,41.84928813559314,0.0073737766105567565,0.004730625511577562,High Volume / Lower Value
Mary Kate L/S,5,2343,32.41847457627111,0.007370630801422561,0.003664570407507198,High Volume / Lower Value
Illiana top,4,2343,38.4961355932203,0.007370630801422561,0.004351586591972406,High Volume / Lower Value
Anglaise como OPT2,3,2342,56.787186440677914,0.007367484992288363,0.006419199104094268,High Volume / Lower Value
Heaven high support shape bra,3,2342,76.54796610169474,0.007367484992288363,0.008652949128471935,High Volume / High Value
Duo 2-pack,1,2341,57.026033898304966,0.007364339183154167,0.006446198317862614,High Volume / Lower Value
Honey,30,2340,30.53323728813551,0.00736119337401997,0.003451463996192965,High Volume / Lower Value
Stureby,1,2340,57.10761016949141,0.00736119337401997,0.006455419664432801,High Volume / Lower Value
KIANDRA bikini top,4,2335,47.03337288135587,0.007345464328348988,0.005316632219099725,High Volume / Lower Value
MARGARITA SHIRT,3,2334,41.34488135593206,0.0073423185192147905,0.004673607586389775,High Volume / Lower Value
Cavalier top,3,2332,55.10794915254226,0.007336026900946397,0.006229378844081516,High Volume / Lower Value
Selda thong sandal,4,2331,41.74379661016939,0.007332881091812201,0.004718700794965707,High Volume / Lower Value
Energy fitted tank top,2,2330,34.39822033898299,0.0073297352826780056,0.0038883600160945194,High Volume / Lower Value
Fissa Bralette Valencia,3,2329,70.8769830508473,0.007326589473543808,0.008011903646189382,High Volume / High Value
Valeria thong 3p,2,2329,34.37833898305078,0.007326589473543808,0.003886112636180363,High Volume / Lower Value
Birdie LL PJ (J),5,2329,111.04622033898292,0.007326589473543808,0.012552616933358749,High Volume / High Value
TP Princeton shirt,29,2329,35.64420338983046,0.007326589473543808,0.004029205403672789,High Volume / Lower Value
Malin sunglasses,5,2328,33.558474576271124,0.007323443664409612,0.0037934355166513558,High Volume / Lower Value
Wrap King V Brief,2,2324,36.356254237288084,0.0073108604278728255,0.004109695324877889,High Volume / Lower Value
Kusin long linen shirt,3,2323,102.69803389830496,0.007307714618738629,0.01160894153262741,High Volume / High Value
Dexter fancy tank top,3,2322,32.70098305084739,0.007304568809604433,0.0036965050438321294,High Volume / Lower Value
Carmensita l/s dress,3,2321,47.39494915254226,0.007301423000470235,0.005357504645108822,High Volume / Lower Value
Razzle blazer,2,2320,112.4230169491524,0.00729827719133604,0.01270824942935769,High Volume / High Value
Athena,2,2320,98.18598305084731,0.00729827719133604,0.011098901247608456,High Volume / High Value
J Sienna,2,2319,55.10269491525411,0.007295131382201842,0.006228784907360809,High Volume / Lower Value
Slim cargo TVP RW,5,2319,128.53901694915248,0.007295131382201842,0.01452999513020613,High Volume / High Value
Alpaca tunic,3,2317,115.21379661016935,0.007288839763933449,0.01302371796059825,High Volume / High Value
Wow Hood 19.99,16,2316,65.49888135593206,0.007285693954799253,0.0074039653462739255,High Volume / High Value
Shelly Wide Shorts,3,2316,16.184169491525275,0.007285693954799253,0.001829451550818347,High Volume / Lower Value
Joy Rouching CK,4,2316,49.771033898304964,0.007285693954799253,0.005626096241686431,High Volume / Lower Value
Mimosa,3,2315,122.46949152542368,0.007282548145665055,0.013843898589695569,High Volume / High Value
Alpaca tunic.,3,2315,105.75911864406766,0.007282548145665055,0.011954965234260937,High Volume / High Value
Kermit paperbag trouser,2,2314,70.66264406779649,0.0072794023365308595,0.007987674859834391,High Volume / High Value
Joel light down jacket,3,2314,103.85749152542363,0.0072794023365308595,0.011740006123563086,High Volume / High Value
Dante jumpsuit,2,2314,87.04374576271172,0.0072794023365308595,0.009839387542129796,High Volume / High Value
ESSENTIAL SIXTEN SS BOATNECK,3,2313,36.857067796610124,0.007276256527396663,0.004166307073985703,High Volume / Lower Value
Skinny H.W Ankle Comet Btn,4,2313,47.81650847457615,0.007276256527396663,0.005405157529358501,High Volume / Lower Value
Linda Denim TRS,3,2313,78.9783220338982,0.007276256527396663,0.008927675516596975,High Volume / High Value
Chris 3pk Fancy,12,2313,56.61681355932191,0.007276256527396663,0.0063999402269441395,High Volume / Lower Value
Dolores (1),2,2312,59.44215254237277,0.007273110718262466,0.006719315329067023,High Volume / Lower Value
Sienna Dress,15,2312,32.775389830508395,0.007273110718262466,0.0037049159541672877,High Volume / Lower Value
Common,3,2311,49.94222033898296,0.0072699649091282695,0.005645447083232019,High Volume / Lower Value
Sam Dress,2,2311,68.10262711864394,0.0072699649091282695,0.007698291646182257,High Volume / High Value
Lee Top TRIS,3,2310,60.55876271186435,0.007266819099994074,0.00684553646184159,High Volume / Lower Value
Lumiere Soft Body,3,2310,75.03523728813548,0.007266819099994074,0.008481950914730862,High Volume / High Value
Norma PQ,4,2309,164.32171186440672,0.007263673290859876,0.01857485555628179,High Volume / High Value
Siames slacks,3,2308,100.91837288135586,0.00726052748172568,0.011407769417549564,High Volume / High Value
Syster linen popover,3,2307,83.90398305084737,0.0072573816725914845,0.009484470117084927,High Volume / High Value
Dubai trapeze dress,5,2307,71.8344237288134,0.0072573816725914845,0.008120132328176361,High Volume / High Value
Wrap Queen top,2,2307,47.25828813559312,0.0072573816725914845,0.00534205654259575,High Volume / Lower Value
Macciato Push Melbourne,3,2306,49.742067796610065,0.007254235863457287,0.005622821926022928,High Volume / Lower Value
Carrie 2p Brazilian,3,2306,37.02049152542368,0.007254235863457287,0.004184780421924566,High Volume / Lower Value
ENZO BELT BAG,5,2305,53.83510169491514,0.007251090054323091,0.006085496715528026,High Volume / Lower Value
FRANCES SKIRT,5,2305,65.09542372881342,0.007251090054323091,0.007358358669823324,High Volume / High Value
Moma,7,2303,25.046559322033787,0.007244798436054698,0.0028312522813328496,High Volume / Lower Value
Samantha chicago,3,2301,46.21549152542363,0.007238506817786304,0.005224179262784657,High Volume / Lower Value
Emma Roll Neck,2,2301,52.87242372881343,0.007238506817786304,0.005976676012745244,High Volume / Lower Value
Adhesive Lacing Bra,2,2301,55.44898305084734,0.007238506817786304,0.006267929169105149,High Volume / Lower Value
Rosemary Blazer Coat,3,2300,195.48101694915243,0.007235361008652108,0.02209708998663424,High Volume / High Value
CHARLIE SKIRT S.2,6,2300,70.69006779661002,0.007235361008652108,0.007990774826331492,High Volume / High Value
Moa,9,2299,107.1132203389829,0.007232215199517911,0.012108032306811409,High Volume / High Value
Lily,5,2298,36.29111864406775,0.007229069390383714,0.004102332425466041,High Volume / Lower Value
Sahara LS,5,2297,35.017830508474525,0.0072259235812495185,0.003958400482865007,High Volume / Lower Value
Velour leggings,3,2297,54.391508474576156,0.0072259235812495185,0.006148392698325889,High Volume / Lower Value
Nora dress,6,2297,144.1551186440677,0.0072259235812495185,0.01629523254189164,High Volume / High Value
CSP Dina body,1,2296,73.81781355932188,0.007222777772115321,0.008344333860618362,High Volume / High Value
CLYDE KNOTTED SHIRT,3,2296,52.68486440677955,0.007222777772115321,0.0059554743877409475,High Volume / Lower Value
Amy,5,2296,72.66723728813544,0.007222777772115321,0.008214273214333174,High Volume / High Value
Hopper tank,3,2295,19.16779661016936,0.007219631962981125,0.0021667194756337265,High Volume / Lower Value
Wendy (1),3,2295,95.92123728813546,0.007219631962981125,0.010842895361735098,High Volume / High Value
Fiona Wide,4,2294,124.98667796610164,0.007216486153846928,0.014128440261111493,High Volume / High Value
Vintage H.W Shorts,4,2294,37.48818644067786,0.007216486153846928,0.004237648453767019,High Volume / Lower Value
Fiona micro hipster 4p,4,2294,35.48498305084741,0.007216486153846928,0.00401120720511049,High Volume / Lower Value
Angelica,4,2294,54.171999999999876,0.007216486153846928,0.006123579554874715,High Volume / Lower Value
Victoria sneaker,4,2293,70.46757627118629,0.007213340344712732,0.00796562448009695,High Volume / High Value
Kaia Push Balboa,6,2293,32.99028813559312,0.007213340344712732,0.003729207966044162,High Volume / Lower Value
Nadja blouse,2,2292,80.61918644067786,0.007210194535578534,0.009113158122623661,High Volume / High Value
Printed Hood 24.99,21,2292,73.67669491525415,0.007210194535578534,0.008328381869855149,High Volume / High Value
FOREVER FLOUNCE DRESS,2,2292,74.70901694915236,0.007210194535578534,0.008445075108074632,High Volume / High Value
Wow Rispan Hood 19.99:-,9,2291,69.40971186440663,0.0072070487264443385,0.007846043943044863,High Volume / High Value
Mimosa Malta Bandeau,3,2291,63.48825423728809,0.0072070487264443385,0.007176684922508791,High Volume / High Value
Oregano,6,2291,102.59305084745749,0.0072070487264443385,0.011597074293762721,High Volume / High Value
Sanna tee dress,6,2291,36.9498983050847,0.0072070487264443385,0.004176800594693146,High Volume / Lower Value
Dawn padded Tshirt,5,2290,33.68755932203384,0.007203902917310141,0.0038080272007316694,High Volume / Lower Value
Brighton top(1),3,2290,50.87613559322023,0.007203902917310141,0.005751016461450157,High Volume / Lower Value
Pinky loose tank (C),1,2290,38.012813559322,0.007203902917310141,0.0042969520773670725,High Volume / Lower Value
Sacramento dress w,2,2289,88.14232203389821,0.007200757108175945,0.009963570130804907,High Volume / High Value
Bonnie SL set (J),9,2288,56.04174576271175,0.007197611299041748,0.006334934810825318,High Volume / Lower Value
Warung Shirt Dress,2,2288,105.02938983050842,0.007197611299041748,0.011872477003379405,High Volume / High Value
Anabella,3,2288,85.25747457627106,0.007197611299041748,0.0096374682163388,High Volume / High Value
Tora,7,2287,41.97810169491515,0.007194465489907553,0.004745186540859385,High Volume / Lower Value
Rachel Basic L/S,3,2287,52.01211864406767,0.007194465489907553,0.005879427496391705,High Volume / Lower Value
Baby shark top,3,2287,66.53738983050843,0.007194465489907553,0.007521357897083939,High Volume / High Value
Baltimore dress,3,2286,38.776440677965965,0.007191319680773356,0.004383272158059609,High Volume / Lower Value
Pineapple dress,2,2285,69.06588135593205,0.007188173871639159,0.007807177490411822,High Volume / High Value
Zingo sweater,3,2285,50.54922033898293,0.007188173871639159,0.005714062101872806,High Volume / Lower Value
Lisbon tencel dress,3,2281,118.39638983050841,0.0071755906351023725,0.013383476927879338,High Volume / High Value
LEA jumpsuit,3,2280,51.317355932203284,0.007172444825968177,0.00580089181859022,High Volume / Lower Value
GREG SOLID,8,2280,33.49401694915248,0.007172444825968177,0.0037861492542357266,High Volume / Lower Value
SPARROW LS RIB TOP,3,2280,45.86213559322022,0.007172444825968177,0.005184236060354721,High Volume / Lower Value
Lumiere Push Melbourne,2,2280,59.48306779661011,0.007172444825968177,0.006723940371788914,High Volume / Lower Value
Ariel boat neck,2,2279,30.1839491525423,0.007169299016833979,0.003411980615740353,High Volume / Lower Value
Lily padded 2p,3,2278,52.33554237288125,0.007166153207699783,0.005915987175438523,High Volume / Lower Value
Rosalie dress,3,2277,36.793881355932164,0.007163007398565586,0.004159164505937988,High Volume / Lower Value
Mini Flare H.W Petite,3,2277,75.20298305084728,0.007163007398565586,0.008500912823520623,High Volume / High Value
SPEED SWEATER LOW PRICE,4,2276,45.45718644067785,0.00715986158943139,0.005138460782512434,High Volume / Lower Value
Chestnut strap basic,12,2276,38.609762711864285,0.00715986158943139,0.0043644309525388905,High Volume / Lower Value
Luna conscious loose tank,2,2275,36.81174576271172,0.007156715780297193,0.004161183890788377,High Volume / Lower Value
Simba Tencel,2,2274,49.12074576271174,0.0071535699711629975,0.005552587950836983,High Volume / Lower Value
Felicia cord shirt,5,2272,91.42996610169483,0.007147278352894604,0.010335204000650298,High Volume / High Value
Betsy oversize v-neck,4,2270,91.10876271186432,0.007140986734626211,0.010298895307766103,High Volume / High Value
Mignon body,4,2270,31.23581355932196,0.007140986734626211,0.0035308829153758913,High Volume / Lower Value
French LS,3,2268,43.21213559322023,0.007134695116357817,0.004884681201379273,High Volume / Lower Value
Tammy jumpsuit,2,2266,105.538254237288,0.007128403498089424,0.011929998816817323,High Volume / High Value
ZOLA MID SKIRT S.1,3,2265,69.43413559322019,0.007125257688955227,0.007848804790833693,High Volume / High Value
Zoo,13,2263,28.747474576271063,0.007118966070686835,0.003249602148149128,High Volume / Lower Value
Noa slim PRICE,2,2260,65.85847457627104,0.007109528643284245,0.007444613609069084,High Volume / High Value
Luna Petite,7,2260,46.86966101694904,0.007109528643284245,0.0052981263004374625,High Volume / Lower Value
EMELIE LACE BLOUSE,2,2259,64.88032203389815,0.007106382834150049,0.007334043666847581,High Volume / High Value
LUNE TEE,2,2259,46.77666101694901,0.007106382834150049,0.005287613620480962,High Volume / Lower Value
Coolio sunglasses,3,2259,25.00169491525414,0.007106382834150049,0.0028261808281079843,High Volume / Lower Value
Super skinny denim,5,2258,107.27088135593208,0.0071032370250158515,0.012125854240282403,High Volume / High Value
Tulip Dress,4,2258,109.29130508474563,0.0071032370250158515,0.01235424206864293,High Volume / High Value
Finn twist CF,3,2257,49.97591525423718,0.007100091215881656,0.005649255941944157,High Volume / Lower Value
Tie Hard Cheeky Tanga,2,2256,36.77342372881352,0.007096945406747458,0.0041568519845770445,High Volume / Lower Value
Nicole anglais,3,2256,65.23462711864398,0.007096945406747458,0.0073740941610722305,High Volume / High Value
Lumiere melbourne with gore,2,2255,73.24664406779645,0.007093799597613262,0.008279769107227806,High Volume / High Value
Cool Alva earring,6,2255,18.132847457626976,0.007093799597613262,0.0020497292690538796,High Volume / Lower Value
CHLOE S.0,4,2254,32.389016949152435,0.007090653788479065,0.0036612405300214305,High Volume / Lower Value
Gigi bandeau,4,2254,35.77054237288131,0.007090653788479065,0.00404348670791841,High Volume / Lower Value
Huwey braided hip belt,6,2254,20.374898305084624,0.007090653788479065,0.0023031697314787707,High Volume / Lower Value
Liza thong cotton 3pk,2,2253,36.38806779661013,0.007087507979344869,0.004113291515925521,High Volume / Lower Value
Lilja trouser,2,2251,70.20576271186425,0.0070812163610764756,0.00793602918808164,High Volume / High Value
Meringue,2,2250,44.73993220338978,0.007078070551942279,0.005057382672361351,High Volume / Lower Value
Smudge,2,2250,73.11713559322018,0.007078070551942279,0.008265129525024855,High Volume / High Value
Eden Hipster Ch. Poppy Mid,3,2250,21.781237288135472,0.007078070551942279,0.002462141684588006,High Volume / Lower Value
ED Nora tee 2p,2,2249,73.60223728813543,0.007074924742808083,0.008319965211745266,High Volume / High Value
Cavalier top Crepe,2,2249,62.53918644067791,0.007074924742808083,0.007069402707425129,High Volume / High Value
KISSY DRESS,5,2249,89.47389830508466,0.007074924742808083,0.010114090939155967,High Volume / High Value
Sean wool biker,3,2247,145.6013898305084,0.00706863312453969,0.01645871841407824,High Volume / High Value
Marita coat,4,2246,185.19471186440668,0.007065487315405492,0.020934330488883504,High Volume / High Value
Gyda.,14,2246,51.13328813559313,0.007065487315405492,0.005780084874116456,High Volume / Lower Value
Kagan top,3,2246,47.29466101694904,0.007065487315405492,0.005346168117442959,High Volume / Lower Value
Kat sandalette,3,2246,62.82132203389817,0.007065487315405492,0.007101295193402129,High Volume / High Value
Basic tights 2PACK,6,2246,28.670627118643985,0.007065487315405492,0.00324091534462758,High Volume / Lower Value
ROMAN REG LS T-SHIRT,3,2246,30.919186440677898,0.007065487315405492,0.003495091522216184,High Volume / Lower Value
Benny,1,2245,66.76015254237278,0.007062341506271296,0.007546538898116962,High Volume / High Value
OL UNIQUE JOLIEN STRAP,1,2245,40.87510169491516,0.007062341506271296,0.004620503895783944,High Volume / Lower Value
MC Chestnut strap,5,2243,51.32944067796599,0.007056049888002903,0.005802257873047843,High Volume / Lower Value
Milla sockboot,3,2241,105.85066101694903,0.00704975826973451,0.011965313144675561,High Volume / High Value
DIV Jade HW trash,5,2239,71.91225423728797,0.007043466651466117,0.00812893025534243,High Volume / High Value
Bimbette,3,2239,165.4652881355931,0.007043466651466117,0.018704124925581003,High Volume / High Value
Daquiri,4,2239,101.97240677966093,0.007043466651466117,0.011526916955573004,High Volume / High Value
lennart dress,4,2239,80.3643559322033,0.007043466651466117,0.009084352191669419,High Volume / High Value
Wave blazer.,3,2238,129.58127118644057,0.0070403208423319204,0.01464781110042024,High Volume / High Value
Evie Padded (Milano) 2pk,3,2238,63.80284745762706,0.0070403208423319204,0.007212246404679837,High Volume / High Value
DIV Babe LS,4,2238,69.468254237288,0.0070403208423319204,0.007852661547668473,High Volume / High Value
Sunset,4,2237,76.85323728813549,0.007037175033197724,0.008687456851944964,High Volume / High Value
Ellen 2pk wireless rio cotton,2,2237,65.68193220338978,0.007037175033197724,0.007424657335253372,High Volume / High Value
Banks,3,2236,59.0051864406779,0.007034029224063528,0.006669920869078246,High Volume / Lower Value
STELLA PRINTED,13,2235,36.49318644067784,0.00703088341492933,0.004125174082189442,High Volume / Lower Value
Curly.,3,2234,31.29811864406768,0.007027737605795135,0.0035379258553285167,High Volume / Lower Value
Oyster,4,2232,60.50418644067782,0.007021445987526741,0.00683936718364586,High Volume / Lower Value
Dexter long linenshirt,2,2232,107.04788135593208,0.007021445987526741,0.012100646416300697,High Volume / High Value
Margret dress,3,2232,67.08725423728798,0.007021445987526741,0.0075835143328682655,High Volume / High Value
Vincent Dress (1),3,2231,106.94320338983037,0.007018300178392544,0.012088813664084307,High Volume / High Value
BOB set,7,2230,50.2190847457626,0.007015154369258348,0.005676743716563413,High Volume / Lower Value
Basic 9-pk studs,2,2230,13.625983050847328,0.007015154369258348,0.001540275257056012,High Volume / Lower Value
Finlandia culottes RW,3,2230,56.54694915254229,0.007015154369258348,0.00639204278448366,High Volume / Lower Value
Flora,6,2229,57.75816949152528,0.007012008560124151,0.006528958610080734,High Volume / Lower Value
Sassy tank,4,2229,28.790389830508364,0.007012008560124151,0.003254453270009864,High Volume / Lower Value
Pleated scrunchie,6,2228,14.316830508474418,0.0070088627509899545,0.0016183683562043254,High Volume / Lower Value
Tabatha highshaft,3,2228,213.38998305084738,0.0070088627509899545,0.024121511803611346,High Volume / High Value
Foxy fur jacket,6,2227,256.1523389830507,0.007005716941855758,0.02895535010577328,High Volume / High Value
Julia Hoodie,6,2226,52.557525423728755,0.007002571132721562,0.005941080043925906,High Volume / Lower Value
CLEMENTINE MAXI SKIRT,3,2225,67.30984745762697,0.0069994253235873645,0.0076086761746522414,High Volume / High Value
Mary Kate Mock Neck,3,2225,45.34422033898294,0.0069994253235873645,0.005125691143017256,High Volume / Lower Value
Nima body,3,2224,134.59962711864395,0.006996279514453169,0.015215083894216387,High Volume / High Value
Mason jogger RW,4,2223,107.28427118644055,0.006993133705318971,0.012127367820957751,High Volume / High Value
Taylor shopper,8,2221,69.01237288135577,0.0069868420870505795,0.007801128915485147,High Volume / High Value
JORDAN F&F DRESS,3,2220,44.84915254237279,0.006983696277916382,0.005069728892452411,High Volume / Lower Value
Isa Cardigan,6,2219,67.91216949152528,0.006980550468782186,0.007676762398019114,High Volume / High Value
Milkshake Cheeky brief,1,2219,35.77233898305081,0.006980550468782186,0.004043689795958395,High Volume / Lower Value
EVIE BLOUSE,3,2219,54.068813559321896,0.006980550468782186,0.0061119154040500095,High Volume / Lower Value
Booty Jean RW Denim,2,2218,102.36262711864393,0.0069774046596479886,0.011571027294672404,High Volume / High Value
LARRY LS HENLEY,10,2217,30.556372881355863,0.006974258850513793,0.003454079233688979,High Volume / Lower Value
B Sibylla Kaftan,5,2216,66.05925423728799,0.006971113041379596,0.007467309655499676,High Volume / High Value
Wow Rocky Tee 4.99:-,11,2215,14.73562711864393,0.006967967232245399,0.00166570894469441,High Volume / Lower Value
ORLANDO 2-layer loose tee (1),2,2214,52.5628135593219,0.006964821423111203,0.005941677812496414,High Volume / Lower Value
Kamikaze TVP- TM,6,2214,50.24816949152531,0.006964821423111203,0.005680031443701257,High Volume / Lower Value
MARIO TROUSER,15,2214,52.56491525423717,0.006964821423111203,0.005941915387184699,High Volume / Lower Value
Davis shirt tunic,4,2211,127.00855932203378,0.0069553839957086135,0.014356992859013885,High Volume / High Value
Maya,2,2210,66.88042372881343,0.006952238186574416,0.00756013430124641,High Volume / High Value
Bambi top,4,2210,73.00903389830496,0.006952238186574416,0.00825290975597756,High Volume / High Value
OLIVER OXFORD,11,2208,68.40616949152528,0.006945946568306023,0.007732603945314914,High Volume / High Value
Shorts Super Soft Slim,3,2207,83.21981355932192,0.006942800759171827,0.009407131892349376,High Volume / High Value
Basic 5p Minishaftless,3,2207,22.58588135593211,0.006942800759171827,0.002553098303551875,High Volume / Lower Value
Frankie sandal,2,2207,25.54945762711852,0.006942800759171827,0.0028880996892040383,High Volume / Lower Value
Love Story!,2,2207,58.816881355932075,0.006942800759171827,0.006648634943378097,High Volume / Lower Value
SF PI Stef short dress,1,2206,51.50813559322023,0.00693965495003763,0.005822457469326566,High Volume / Lower Value
ULLA COLD SHOULDER,5,2206,54.64850847457617,0.00693965495003763,0.0061774438676680385,High Volume / Lower Value
Plum Pile Coat,3,2205,230.43332203389815,0.0069365091409034334,0.026048083503814573,High Volume / High Value
TP TOMMY sweatpants BB,19,2205,33.30179661016943,0.0069365091409034334,0.003764420749882413,High Volume / Lower Value
Utility Joggers,2,2205,56.65532203389817,0.0069365091409034334,0.006404293208329442,High Volume / Lower Value
Sasha,7,2204,46.08106779661012,0.006933363331769237,0.005208984062359115,High Volume / Lower Value
Kadri,5,2204,17.90047457627105,0.006933363331769237,0.0020234619385994294,High Volume / Lower Value
Zimmer dress (1),3,2203,81.71055932203382,0.006930217522635041,0.00923652644321393,High Volume / High Value
WM price tee,3,2203,18.005661016949016,0.006930217522635041,0.002035352168562983,High Volume / Lower Value
Noah hood TP,12,2202,53.12816949152531,0.006927071713500843,0.006005585403644387,High Volume / Lower Value
Gia Woven TRS,2,2200,68.25972881355924,0.00692078009523245,0.007716050354131374,High Volume / High Value
Arthur slim fit shirt,2,2199,88.23388135593213,0.006917634286098254,0.009973919957144438,High Volume / High Value
Cobra HW slim PU,1,2199,103.75683050847444,0.006917634286098254,0.011728627445549297,High Volume / High Value
KARIN MID SUPPORT BRA+,5,2199,30.52155932203383,0.006917634286098254,0.003450143923933075,High Volume / Lower Value
MOJITO VACAY SHIRT,2,2198,45.119830508474436,0.006914488476964058,0.005100326213193293,High Volume / Lower Value
Sundby,3,2198,45.04020338983037,0.006914488476964058,0.005091325197987238,High Volume / Lower Value
New Rooney Dress,5,2198,70.62981355932187,0.006914488476964058,0.007983963713292427,High Volume / High Value
ED Baraboom cardigan,5,2196,77.82140677966092,0.006908196858695665,0.008796898314397127,High Volume / High Value
SILVER DRESS,7,2196,64.1232203389829,0.006908196858695665,0.007248461217243651,High Volume / High Value
Easy iron L/S shirt  TP,2,2196,35.68084745762708,0.006908196858695665,0.0040333476333184876,High Volume / Lower Value
Shaping Bootcut,3,2194,179.9939491525423,0.006901905240427272,0.02034643851125433,High Volume / High Value
Bueno,4,2194,66.51696610169478,0.006901905240427272,0.007519049207572796,High Volume / High Value
Tara slip dress,3,2194,67.62774576271171,0.006901905240427272,0.007644611262179863,High Volume / High Value
Vicky Beret,9,2194,34.19784745762708,0.006901905240427272,0.003865709951861661,High Volume / Lower Value
ROLO COULD SHOULDER,3,2194,38.8801525423728,0.006901905240427272,0.00439499570255639,High Volume / Lower Value
Ullis playsuit,3,2193,141.90101694915242,0.006898759431293075,0.016040429856858933,High Volume / High Value
Zimmelie Tunic,3,2193,195.30852542372872,0.006898759431293075,0.022077591618870934,High Volume / High Value
Barley tee party,2,2191,43.72359322033883,0.006892467813024682,0.004942496151327736,High Volume / Lower Value
Bosco shorts,17,2191,43.84716949152533,0.006892467813024682,0.004956465159813768,High Volume / Lower Value
Sara 3/4,10,2190,30.396203389830422,0.006889322003890486,0.0034359737433319703,High Volume / Lower Value
BO basic OH BB,11,2190,50.61408474576259,0.006889322003890486,0.005721394346486168,High Volume / Lower Value
Kivik Linen Popover,3,2189,85.82350847457619,0.006886176194756288,0.009701452444482993,High Volume / High Value
Solange 5pkt TVP HW TVP,3,2189,70.8363389830507,0.006886176194756288,0.008007309258265986,High Volume / High Value
Lazer Razer Swimsuit,3,2188,64.90564406779656,0.0068830303856220925,0.007336906058656414,High Volume / High Value
Lumiere Padded Soft Bra,2,2188,52.82099999999994,0.0068830303856220925,0.005970863096581956,High Volume / Lower Value
Poppy jumpsuit,6,2187,49.62994915254227,0.006879884576487895,0.0056101480827730225,High Volume / Lower Value
DIV Nicky long tank top,3,2186,24.58142372881346,0.006876738767353699,0.0027786735541511223,High Volume / Lower Value
50 Cent Padded wire,4,2184,50.2107288135592,0.006870447149085306,0.005675799165584999,High Volume / Lower Value
Edda top,4,2183,35.97030508474573,0.006867301339951108,0.004066067798854675,High Volume / Lower Value
Poca Coat,2,2183,159.3574237288135,0.006867301339951108,0.018013694562934196,High Volume / High Value
Daffodil top,2,2183,59.66713559322027,0.006867301339951108,0.006744747316262679,High Volume / Lower Value
Missy,3,2182,80.27138983050835,0.006864155530816912,0.00907384334356273,High Volume / High Value
Turtle jumper BRO,3,2182,154.64061016949148,0.006864155530816912,0.01748050798913186,High Volume / High Value
Rainbow sandal,3,2181,67.90372881355917,0.006861009721682716,0.0076758082674161735,High Volume / High Value
Lamb jumper BRO,4,2178,122.28091525423719,0.0068515722942801265,0.013822582009196931,High Volume / High Value
Sumo L/S,2,2178,59.47208474576257,0.0068515722942801265,0.006722698852450139,High Volume / Lower Value
KOCOUM BOMBER,11,2177,98.5071694915253,0.006848426485145931,0.011135208024567746,High Volume / High Value
ED Primo slacks,1,2177,76.17740677966088,0.006848426485145931,0.008611061262262921,High Volume / High Value
Loris basic twill,3,2177,85.90150847457619,0.006848426485145931,0.00971026953089812,High Volume / High Value
Love Affair Brief,4,2176,27.528881355932125,0.006845280676011733,0.003111852895218158,High Volume / Lower Value
RONNY FANCY,8,2175,28.067203389830432,0.006842134866877537,0.00317270458614185,High Volume / Lower Value
Robban linen blazer,3,2174,115.11916949152534,0.00683898905774334,0.01301302135185083,High Volume / High Value
Dexter Rib Tank,2,2171,30.914881355932145,0.006829551630340751,0.003494604877290187,High Volume / Lower Value
Missty Wide,3,2170,98.60635593220329,0.006826405821206553,0.011146420017114753,High Volume / High Value
Casper push bralette straps,2,2170,52.56123728813553,0.006826405821206553,0.00594149963148021,High Volume / Lower Value
Fiffi folded waist,4,2170,46.2303389830507,0.006826405821206553,0.005225857613001872,High Volume / Lower Value
Despacito CONCIOUS,6,2168,53.54657627118633,0.006820114202938161,0.006052881925861643,High Volume / Lower Value
Cassie tank,5,2167,27.35754237288124,0.006816968393803965,0.0030924848103484207,High Volume / Lower Value
Peach wrap linen mix skirt,3,2166,86.19689830508466,0.006813822584669767,0.009743660270151232,High Volume / High Value
2p Claw,5,2165,9.253677966101545,0.006810676775535571,0.001046031772882932,High Volume / Lower Value
Maryam dress,2,2165,52.24138983050837,0.006810676775535571,0.005905344212588452,High Volume / Lower Value
Olivia woven Shorts,4,2164,45.38598305084736,0.006807530966401374,0.005130411981984417,High Volume / Lower Value
Kendrick tie thong,2,2164,27.6267118644067,0.006807530966401374,0.003122911613772723,High Volume / Lower Value
Carla top,6,2163,17.685644067796474,0.006804385157267178,0.0019991775904221742,High Volume / Lower Value
Cordelia skirt,3,2162,105.15266101694901,0.0068012393481329805,0.011886411525217121,High Volume / High Value
SOPHIA cropped running tigh,4,2162,64.57906779661009,0.0068012393481329805,0.007299990017577172,High Volume / High Value
Alma Sneaker,12,2160,54.579779661016815,0.006794947729864587,0.006169674792176219,High Volume / Lower Value
Billie Boot,2,2157,79.28283050847446,0.006785510302461998,0.008962097023449246,High Volume / High Value
Venice,6,2155,58.63330508474567,0.0067792186841936055,0.006627883560726595,High Volume / Lower Value
Woodland HW,3,2155,94.50823728813546,0.0067792186841936055,0.010683170450138,High Volume / High Value
Sandra squared,4,2154,24.980542372881267,0.00677607287505941,0.0028237897538259168,High Volume / Lower Value
Charlotte PushMelbourne,3,2154,43.72383050847444,0.00677607287505941,0.004942522974276416,High Volume / Lower Value
Khleo,2,2154,54.52184745762699,0.00677607287505941,0.0061631261608492095,High Volume / Lower Value
Gold Coast Highwaist,2,2153,50.45501694915244,0.006772927065925212,0.005703413391248021,High Volume / Lower Value
Halle,3,2153,19.87533898305071,0.006772927065925212,0.002246699760813963,High Volume / Lower Value
Love Dog,2,2153,69.30008474576255,0.006772927065925212,0.007833651740756066,High Volume / High Value
Stone jumper,4,2153,168.86376271186433,0.006772927065925212,0.019088287028383482,High Volume / High Value
Peach bandeau,2,2153,28.785423728813484,0.006772927065925212,0.003253891904012555,High Volume / Lower Value
ED Jennifer tee,6,2152,29.481457627118576,0.006769781256791016,0.0033325712761819565,High Volume / Lower Value
Flirty Nila ear cuff,2,2150,24.390542372881256,0.006763489638522623,0.002757096407865344,High Volume / Lower Value
Hailey Dress,4,2149,126.78155932203379,0.006760343829388425,0.014331332876754478,High Volume / High Value
Lima denim shirt,3,2148,79.61645762711856,0.00675719802025423,0.008999810089289179,High Volume / High Value
Dayzy linen,4,2148,101.31340677966092,0.00675719802025423,0.011452423879322129,High Volume / High Value
Tivoli,2,2148,79.51720338983041,0.00675719802025423,0.00898859043304255,High Volume / High Value
LS Tote Bag,1,2148,69.64845762711849,0.00675719802025423,0.007873031661263782,High Volume / High Value
Fred Shortie,7,2146,25.96998305084737,0.006750906401985836,0.0029356357020344863,High Volume / Lower Value
Adhesive push bra,2,2146,50.855186440677855,0.006750906401985836,0.0057486483782669545,High Volume / Lower Value
Lonely Planet,5,2146,51.18984745762699,0.006750906401985836,0.005786478315526115,High Volume / Lower Value
Poppins pompom beanie (1),7,2146,22.801423728813454,0.006750906401985836,0.00257746312057516,High Volume / Lower Value
DeLuca pull-on jogger RW,4,2145,83.68755932203382,0.0067477605928516395,0.009460005671966558,High Volume / High Value
Josefine hood,6,2144,69.27777966101681,0.006744614783717443,0.007831130383580426,High Volume / High Value
Venice crossback push melbourn,2,2142,62.207237288135545,0.00673832316544905,0.007031879318150847,High Volume / High Value
ETTA BUM BAG,4,2142,45.02013559322019,0.00673832316544905,0.005089056742899121,High Volume / Lower Value
Love Off Shoulder,4,2142,66.86791525423715,0.00673832316544905,0.007558720348666149,High Volume / High Value
Raven sneaker SPEED,3,2140,97.42138983050835,0.006732031547180657,0.011012471959196295,High Volume / High Value
PUTTE overall,10,2139,62.19288135593207,0.0067288857380464594,0.007030256529755877,High Volume / High Value
Scotty crewneck dress,2,2139,137.50689830508463,0.0067288857380464594,0.015543720577332472,High Volume / High Value
Juicy Fruit Cheeky Brief,2,2139,31.44891525423719,0.0067288857380464594,0.0035549718392127823,High Volume / Lower Value
Majsan Dungaree,3,2138,89.32361016949142,0.006725739928912264,0.010097102433018867,High Volume / High Value
ED Rio dress,6,2138,77.98601694915243,0.006725739928912264,0.008815505777079374,High Volume / High Value
Andy SP Andes,3,2137,56.998762711864345,0.006722594119778066,0.006443115594689665,High Volume / Lower Value
James slim polo,3,2137,59.693694915254106,0.006722594119778066,0.0067477495705895955,High Volume / Lower Value
Lucille bow jumper,8,2137,62.71164406779647,0.006722594119778066,0.007088897243338617,High Volume / High Value
S Ivar Adj Reversible Tie Tang,1,2137,22.59871186440668,0.006722594119778066,0.0025545486587053405,High Volume / Lower Value
Nohar Sneaker,14,2136,55.71428813559309,0.00671944831064387,0.006297919141650991,High Volume / Lower Value
Kanta trouser,8,2136,51.229033898304976,0.00671944831064387,0.005790907933907642,High Volume / Lower Value
Dorsia dress,3,2135,85.53830508474567,0.006716302501509673,0.009669213176098089,High Volume / High Value
Garden Mayonaise,2,2134,89.62793220338972,0.006713156692375477,0.010131502864697179,High Volume / High Value
Sonic Embroidered Tank,2,2133,36.92238983050838,0.006710010883241281,0.004173691048571507,High Volume / Lower Value
Samantha padded abeline(1),3,2133,43.833711864406695,0.006710010883241281,0.004954943915438799,High Volume / Lower Value
stina biker shorts HW,3,2132,17.143474576271057,0.006706865074107084,0.0019378909845449337,High Volume / Lower Value
Almost famous romper,3,2131,95.33437288135579,0.006703719264972888,0.010776556461882044,High Volume / High Value
Griswold,4,2130,114.88272881355927,0.006700573455838691,0.012986294199419062,High Volume / High Value
Class Carro earrings RT,3,2129,22.291542372881253,0.006697427646704495,0.002519826351642903,High Volume / Lower Value
Sangria dress,3,2129,97.32791525423717,0.006697427646704495,0.011001905633342446,High Volume / High Value
Rita Tweed,3,2127,81.82084745762704,0.006691136028436102,0.00924899336657404,High Volume / High Value
Strong seamless Bralette,3,2127,44.6136440677965,0.006691136028436102,0.005043107115890439,High Volume / Lower Value
Una jumpsuit,6,2125,139.48333898305074,0.0066848444101677085,0.01576713658056322,High Volume / High Value
Boyfriend,11,2125,71.78647457627106,0.0066848444101677085,0.008114712176618695,High Volume / High Value
Espresso,2,2125,84.91732203389823,0.0066848444101677085,0.00959901751941026,High Volume / High Value
Janita fancy,2,2125,119.23218644067788,0.0066848444101677085,0.013477955016819518,High Volume / High Value
Artur shell top,3,2123,60.83976271186428,0.006678552791899315,0.006877300580849921,Lower Volume / Lower Value
Karla sunglasses,4,2122,22.367779661016847,0.006675406982765118,0.002528444181867857,Lower Volume / Lower Value
Capone blazer campaign,1,2122,67.35394915254223,0.006675406982765118,0.007613661411256362,Lower Volume / High Value
Gale Blouse,2,2122,71.20759322033888,0.006675406982765118,0.008049275677396137,Lower Volume / High Value
Marrocco,2,2121,73.08794915254231,0.006672261173630922,0.008261830302337589,Lower Volume / High Value
SALLY BLOUSE,4,2121,54.449372881355806,0.006672261173630922,0.006154933665953277,Lower Volume / Lower Value
Bridgette clutch,4,2121,57.39444067796605,0.006672261173630922,0.006487842861608643,Lower Volume / Lower Value
NORWAY fleece jacket,5,2121,72.4462372881355,0.006672261173630922,0.008189291469490323,Lower Volume / High Value
Japp oversize sweater,2,2120,43.96401694915244,0.006669115364496725,0.004969673546112307,Lower Volume / Lower Value
Piper shirt dress,4,2119,51.64194915254225,0.006665969555362529,0.005837583696455513,Lower Volume / Lower Value
Paris trench,4,2119,198.8435762711863,0.006665969555362529,0.022477192244561954,Lower Volume / High Value
The Rebounder tie tanga,2,2118,27.23881355932196,0.006662823746228332,0.0030790637563853744,Lower Volume / Lower Value
Ibiza HW Woven Pull-on,4,2117,49.245440677966,0.006659677937094136,0.005566683410366775,Lower Volume / Lower Value
Jade body,3,2117,50.26054237288125,0.006659677937094136,0.005681430068882274,Lower Volume / Lower Value
Stud Tee (1),2,2115,52.53491525423718,0.0066533863188257426,0.005938524200101958,Lower Volume / Lower Value
Luke mockneck,4,2115,66.07105084745749,0.0066533863188257426,0.007468643139233908,Lower Volume / High Value
Victoria dress,5,2114,91.48974576271179,0.006650240509691545,0.01034196146779201,Lower Volume / High Value
Buffalo J,3,2113,97.03323728813547,0.006647094700557349,0.010968595362935363,Lower Volume / High Value
Spirit,2,2113,55.4073220338982,0.006647094700557349,0.0062632198256874225,Lower Volume / Lower Value
Doris new,3,2112,69.92057627118628,0.006643948891423153,0.007903791835621638,Lower Volume / High Value
Beetle Beanie new,4,2111,26.30611864406772,0.006640803082288956,0.00297363232476043,Lower Volume / Lower Value
Go light sports bra,4,2111,50.19518644067786,0.006640803082288956,0.005674042262446654,Lower Volume / Lower Value
Adelia bralette,5,2111,48.56125423728803,0.006640803082288956,0.0054893432697063205,Lower Volume / Lower Value
Allie WL boot,2,2111,119.53032203389822,0.006640803082288956,0.013511656135907322,Lower Volume / High Value
Inga 7p Ct Bikini,3,2110,51.558084745762606,0.00663765727315476,0.005828103700023084,Lower Volume / Lower Value
Coli ruffle dress,4,2109,59.98605084745758,0.0066345114640205625,0.006780797359284632,Lower Volume / Lower Value
Boyfriend Shirt,6,2109,101.1629322033897,0.0066345114640205625,0.011435414298011065,Lower Volume / High Value
SKINNY PRICE 89,5,2108,33.770033898305044,0.006631365654886367,0.0038173500913218504,Lower Volume / Lower Value
Bianca body,1,2108,34.22354237288132,0.006631365654886367,0.003868614494018404,Lower Volume / Lower Value
Cusco Embroided Sweater,7,2108,74.58149152542364,0.006631365654886367,0.008430659689085636,Lower Volume / High Value
Push Up Shorts,3,2107,65.76915254237274,0.00662821984575217,0.007434516684817083,Lower Volume / High Value
Mio Dress,5,2107,46.34774576271176,0.00662821984575217,0.005239129224822299,Lower Volume / Lower Value
L Christy Pile,2,2106,166.35018644067787,0.006625074036617974,0.018804153448972426,Lower Volume / High Value
Box 3p Tights 40 den,1,2106,17.95689830508463,0.006625074036617974,0.002029840052609852,Lower Volume / Lower Value
Lava,3,2106,68.87808474576264,0.006625074036617974,0.007785949042458853,Lower Volume / High Value
Jonte Slim Jogger 24.99:-,2,2104,77.36420338983044,0.006618782418349581,0.008745216240071178,Lower Volume / High Value
SAVANNAH cropped wrap tank,3,2102,32.33103389830504,0.0066124908000811874,0.0036546861509197098,Lower Volume / Lower Value
Dora Dress (1),5,2102,81.03154237288125,0.0066124908000811874,0.00915977065964965,Lower Volume / High Value
Monzo adj triangle,2,2101,43.86638983050834,0.00660934499094699,0.004958637818656604,Lower Volume / Lower Value
Twelve top,3,2101,53.06691525423717,0.00660934499094699,0.0059986612510358975,Lower Volume / Lower Value
FF Sunflower knit,1,2101,68.56294915254222,0.00660934499094699,0.00775032625069082,Lower Volume / High Value
Jackie brazillian,3,2100,60.10252542372876,0.006606199181812794,0.006793963595235251,Lower Volume / Lower Value
Buzz thong,4,2099,27.574152542372804,0.0066030533726785965,0.003116970330640758,Lower Volume / Lower Value
Maddi Dress,5,2099,171.56450847457614,0.0066030533726785965,0.019393578166526003,Lower Volume / High Value
Gertrud l/s top,3,2099,28.673355932203325,0.0066030533726785965,0.0032412238085373682,Lower Volume / Lower Value
TERRIER TEE TVP,3,2098,21.920915254237187,0.006599907563544401,0.0024779308217342615,Lower Volume / Lower Value
Calypso Push,4,2098,52.39854237288125,0.006599907563544401,0.0059231086683122795,Lower Volume / Lower Value
NORMA SKIRT,2,2098,66.15113559322023,0.006599907563544401,0.007477695884412415,Lower Volume / High Value
TOM SUPER FANCY,8,2097,48.897355932203276,0.006596761754410204,0.00552733606058245,Lower Volume / Lower Value
B NEW Sibylla Karftan,4,2097,67.13916949152528,0.006596761754410204,0.007589382810853823,Lower Volume / High Value
Millicent Cardigan,4,2096,66.05244067796595,0.006593615945276007,0.007466539453687664,Lower Volume / High Value
Cherry playsuit,5,2096,50.387152542372775,0.006593615945276007,0.0056957420279263845,Lower Volume / Lower Value
Cali HW tapered,2,2096,74.26777966101686,0.006593615945276007,0.008395197835009673,Lower Volume / High Value
Atomic Wrap Sweater,4,2095,86.32644067796602,0.006590470136141811,0.009758303684203995,Lower Volume / High Value
Lyon Strap Top,1,2095,66.51601694915239,0.006590470136141811,0.007518941915778086,Lower Volume / High Value
FARIN tights,7,2093,56.1388813559321,0.006584178517873417,0.006345914976458759,Lower Volume / Lower Value
Malva sneaker(1),4,2093,115.31098305084741,0.006584178517873417,0.013034703874006418,Lower Volume / High Value
Kram,2,2093,72.00128813559311,0.006584178517873417,0.008138994608871047,Lower Volume / High Value
Shaw,3,2092,73.80761016949143,0.0065810327087392215,0.008343180473825257,Lower Volume / High Value
Sara SL (J),3,2091,67.36213559322019,0.006577886899605024,0.007614586802985719,Lower Volume / High Value
RYAN PINNAFORE,2,2090,81.42623728813548,0.006574741090470828,0.009204386802924108,Lower Volume / High Value
Mara scallop,2,2090,49.27955932203378,0.006574741090470828,0.005570540167201551,Lower Volume / Lower Value
So Woke Push Triangle,2,2090,60.05098305084741,0.006574741090470828,0.0067881372675976165,Lower Volume / Lower Value
Harry Push Triangle,2,2089,43.83859322033888,0.006571595281336632,0.004955495701811583,Lower Volume / Lower Value
Capuccino ss,3,2089,19.157135593220225,0.006571595281336632,0.002165514358868167,Lower Volume / Lower Value
ED Long leggings 2-pack,2,2088,59.26728813559315,0.006568449472202435,0.0066995487318169495,Lower Volume / Lower Value
Provance dress,2,2088,82.52315254237277,0.006568449472202435,0.009328381630958473,Lower Volume / High Value
Havana cord,2,2088,130.67474576271178,0.006568449472202435,0.014771416995698793,Lower Volume / High Value
HM+ Missy Elliot,3,2086,92.78450847457614,0.006562157853934041,0.01048832088724831,Lower Volume / High Value
Cool tiebelt dressed,3,2085,53.44688135593209,0.006559012044799846,0.006041612455567472,Lower Volume / Lower Value
Bendela LS,7,2083,34.66449152542361,0.006552720426531452,0.00391845919635997,Lower Volume / Lower Value
OL DONALD pump,11,2081,90.09179661016937,0.00654642880826306,0.010183937897510993,Lower Volume / High Value
RICHIE SKIRT S.0,3,2081,66.93274576271172,0.00654642880826306,0.007566048761429698,Lower Volume / High Value
Kennedy skinny chinos,11,2080,77.84301694915246,0.006543282999128862,0.008799341118651646,Lower Volume / High Value
Carrie Twisted Back Tee,3,2080,33.68949152542369,0.006543282999128862,0.003808245616170899,Lower Volume / Lower Value
Gigi top,4,2079,40.27616949152534,0.006540137189994666,0.004552800857398173,Lower Volume / Lower Value
LULU BUCKET HAT(1),7,2079,26.468050847457555,0.006540137189994666,0.0029919370713076096,Lower Volume / Lower Value
Lucas linen shirt,10,2078,64.1077118644067,0.006536991380860469,0.007246708145955123,Lower Volume / High Value
Juno regular shirt,7,2078,42.762033898304985,0.006536991380860469,0.004833801899588727,Lower Volume / Lower Value
Maria embroidery trousers,1,2077,65.01783050847447,0.006533845571726273,0.007349587565605934,Lower Volume / High Value
Martin Highlift(1),2,2076,67.32933898305076,0.0065306997625920755,0.007610879488293578,Lower Volume / High Value
FRIDA PILE HOOD,4,2074,79.29489830508466,0.006524408144323683,0.008963461161981968,Lower Volume / High Value
KELLY S.9,2,2073,29.056915254237225,0.006521262335189486,0.003284581189148909,Lower Volume / Lower Value
Kia Paperbag,4,2073,68.05547457627111,0.006521262335189486,0.007692961543095153,Lower Volume / High Value
Tina Fur,5,2070,128.24162711864398,0.006511824907786896,0.014496378311814164,Lower Volume / High Value
HS PI Penelope,1,2069,65.90910169491512,0.0065086790986527004,0.0074503364767618254,Lower Volume / High Value
ED Yen shell top,3,2068,64.864254237288,0.006505533289518505,0.007332227370037164,Lower Volume / High Value
Cava body,4,2068,31.811169491525376,0.006505533289518505,0.0035959209022181113,Lower Volume / Lower Value
Eagle Slim PU TRS,1,2068,100.56622033898293,0.006505533289518505,0.011367962245787915,Lower Volume / High Value
Eivor 7-p shaftless,42,2067,24.007728813559236,0.006502387480384307,0.002713823327949647,Lower Volume / Lower Value
Portofino blouse,2,2066,84.09267796610158,0.006499241671250111,0.009505800109057893,Lower Volume / High Value
Samantha slip skirt,2,2066,80.9663898305084,0.006499241671250111,0.0091524058443129,Lower Volume / High Value
Izzy boho LS,3,2066,48.242203389830415,0.006499241671250111,0.005453277899285126,Lower Volume / Lower Value
Penny 70s Baseball.,4,2065,25.70164406779655,0.006496095862115914,0.0029053027789305605,Lower Volume / Lower Value
Cilla tube,4,2065,16.728322033898177,0.006496095862115914,0.0018909623199095348,Lower Volume / Lower Value
Scorpio,2,2065,130.21447457627107,0.006496095862115914,0.014719388138964938,Lower Volume / High Value
Juni 2pk Push Melbourne Micro,1,2065,59.161254237288084,0.006496095862115914,0.0066875627056081225,Lower Volume / Lower Value
Gaby loafer,5,2064,60.58008474576258,0.006492950052981718,0.0068479466953727045,Lower Volume / Lower Value
AMY OTS TOP,2,2064,63.662847457626974,0.006492950052981718,0.007196420864960369,Lower Volume / High Value
Dorri linen shorts,3,2064,87.62272881355919,0.006492950052981718,0.009904835536901793,Lower Volume / High Value
Amanda jumper,8,2061,71.48625423728802,0.006483512625579128,0.008080775398767517,Lower Volume / High Value
Grape t-shirt,2,2061,82.79767796610163,0.006483512625579128,0.009359413866652917,Lower Volume / High Value
FLAME HOOD,4,2061,94.2459661016948,0.006483512625579128,0.010653523428150244,Lower Volume / High Value
Lennon jumpsuit,2,2060,60.93581355932194,0.006480366816444931,0.0068881581272894135,Lower Volume / Lower Value
SPEED ANGEL BLOUSE,2,2060,37.535305084745666,0.006480366816444931,0.00424297472500432,Lower Volume / Lower Value
Kalinda,2,2059,66.5462203389829,0.0064772210073107345,0.007522356093959694,Lower Volume / High Value
Lana seamless cropped ls,2,2059,51.051355932203286,0.0064772210073107345,0.005770823293123251,Lower Volume / Lower Value
BORIS SS,6,2059,31.761508474576168,0.0064772210073107345,0.0035903072422449798,Lower Volume / Lower Value
Gracie Cross Bag,3,2058,55.43230508474571,0.006474075198176539,0.006266043898998141,Lower Volume / Lower Value
Cappucino thong,2,2056,25.88144067796602,0.006467783579908145,0.0029256269103281373,Lower Volume / Lower Value
Pippi shorts,2,2054,77.45962711864398,0.006461491961639752,0.00875600289728916,Lower Volume / High Value
Slim Straight 5pkt Midway,4,2054,91.84203389830496,0.006461491961639752,0.010381783966952891,Lower Volume / High Value
MATTEO PIQUE SHORTS.,7,2054,42.24469491525413,0.006461491961639752,0.004775322123698047,Lower Volume / Lower Value
Dahlia Padded Soft Body,2,2053,79.2598305084745,0.006458346152505554,0.008959497113352482,Lower Volume / High Value
Sophie n-shirt (W),4,2053,62.96616949152528,0.006458346152505554,0.00711766868764456,Lower Volume / High Value
Seamless cheeky brief,5,2052,26.50284745762705,0.006455200343371359,0.002995870465138608,Lower Volume / Lower Value
Mara,2,2052,47.24793220338972,0.006455200343371359,0.005340885912478487,Lower Volume / Lower Value
FF Lotus PU skirt,1,2051,64.86223728813545,0.006452054534237162,0.007331999374973408,Lower Volume / High Value
FreeFit Slim(1),9,2050,161.24740677966093,0.006448908725102965,0.01822733743322197,Lower Volume / High Value
Bebe Sl-set s.9 repeat (J),2,2048,46.27018644067786,0.006442617106834573,0.005230361952454715,Lower Volume / Lower Value
Bettina,3,2048,44.71101694915244,0.006442617106834573,0.005054114104472557,Lower Volume / Lower Value
Jade HW Skinny Button dnm,2,2047,83.32405084745756,0.006439471297700376,0.009418914830518226,Lower Volume / High Value
Mantra ss dress j,2,2046,46.34686440677956,0.006436325488566179,0.005239029596727213,Lower Volume / Lower Value
Slim 5pkt,9,2046,108.8287966101694,0.006436325488566179,0.012301960309821561,Lower Volume / High Value
Class Judit necklace,2,2045,26.218372881355855,0.006433179679431984,0.002963713581524639,Lower Volume / Lower Value
Angela,2,2045,52.71876271186429,0.006433179679431984,0.005959306237551952,Lower Volume / Lower Value
Olympia,2,2045,56.99320338983038,0.006433179679431984,0.006442487171320652,Lower Volume / Lower Value
Pelle shorts TP,18,2044,41.88864406779651,0.006430033870297786,0.00473507428920814,Lower Volume / Lower Value
Laura,2,2042,48.20489830508464,0.006423742252029393,0.005449060948568112,Lower Volume / Lower Value
FF Carnation check,1,2042,96.85762711864398,0.006423742252029393,0.010948744464989446,Lower Volume / High Value
Evert Slim Shorts,5,2042,45.958440677966,0.006423742252029393,0.005195122345667793,Lower Volume / Lower Value
Girona throw on wool coat,2,2041,138.4035593220338,0.006420596442895197,0.01564507875260832,Lower Volume / High Value
Ben s/s polo TP,7,2041,25.886847457627038,0.006420596442895197,0.002926238090372993,Lower Volume / Lower Value
Beast wireless push chicago,2,2040,55.719474576271125,0.006417450633760999,0.006298505414672083,Lower Volume / Lower Value
Barnacle Lace-Up LS,3,2040,32.382118644067674,0.006417450633760999,0.003660460748584889,Lower Volume / Lower Value
Orlando SP bralette Andes,2,2039,60.29574576271183,0.0064143048246268035,0.006815805139157992,Lower Volume / Lower Value
Skinny Ankel Denim,10,2038,111.02128813559312,0.006411159015492607,0.012549798607822755,Lower Volume / High Value
TANGA LS,3,2037,26.973661016949084,0.00640801320635841,0.00304909102716368,Lower Volume / Lower Value
Coco dress,4,2037,89.36237288135581,0.00640801320635841,0.01010148415327775,Lower Volume / High Value
Memphis dress update,1,2036,97.81177966101683,0.0064048673972242134,0.011056601457544755,Lower Volume / High Value
Ariel cheeky brief,1,2036,40.8203728813558,0.0064048673972242134,0.00461431737426407,Lower Volume / Lower Value
Gorgeous top,3,2036,81.02774576271176,0.0064048673972242134,0.009159341492470819,Lower Volume / High Value
CALYPSO TANK,2,2036,15.61871186440664,0.0064048673972242134,0.0017655324641209452,Lower Volume / Lower Value
Chrissie Sweater,8,2035,46.34264406779649,0.006401721588090018,0.005238552531425741,Lower Volume / Lower Value
Paris glove.,3,2034,62.609627118643935,0.00639857577895582,0.007077365291332392,Lower Volume / High Value
Holly brazilian w tie ribbons,2,2032,25.378813559321948,0.006392284160687427,0.002868810157255435,Lower Volume / Lower Value
Twiggy padded softbra.,5,2031,40.0848813559321,0.006389138351553231,0.00453117772891466,Lower Volume / Lower Value
Pablo jumper,4,2031,130.80581355932196,0.006389138351553231,0.01478623284299305,Lower Volume / High Value
Earl tux dress,3,2030,159.4588983050847,0.006385992542419033,0.018025165205343446,Lower Volume / High Value
Markus r-neck structure,7,2030,59.88001694915245,0.006385992542419033,0.006768811333075798,Lower Volume / Lower Value
Boyfriend Shorts NEW PN,1,2029,83.93776271186434,0.0063828467332848375,0.009488288555421599,Lower Volume / High Value
Terrier tee TOP PRODUCT,7,2028,12.640644067796465,0.00637970092415064,0.0014288929626745728,Lower Volume / Lower Value
Twilight fine knit,4,2027,50.44554237288124,0.006376555115016444,0.005702342389225843,Lower Volume / Lower Value
Davidson dress,4,2027,52.19596610169483,0.006376555115016444,0.005900209533841704,Lower Volume / Lower Value
Iris HW super wide,2,2026,126.9609152542372,0.0063734093058822475,0.01435160719410452,Lower Volume / High Value
Florence Jumpsuit,1,2025,116.13869491525415,0.006370263496748052,0.013128268066766669,Lower Volume / High Value
Harry tie Tanga,2,2023,28.35684745762702,0.006363971878479658,0.0032054458268519943,Lower Volume / Lower Value
SPEED Panamera top,2,2023,45.22110169491515,0.006363971878479658,0.00511177386450368,Lower Volume / Lower Value
Dragon J,3,2023,31.184728813559282,0.006363971878479658,0.003525108317710708,Lower Volume / Lower Value
The Rebounder Padded Triangle,2,2023,40.156322033898185,0.006363971878479658,0.004539253352391356,Lower Volume / Lower Value
Ida Basic Sweater TVP,6,2022,33.4889322033898,0.0063608260693454625,0.003785574476764079,Lower Volume / Lower Value
Moss PU Biker Jacket,2,2022,131.0889661016948,0.0063608260693454625,0.014818240284464386,Lower Volume / High Value
JAYA basic belt (W)(1),1,2021,19.61630508474565,0.006357680260211265,0.0022174186804831586,Lower Volume / Lower Value
Kendrick Hipster Primula,4,2021,15.713406779660883,0.006357680260211265,0.0017762367365679933,Lower Volume / Lower Value
SPEED Elvis Top,3,2021,45.333118644067696,0.006357680260211265,0.005124436212204152,Lower Volume / Lower Value
Taco,2,2020,77.63089830508466,0.006354534451077069,0.00877536331845927,Lower Volume / High Value
MILLIE SHIRT,3,2020,59.73042372881343,0.006354534451077069,0.006751901379859821,Lower Volume / Lower Value
Puffin Tank,2,2020,22.32538983050838,0.006354534451077069,0.002523652453679194,Lower Volume / Lower Value
HM+ Barza tapered trs,4,2019,57.20416949152528,0.006351388641942872,0.00646633468861945,Lower Volume / Lower Value
PHILIPPA SHIRT,2,2019,51.56847457627107,0.006351388641942872,0.005829278161990157,Lower Volume / Lower Value
Lupin padded softbra,2,2019,44.794508474576226,0.006351388641942872,0.005063551950557073,Lower Volume / Lower Value
Snail small jumper FOX,3,2019,98.45816949152535,0.006351388641942872,0.011129669085665943,Lower Volume / High Value
Lala Tunic,2,2018,160.01598305084738,0.006348242832808676,0.01808813782513753,Lower Volume / High Value
Sassy dress,5,2018,67.05906779661007,0.006348242832808676,0.00758032814975042,Lower Volume / High Value
Pepper padded softbra molly,4,2018,35.78694915254228,0.006348242832808676,0.004045341323226932,Lower Volume / Lower Value
Westeros wrap skirt,1,2018,61.91567796610155,0.006348242832808676,0.006998921577926367,Lower Volume / High Value
CAMP Ines Sl-set (W),2,2017,54.068305084745646,0.006345097023674478,0.006111857926302846,Lower Volume / Lower Value
SF PI Carmen dress,1,2017,62.37952542372868,0.006345097023674478,0.007051354694815279,Lower Volume / High Value
Nova Dress,4,2015,54.64569491525413,0.006338805405406085,0.006177125824133725,Lower Volume / Lower Value
DIV Lee Long Parka,2,2015,109.30867796610158,0.006338805405406085,0.012356205891671072,Lower Volume / High Value
Polo S/S Highline TVP,7,2015,100.54432203389821,0.006338805405406085,0.011365486870810008,Lower Volume / High Value
Jackie 2pk biker LT,3,2014,65.2553389830507,0.006335659596271889,0.007376435421306748,Lower Volume / High Value
Love Affair Wide Side Tanga,1,2014,23.392084745762627,0.006335659596271889,0.0026442311876070487,Lower Volume / Lower Value
Ivita jumpsuit SPEED,2,2014,65.13661016949138,0.006335659596271889,0.007363014367343697,Lower Volume / High Value
Rawley Slim Chino Trs,6,2013,61.94661016949144,0.006332513787137692,0.007002418140878919,Lower Volume / High Value
Skinny Cheapo 79,3,2013,32.312661016949114,0.006332513787137692,0.0036526092883221455,Lower Volume / Lower Value
Timeless Padded,2,2012,30.62961016949142,0.006329367978003497,0.003462357945205655,Lower Volume / Lower Value
Inga bikini shopbasket 7pk,3,2011,48.936338983050746,0.006326222168869299,0.00553174268786511,Lower Volume / Lower Value
SPEED BRUNO  SHIRT,3,2010,66.64781355932188,0.006323076359735103,0.00753384014784328,Lower Volume / High Value
Amy A-line dress,2,2009,62.00132203389818,0.006319930550600906,0.007008602746473878,Lower Volume / High Value
Lyon Highw Brazilian x-cheeky,1,2009,42.68662711864397,0.006319930550600906,0.004825277949684142,Lower Volume / Lower Value
GOSSIP loose tank conscious,4,2008,26.615525423728744,0.00631678474146671,0.003008607533910394,Lower Volume / Lower Value
ED Milk slaks,7,2008,69.45903389830497,0.00631678474146671,0.00785161928451988,Lower Volume / High Value
MAGIC GLOVES,6,2008,15.312033898304973,0.00631678474146671,0.0017308657188807707,Lower Volume / Lower Value
Jewels,3,2007,83.11472881355924,0.006313638932332512,0.00939525315793526,Lower Volume / High Value
Moonlight Padded Soft Bra,3,2007,48.173932203389725,0.006313638932332512,0.0054455605537657575,Lower Volume / Lower Value
Slipper BENNY,5,2007,26.816457627118577,0.006313638932332512,0.003031320823665137,Lower Volume / Lower Value
Portland,2,2007,61.70438983050833,0.006313638932332512,0.0069750376580543635,Lower Volume / High Value
Bruce Skinny Denim,9,2006,73.09889830508465,0.0063104931231983165,0.00826306798982654,Lower Volume / High Value
Mando Micro Cardigan,2,2004,42.20622033898292,0.006304201504929923,0.004770972974162551,Lower Volume / Lower Value
Relaxed Shorts Stretch R.W,1,2004,62.953372881355854,0.006304201504929923,0.007116222164340912,Lower Volume / High Value
HM+ Glans tunic,1,2001,53.997779661016814,0.006294764077527334,0.006103885762771045,Lower Volume / Lower Value
Alaya,3,2001,62.28152542372868,0.006294764077527334,0.007040276817011658,Lower Volume / High Value
Rania Party,2,2001,64.67130508474561,0.006294764077527334,0.007310416480912912,Lower Volume / High Value
Skinny Malcolm Zip Fly,9,2001,90.44871186440666,0.006294764077527334,0.010224283444171084,Lower Volume / High Value
Liam plisse dress,3,2000,117.05477966101687,0.006291618268393137,0.013231821891984219,Lower Volume / High Value
MILA CONSCIOUS TANK TOP,3,2000,42.091999999999864,0.006291618268393137,0.004758061556224364,Lower Volume / Lower Value
MAMA Hawaii Swimsuit,5,1998,75.04001694915247,0.006285326650124744,0.00848249120555422,Lower Volume / High Value
Henri,3,1998,78.6355254237287,0.006285326650124744,0.008888925935383167,Lower Volume / High Value
Kate HW shorts,7,1998,32.369881355932165,0.006285326650124744,0.003659077450803124,Lower Volume / Lower Value
Contrast,2,1998,55.568864406779575,0.006285326650124744,0.0062814805059617776,Lower Volume / Lower Value
Jenkins dress,3,1996,65.53915254237282,0.0062790350318563505,0.0074085175838494105,Lower Volume / High Value
SPEED GRETA,2,1995,64.3355423728812,0.006275889222722155,0.007272462008534892,Lower Volume / High Value
Jolien straptank,4,1995,43.53201694915245,0.006275889222722155,0.004920840452120839,Lower Volume / Lower Value
Calypso 2p wide side thong,4,1994,43.276389830508336,0.006272743413587957,0.004891944472696033,Lower Volume / Lower Value
Julep hood,3,1993,42.282796610169385,0.006269597604453761,0.004779629122885618,Lower Volume / Lower Value
Bon Jovi follow up,1,1992,69.77255932203379,0.006266451795319564,0.007887060063421884,Lower Volume / High Value
SISTER OL,3,1992,34.33564406779652,0.006266451795319564,0.0038812864213433975,Lower Volume / Lower Value
Pannacotta,4,1991,74.49855932203383,0.006263305986185368,0.008421285068523009,Lower Volume / High Value
J shirt,5,1990,42.08311864406769,0.006260160177051171,0.004757057611573884,Lower Volume / Lower Value
House,3,1990,39.12230508474567,0.006260160177051171,0.004422368521681316,Lower Volume / Lower Value
Jeff o/d pullon,14,1990,37.25718644067786,0.006260160177051171,0.004211536313229914,Lower Volume / Lower Value
J Clubba Lace OPT4,2,1988,125.05369491525414,0.006253868558782778,0.014136015828187848,Lower Volume / High Value
Lori Rib Sweater,4,1986,63.95844067796601,0.006247576940514385,0.007229834595312353,Lower Volume / High Value
Aspen fleece jacket,4,1985,100.84008474576265,0.006244431131380189,0.011398919760411047,Lower Volume / High Value
Tia slacks,3,1985,77.1769661016948,0.006244431131380189,0.008724051017640077,Lower Volume / High Value
Juicy Fruit Padded Bandeau,2,1985,42.1317627118643,0.006244431131380189,0.004762556316052677,Lower Volume / Lower Value
Marakesh blazer,1,1984,66.28061016949144,0.006241285322245991,0.0074923316347655575,Lower Volume / High Value
Pull On Ankle.,3,1984,57.97450847457614,0.006241285322245991,0.00655341347557458,Lower Volume / Lower Value
ED Milk dress,5,1982,61.24722033898291,0.006234993703977598,0.006923359415578221,Lower Volume / High Value
Tully wool coat,3,1981,147.27230508474568,0.006231847894843402,0.016647597954962384,Lower Volume / High Value
+ Hampton Bottom,3,1981,47.05342372881346,0.006231847894843402,0.0053188987582629315,Lower Volume / Lower Value
&denim festive HW ankle,2,1980,101.6170508474575,0.006228702085709206,0.011486747674004217,Lower Volume / High Value
Pete shacket,3,1980,130.34933898305073,0.006228702085709206,0.01473463315343803,Lower Volume / High Value
Judge Judy Padded,2,1980,203.30330508474566,0.006228702085709206,0.02298131806939762,Lower Volume / High Value
Alexa small bag,6,1979,42.04925423728803,0.006225556276575009,0.004753229593612688,Lower Volume / Lower Value
Badger Fancy,20,1978,38.764864406779566,0.006222410467440813,0.0043819635813491555,Lower Volume / Lower Value
Aleksandra,1,1978,78.6029152542372,0.006222410467440813,0.008885239695864983,Lower Volume / High Value
JANA SUNGLASSES,2,1978,25.22345762711857,0.006222410467440813,0.0028512487895715924,Lower Volume / Lower Value
Kai tunic,2,1978,46.05998305084734,0.006222410467440813,0.005206600651776662,Lower Volume / Lower Value
Paros Cropped Inbuild Bra Tank,4,1977,49.05701694915244,0.006219264658306616,0.005545384073192294,Lower Volume / Lower Value
EDC CLARISSA FLAIRED TRS,2,1977,78.08796610169483,0.006219264658306616,0.008827030065385981,Lower Volume / High Value
FINN TWIST CF,3,1975,30.92444067796601,0.006212973040038223,0.003495685458936887,Lower Volume / Lower Value
Gibson S/S,2,1974,41.42642372881342,0.006209827230904027,0.004682825101110152,Lower Volume / Lower Value
Printed Sweatshirt 19.99,29,1974,48.23261016949141,0.006209827230904027,0.005452193485788608,Lower Volume / Lower Value
Gaia swimsuit,3,1974,94.9759661016948,0.006209827230904027,0.010736042313830274,Lower Volume / High Value
Wanda Dress,9,1974,80.30466101694905,0.006209827230904027,0.009077604304152234,Lower Volume / High Value
Bagira bari wireless push,4,1974,57.9675762711864,0.006209827230904027,0.00655262986228824,Lower Volume / Lower Value
Daffodil Straw Hat,7,1973,28.603254237288077,0.0062066814217698295,0.0032332995431282067,Lower Volume / Lower Value
Ilse 2p brazilian,3,1973,31.642016949152506,0.0062066814217698295,0.003576799971661189,Lower Volume / Lower Value
SPEED Michelle plisse,1,1973,94.02020338983039,0.0062066814217698295,0.01062800330840894,Lower Volume / High Value
HM+ Kim 2p padded,4,1973,93.65427118644057,0.0062066814217698295,0.010586638489699122,Lower Volume / High Value
Happy,2,1973,87.54754237288128,0.0062066814217698295,0.009896336494020986,Lower Volume / High Value
Correy tee.,19,1972,31.663016949152507,0.006203535612635634,0.003579173802619107,Lower Volume / Lower Value
Bow PU trouser,3,1972,80.59761016949143,0.006203535612635634,0.009110719150218955,Lower Volume / High Value
Malaga loose tank,6,1972,42.62594915254223,0.006203535612635634,0.004818418938522436,Lower Volume / Lower Value
Garden Biscuit (1),2,1971,115.40842372881346,0.006200389803501436,0.013045718526288148,Lower Volume / High Value
Charlotte Padded Wire,3,1971,46.085559322033795,0.006200389803501436,0.005209491782459067,Lower Volume / Lower Value
Janet Sl-set (W),2,1971,57.904864406779524,0.006200389803501436,0.006545540940137866,Lower Volume / Lower Value
Rio RTW Blouse,2,1970,57.76427118644056,0.00619724399436724,0.006529648343046718,Lower Volume / Lower Value
Kimmi,8,1969,121.55586440677956,0.006194098185233043,0.01374062257358931,Lower Volume / High Value
Mariah 2pk shorts (W),3,1969,43.31993220338974,0.006194098185233043,0.004896866483778276,Lower Volume / Lower Value
Sunny denim skirt,5,1969,73.30974576271178,0.006194098185233043,0.008286902095651003,Lower Volume / High Value
PRICE ITEM Ronaldo,2,1969,30.724779661016907,0.006194098185233043,0.003473115863550063,Lower Volume / Lower Value
ED coco sleeveless,7,1969,27.629220338982993,0.006194098185233043,0.0031231951706587407,Lower Volume / Lower Value
ED Lady di,6,1968,75.42996610169483,0.006190952376098847,0.008526570889855135,Lower Volume / High Value
Emma Long John LL PJ (J),4,1968,55.03977966101682,0.006190952376098847,0.00622167299411158,Lower Volume / Lower Value
Texas Linen.,2,1967,80.2443898305084,0.006187806566964649,0.009070791275188268,Lower Volume / High Value
Eagle slacks,2,1967,97.682220338983,0.006187806566964649,0.011041956127567094,Lower Volume / High Value
Cardamom SP Andes Back Detail,3,1966,58.027457627118515,0.006184660757830454,0.006559398824979373,Lower Volume / Lower Value
Super soft,1,1966,73.9659152542372,0.006184660757830454,0.00836107521244266,Lower Volume / High Value
Jackie brief 2pk LT,5,1966,56.715203389830464,0.006184660757830454,0.0064110621710205965,Lower Volume / Lower Value
Drums,10,1965,135.052440677966,0.006181514948696257,0.015266269743991815,Lower Volume / High Value
JORDAN BLOUSE,6,1965,29.720389830508385,0.006181514948696257,0.0033595800695748346,Lower Volume / Lower Value
Canada Cardigan,7,1964,78.50166101694904,0.006178369139562061,0.008873793960479505,Lower Volume / High Value
Flare H.W Harlem,2,1964,47.95361016949143,0.006178369139562061,0.00542065544591912,Lower Volume / Lower Value
Shelley coat,2,1963,71.0612372881355,0.0061752233304278635,0.008032731665837116,Lower Volume / High Value
Jaguar,2,1963,74.04466101694906,0.0061752233304278635,0.008369976599553627,Lower Volume / High Value
Rig Tee,5,1962,46.04176271186431,0.006172077521293668,0.0052045410325032475,Lower Volume / Lower Value
Pointer,1,1962,59.14928813559309,0.006172077521293668,0.006686210062624829,Lower Volume / Lower Value
Space Dungaree,1,1961,104.22786440677962,0.00616893171215947,0.011781872914598153,Lower Volume / High Value
Straight Mezzo 1,5,1960,79.99862711864395,0.006165785903025274,0.009043010364058465,Lower Volume / High Value
SAVANNAH cropped wrap top,4,1960,31.114033898305042,0.006165785903025274,0.003517116994929853,Lower Volume / Lower Value
Libra skirt,2,1959,59.5414745762711,0.0061626400938910786,0.006730542649013275,Lower Volume / Lower Value
Lola RW Denim Shorts,5,1958,76.65266101694908,0.006159494284756881,0.008664783796613243,Lower Volume / High Value
Maine,4,1958,48.340813559321916,0.006159494284756881,0.005464424750385341,Lower Volume / Lower Value
CHERRY JERSEY,3,1957,31.443050847457595,0.006156348475622685,0.0035543089291954853,Lower Volume / Lower Value
Shirtdress (Kylie),2,1957,77.61616949152533,0.006156348475622685,0.008773698379716388,Lower Volume / High Value
TP JOEL sweatpants SB,20,1957,24.96386440677959,0.006156348475622685,0.0028219044837189036,Lower Volume / Lower Value
Kirsten Fleece M-gown (J),2,1956,90.43074576271177,0.006153202666488488,0.010222252563771253,Lower Volume / High Value
Princess off shoulder,7,1956,86.18777966101683,0.006153202666488488,0.009742629502552069,Lower Volume / High Value
Ghost LS,2,1956,37.26091525423716,0.006153202666488488,0.004211957816709123,Lower Volume / Lower Value
10p Terry w.o. Clip,3,1956,5.491999999999959,0.006153202666488488,0.0006208133152804357,Lower Volume / Lower Value
Sandy trousers,2,1954,44.80216949152532,0.006146911048220094,0.005064417948614354,Lower Volume / Lower Value
Ozzy,2,1954,70.21959322033888,0.006146911048220094,0.007937592582804536,Lower Volume / High Value
Venice unpadded softbra,8,1954,47.26386440677956,0.006146911048220094,0.00534268688188966,Lower Volume / Lower Value
Leeds Mockneck,3,1954,46.56694915254228,0.006146911048220094,0.005263907881625175,Lower Volume / Lower Value
Posy SB thong 4pk,2,1954,30.47135593220335,0.006146911048220094,0.003444468954362977,Lower Volume / Lower Value
MOLLY OFF SHOULDER,4,1954,36.38454237288128,0.006146911048220094,0.004112893003545171,Lower Volume / Lower Value
Lily Dress,5,1953,82.02530508474568,0.0061437652390858985,0.009272105168709126,Lower Volume / High Value
Theo pile sweater,2,1953,34.939067796610104,0.0061437652390858985,0.0039494971798291305,Lower Volume / Lower Value
Roxanne,2,1952,55.073677966101585,0.006140619429951702,0.006225504843922589,Lower Volume / Lower Value
Jupiter Sandal,6,1951,46.76016949152533,0.006137473620817506,0.005285749425547913,Lower Volume / Lower Value
Lazer Razer HW Cheeky Braz,1,1951,43.95311864406771,0.006137473620817506,0.00496844160639807,Lower Volume / Lower Value
IZZY+ (1),7,1951,40.81881355932194,0.006137473620817506,0.004614141109172768,Lower Volume / Lower Value
Jessie,3,1949,43.87491525423719,0.006131182002549113,0.004959601528884076,Lower Volume / Lower Value
Basic Rollerbuckle belt,3,1949,46.283406779660915,0.006131182002549113,0.005231856373881009,Lower Volume / Lower Value
Pink HW barrel,2,1949,64.91155932203375,0.006131182002549113,0.0073375747164484235,Lower Volume / High Value
Ada,4,1949,64.30425423728798,0.006131182002549113,0.007268925211159331,Lower Volume / High Value
BRAX shorts,23,1948,18.00728813559311,0.006128036193414915,0.002035536097353914,Lower Volume / Lower Value
Liza Padded Milano 2pk,3,1947,57.504203389830465,0.006124890384280719,0.0065002503912966825,Lower Volume / Lower Value
Bandeau 2-pack,1,1946,23.776796610169413,0.006121744575146522,0.0026877188511121642,Lower Volume / Lower Value
Gemma off shoulder LS,2,1945,31.203813559321937,0.006118598766012326,0.0035272656491542984,Lower Volume / Lower Value
Carley off-shoulder dress,2,1945,70.3030677966101,0.006118598766012326,0.007947028512964142,Lower Volume / High Value
Frida seamless Brazilian 2pk,2,1945,31.446966101694876,0.006118598766012326,0.003554751507848656,Lower Volume / Lower Value
Cinnamon,2,1943,31.490542372881265,0.0061123071477439325,0.003559677350780699,Lower Volume / Lower Value
ED Tilda linen tee,3,1941,38.56667796610158,0.006106015529475539,0.004359560671429103,Lower Volume / Lower Value
Agnes rib SL set (J),4,1941,46.584610169491434,0.006106015529475539,0.00526590427537671,Lower Volume / Lower Value
Metro,1,1940,61.61896610169479,0.006102869720341343,0.006965381396530628,Lower Volume / High Value
Pour It Up Push Bra,1,1940,37.35208474576264,0.006102869720341343,0.0042222635767758315,Lower Volume / Lower Value
ELLIE BLOUSE,2,1939,42.063288135593126,0.006099723911207147,0.004754815979434447,Lower Volume / Lower Value
Cappucino soft bra,2,1938,43.66637288135583,0.00609657810207295,0.004936027988846763,Lower Volume / Lower Value
Bimbette Coat,2,1937,149.89627118644057,0.006093432292938753,0.016944209953282975,Lower Volume / High Value
ROB PRICE SHIRT,16,1937,25.28244067796603,0.006093432292938753,0.0028579162082427445,Lower Volume / Lower Value
ANGELICA TANK,5,1936,27.42272881355926,0.006090286483804557,0.0030998534575349926,Lower Volume / Lower Value
Cardamom Bikini Calla Mid,3,1935,15.79603389830497,0.00608714067467036,0.0017855768704823243,Lower Volume / Lower Value
Rachel jumper,3,1933,194.8564237288135,0.006080849056401967,0.022026486237941543,Lower Volume / High Value
Ilse Padded Halterneck,3,1933,57.09537288135589,0.006080849056401967,0.0064540363666510375,Lower Volume / Lower Value
Cool James hoop pk,2,1933,20.481864406779565,0.006080849056401967,0.0023152611335574055,Lower Volume / Lower Value
Matey fluff,1,1933,78.56828813559315,0.006080849056401967,0.008881325461283042,Lower Volume / High Value
&DENIM Skinny Shaping HW,5,1933,151.04722033898298,0.006080849056401967,0.017074312749916092,Lower Volume / High Value
Odessa dress,3,1932,51.04640677966089,0.00607770324726777,0.005770263843050841,Lower Volume / Lower Value
Ariel Push Up Bra,1,1932,44.71496610169482,0.00607770324726777,0.00505456051497554,Lower Volume / Lower Value
DIV Miley boho dress,2,1930,82.82042372881345,0.006071411628999377,0.009361985037876096,Lower Volume / High Value
Nirobi,5,1929,62.52316949152534,0.006068265819865181,0.007067592158389425,Lower Volume / High Value
Plommon,3,1928,46.41798305084733,0.006065120010730984,0.005247068817630702,Lower Volume / Lower Value
ED Melrose shirt,3,1928,42.58703389830499,0.006065120010730984,0.004814019974939405,Lower Volume / Lower Value
Timeless cheeky brief,1,1928,28.672508474576226,0.006065120010730984,0.003241128012292095,Lower Volume / Lower Value
Lydon Cardigan,6,1928,88.1218305084745,0.006065120010730984,0.009961253777594156,Lower Volume / High Value
MARK JOGGER,2,1927,72.2920677966101,0.006061974201596788,0.008171864216549866,Lower Volume / High Value
Portofino,6,1925,31.47433898305075,0.006055682583328395,0.0035578457265710373,Lower Volume / Lower Value
Cappuccino,3,1925,79.53064406779653,0.006055682583328395,0.008990109761492615,Lower Volume / High Value
New Bella Dobby,2,1925,62.11730508474563,0.006055682583328395,0.007021713420602236,Lower Volume / High Value
Eden Push Lace Valencia,2,1924,38.463322033898244,0.006052536774194198,0.004347877361355348,Lower Volume / Lower Value
TILDA belt (H)(1),5,1923,21.416694915254148,0.0060493909650600015,0.0024209339717204434,Lower Volume / Lower Value
Harry,9,1923,41.73845762711856,0.0060493909650600015,0.004718097278620475,Lower Volume / Lower Value
Charlotte Padded Rio Wireless,2,1923,43.618338983050755,0.0060493909650600015,0.004930598257664568,Lower Volume / Lower Value
Tuna short,2,1922,91.18327118644056,0.006046245155925805,0.010307317713650694,Lower Volume / High Value
Sabini dress,8,1922,95.70645762711857,0.006046245155925805,0.010818616761332566,Lower Volume / High Value
Blondie Hairy Off Shoulder,1,1921,50.420983050847326,0.006043099346791608,0.005699566214037767,Lower Volume / Lower Value
+ Shake it in Balconette,3,1920,41.181830508474484,0.0060399535376574115,0.004655176388798839,Lower Volume / Lower Value
Kia,2,1920,91.91252542372874,0.0060399535376574115,0.010389752298634885,Lower Volume / High Value
The Bill Padded Swimsuit,2,1920,71.21423728813552,0.0060399535376574115,0.008050026719959098,Lower Volume / High Value
Eden SP Andes,3,1919,41.27094915254227,0.006036807728523215,0.004665250321951975,Lower Volume / Lower Value
Ellen Bikini 3pk,3,1919,28.61584745762707,0.006036807728523215,0.003234723075332997,Lower Volume / Lower Value
Solange,3,1919,85.71286440677954,0.006036807728523215,0.009688945286699864,Lower Volume / High Value
1 Pk expressive,8,1918,7.079101694915168,0.006033661919389018,0.000800218607506859,Lower Volume / Lower Value
Shelly Poloneck,3,1917,61.44327118644053,0.006030516110254822,0.006945520918960177,Lower Volume / High Value
BILLIE STRAW HAT,6,1917,27.818203389830458,0.006030516110254822,0.0031445577333551037,Lower Volume / Lower Value
Field,3,1916,60.64671186440664,0.006027370301120626,0.0068554781961762375,Lower Volume / Lower Value
Goji skirt,4,1916,142.39708474576264,0.006027370301120626,0.01609650514699321,Lower Volume / High Value
William,5,1916,67.73013559322023,0.006027370301120626,0.007656185364534013,Lower Volume / High Value
Skinny H.W Ankle Smith,2,1916,65.50125423728804,0.006027370301120626,0.007404233575760701,Lower Volume / High Value
OL AKIRA PQ,2,1915,156.85632203389824,0.006024224491986429,0.017730971104253593,Lower Volume / High Value
Skinny Shaping R.W,3,1915,85.79766101694904,0.006024224491986429,0.009698530659002096,Lower Volume / High Value
Mom Fit Trash Consc.,3,1914,125.57216949152533,0.006021078682852232,0.014194623971047196,Lower Volume / High Value
Rose Push Balboa,3,1913,46.60577966101687,0.0060179328737180356,0.005268297265583684,Lower Volume / Lower Value
Jessa Cold-Shoulder,3,1913,41.1556440677965,0.0060179328737180356,0.004652216284819834,Lower Volume / Lower Value
Merry HW Slim Mom Denim TRS,4,1913,79.78767796610163,0.0060179328737180356,0.009019164762684575,Lower Volume / High Value
RUSSEL CROP HOODIE,11,1913,38.11262711864397,0.0060179328737180356,0.004308234959135575,Lower Volume / Lower Value
Tully coat,3,1913,127.08755932203381,0.0060179328737180356,0.01436592298499844,Lower Volume / High Value
Fondant SP Olympus,3,1913,49.56493220338971,0.0060179328737180356,0.00560279859483551,Lower Volume / Lower Value
LOUIS,3,1912,37.518220338982985,0.006014787064583839,0.0042410434726995756,Lower Volume / Lower Value
Mark,5,1912,70.50501694915248,0.006014787064583839,0.007969856758213215,Lower Volume / High Value
HERCULES TANK  CONCIOUS,3,1912,16.544474576271078,0.006014787064583839,0.001870180282459542,Lower Volume / Lower Value
NT Maria 2-pack,13,1912,73.5853898305084,0.006014787064583839,0.008318060782389206,Lower Volume / High Value
Kylie n-slip (J),3,1912,27.93038983050839,0.006014787064583839,0.0031572392403046265,Lower Volume / Lower Value
Fairy seamless bikers,1,1911,45.77303389830499,0.006011641255449642,0.005174164043126491,Lower Volume / Lower Value
SUSS RW trs conscious,2,1910,87.81089830508463,0.0060084954463154455,0.009926106135202692,Lower Volume / High Value
Sissi singoalla blouse,12,1910,30.9080847457626,0.0060084954463154455,0.0034938365914030742,Lower Volume / Lower Value
Andy chichago mould,4,1910,46.110186440677865,0.0060084954463154455,0.005212275621346764,Lower Volume / Lower Value
Wing Dress,2,1909,107.09798305084742,0.006005349637181249,0.012106309890321373,Lower Volume / High Value
Vic Volume Sleeve Sweater,3,1908,47.135322033898206,0.006002203828047052,0.005328156507406324,Lower Volume / Lower Value
California King Push Up,1,1907,33.53401694915246,0.0059990580189128555,0.0037906708370127116,Lower Volume / Lower Value
Captain Body,2,1907,106.53467796610165,0.0059990580189128555,0.01204263412608697,Lower Volume / High Value
Love Affair Top,4,1907,35.81630508474561,0.0059990580189128555,0.004048659705163258,Lower Volume / Lower Value
Magpie dress,2,1907,80.19957627118637,0.0059990580189128555,0.009065725569738118,Lower Volume / High Value
DIV Jade HW Trash,3,1906,46.16967796610159,0.00599591220977866,0.0052190005177650805,Lower Volume / Lower Value
Wendy,5,1906,76.57498305084735,0.00599591220977866,0.008656003112771316,Lower Volume / High Value
SS Ru midi dress,2,1905,62.092847457627016,0.005992766400644463,0.007018948740963598,Lower Volume / High Value
Salmon Denim Jacket,2,1905,61.19249152542359,0.005992766400644463,0.006917172894058352,Lower Volume / High Value
SPEED AUDERY A- LINE,4,1904,56.30944067796599,0.005989620591510267,0.006365194928782837,Lower Volume / Lower Value
Sabrina HW Woven Shorts,3,1904,35.65189830508467,0.005989620591510267,0.004030075233579884,Lower Volume / Lower Value
Mojito,4,1904,49.36393220338972,0.005989620591510267,0.005580077641381147,Lower Volume / Lower Value
Beast Thong Mynta Low,3,1904,18.496881355932096,0.005989620591510267,0.0020908795041742843,Lower Volume / Lower Value
Ally s/l shirt dress,3,1903,52.50686440677954,0.0059864747823760705,0.005935353344383349,Lower Volume / Lower Value
tag top,3,1903,37.09901694915245,0.0059864747823760705,0.004193656902011758,Lower Volume / Lower Value
Sara s/s,8,1903,17.207389830508365,0.0059864747823760705,0.0019451159373635892,Lower Volume / Lower Value
Coronado Lace,3,1902,76.12138983050839,0.005983328973241874,0.008604729130450238,Lower Volume / High Value
Rome batwing tunic,1,1902,54.00081355932191,0.005983328973241874,0.006104228713329131,Lower Volume / Lower Value
Vitamin Sea Cheeky Brief,3,1902,32.8876440677965,0.005983328973241874,0.0037176051248164325,Lower Volume / Lower Value
Hodor,4,1900,166.82767796610156,0.0059770373549734804,0.018858128885410264,Lower Volume / High Value
Beth sandal,3,1899,29.44415254237281,0.005973891545839284,0.0033283543254649427,Lower Volume / Lower Value
Tuna Button Sweater,3,1899,48.52293220338973,0.005973891545839284,0.005485011363494978,Lower Volume / Lower Value
SPEED Veronica dress w,4,1899,65.40808474576262,0.005973891545839284,0.007393701736555151,Lower Volume / High Value
Java,3,1899,62.32113559322019,0.005973891545839284,0.007044754333515818,Lower Volume / High Value
KARIN SHIRT,8,1898,21.358745762711777,0.005970745736705087,0.0024143834244685276,Lower Volume / Lower Value
Liza Wireless (Rio) 2pk,7,1897,52.43959322033893,0.00596759992757089,0.005927749038433413,Lower Volume / Lower Value
Reef Dress,2,1897,41.88467796610159,0.00596759992757089,0.004734625962780251,Lower Volume / Lower Value
LOLA STRAP,2,1897,20.11177966101686,0.00596759992757089,0.0022734269132457406,Lower Volume / Lower Value
SPEED GIGI BLOUSE,2,1897,59.512474576271046,0.00596759992757089,0.006727264501499953,Lower Volume / Lower Value
SUNNY BLOUSE,2,1897,42.69089830508464,0.00596759992757089,0.004825760762760328,Lower Volume / Lower Value
Rich Tee,12,1896,37.024762711864284,0.005964454118436694,0.004185263235000744,Lower Volume / Lower Value
Kiev Suede Coat,4,1896,129.8490677966101,0.005964454118436694,0.014678082713927195,Lower Volume / High Value
Pirat leggings,4,1895,24.37742372881349,0.005961308309302497,0.002755613481988488,Lower Volume / Lower Value
Kristin dress,2,1894,89.4466779661016,0.0059581625001683,0.010111013963757728,Lower Volume / High Value
Wrap King Top,2,1894,35.076830508474494,0.0059581625001683,0.0039650698174610605,Lower Volume / Lower Value
Bernard tencel shirt,2,1892,89.19630508474566,0.005951870881899908,0.010082711921053632,Lower Volume / High Value
Lavender Top or Loved up,2,1891,84.66723728813548,0.005948725072765711,0.009570748047429552,Lower Volume / High Value
Palm trouser,2,1889,62.04788135593209,0.005942433454497318,0.007013865792189298,Lower Volume / High Value
Kiev,4,1889,115.95599999999992,0.005942433454497318,0.013107616312210248,Lower Volume / High Value
Praline,4,1889,31.294983050847364,0.005942433454497318,0.003537571409221001,Lower Volume / Lower Value
Eliza RW slack,1,1889,70.80315254237281,0.005942433454497318,0.00800355787730102,Lower Volume / High Value
Esther Sweater,4,1888,41.02806779661006,0.005939287645363121,0.004637795118056111,Lower Volume / Lower Value
Tiana jumpsuit,1,1888,81.09144067796599,0.005939287645363121,0.0091665415382657,Lower Volume / High Value
Ida,3,1888,73.18515254237283,0.005939287645363121,0.008272818131670651,Lower Volume / High Value
D. Kurt Denim (1),10,1888,116.84388135593213,0.005939287645363121,0.01320798203838504,Lower Volume / High Value
Calypso tank top,2,1887,12.793169491525305,0.0059361418362289245,0.0014461343708992004,Lower Volume / Lower Value
Venice bikini,7,1887,24.458288135593154,0.0059361418362289245,0.0027647543597126446,Lower Volume / Lower Value
Georgia leggings,2,1886,45.607033898304984,0.005932996027094728,0.005155399474601992,Lower Volume / Lower Value
Sirpa mockneck,4,1886,51.873661016949036,0.005932996027094728,0.00586377630583865,Lower Volume / Lower Value
Brandy Printed Twill,2,1885,86.50286440677955,0.005929850217960531,0.009778246546545376,Lower Volume / High Value
Lash Push Body,3,1885,69.84837288135586,0.005929850217960531,0.007895629995524204,Lower Volume / High Value
Vivi Pleated Dress,8,1885,159.61425423728807,0.005929850217960531,0.018042726573027287,Lower Volume / High Value
Ellaria paper bag waist HW,2,1885,80.1966440677965,0.005929850217960531,0.009065394114729461,Lower Volume / High Value
Plopp RW Mesh Tights,1,1884,83.85706779661007,0.005926704408826334,0.009479166836946492,Lower Volume / High Value
PAM CANVAS CAP,13,1884,22.835542372881278,0.005926704408826334,0.002581319877409941,Lower Volume / Lower Value
Bowtie Kalle,9,1884,26.136779661016902,0.005926704408826334,0.0029544903190295495,Lower Volume / Lower Value
Cardamom Hipster,5,1883,21.686305084745698,0.005923558599692139,0.0024514105891922876,Lower Volume / Lower Value
Fred shorties 5 pack,5,1883,30.45872881355929,0.005923558599692139,0.003443041590308378,Lower Volume / Lower Value
FF Azalea hood PI,1,1883,44.83669491525413,0.005923558599692139,0.005068320687646863,Lower Volume / Lower Value
carly v-neck,3,1883,45.01998305084736,0.005923558599692139,0.005089039499574978,Lower Volume / Lower Value
Culotte,4,1882,50.55042372881349,0.005920412790557942,0.005714198132541103,Lower Volume / Lower Value
Petite Gemma Woven TRS,8,1882,37.429813559321964,0.005920412790557942,0.00423105000839247,Lower Volume / Lower Value
Semide tie dress,3,1882,86.2881016949152,0.005920412790557942,0.00975396986206775,Lower Volume / High Value
Max 5pk,17,1882,89.88732203389819,0.005920412790557942,0.010160824179451002,Lower Volume / High Value
Greenville medium support bra,1,1881,52.43583050847445,0.005917266981423745,0.005927323703104384,Lower Volume / Lower Value
NEW Golden retriver TVP X-mas,5,1881,66.07954237288126,0.005917266981423745,0.007469603017611571,Lower Volume / High Value
Rosa dress,5,1881,54.86371186440674,0.005917266981423745,0.006201770366193221,Lower Volume / Lower Value
HANNA SMALL BAG,4,1881,45.96969491525415,0.005917266981423745,0.005196394519805049,Lower Volume / Lower Value
London tee TVP,2,1881,26.999881355932153,0.005917266981423745,0.003052054962992496,Lower Volume / Lower Value
Lisabon jumpsuit,2,1879,64.06496610169481,0.005910975363155353,0.00724187618334344,Lower Volume / High Value
Dido,6,1877,13.265322033898189,0.005904683744886959,0.0014995062909918075,Lower Volume / Lower Value
Oprah Bikini Lotus Low,3,1877,21.347423728813474,0.005904683744886959,0.002413103586631652,Lower Volume / Lower Value
Panxa Hoodie (J),2,1877,59.624084745762644,0.005904683744886959,0.006739880867002702,Lower Volume / Lower Value
CS December,2,1877,98.54254237288126,0.005904683744886959,0.011139206559845535,Lower Volume / High Value
Tao bodycon dresses,4,1877,24.483355932203324,0.005904683744886959,0.002767588012647884,Lower Volume / Lower Value
Skinny Ankle R.W Chic Trash,2,1876,71.38630508474569,0.005901537935752763,0.008069477189599767,Lower Volume / High Value
Orange Push Seamless Bra,3,1876,70.36905084745756,0.005901537935752763,0.007954487208621267,Lower Volume / High Value
Nelly HW Joggers,3,1876,46.48176271186431,0.005901537935752763,0.005254278443050115,Lower Volume / Lower Value
STINA 3p boxer,22,1876,23.04889830508467,0.005901537935752763,0.0026054375401204175,Lower Volume / Lower Value
Tokyo Sweater,3,1875,49.948457627118536,0.005898392126618566,0.0056461521435972415,Lower Volume / Lower Value
Amanda cat sunglasse,3,1875,29.394728813559283,0.005898392126618566,0.0033227674884404993,Lower Volume / Lower Value
Volly jumper,2,1875,52.021101694915146,0.005898392126618566,0.005880442936591624,Lower Volume / Lower Value
Dodi,3,1875,69.01633898305076,0.005898392126618566,0.007801577241913042,Lower Volume / High Value
Roxy Blouse,2,1874,57.758915254237166,0.005895246317484369,0.006529042910776578,Lower Volume / Lower Value
Lagoon Sportstripe Sweater,2,1874,43.456525423728706,0.005895246317484369,0.004912306922591726,Lower Volume / Lower Value
MOscow skirt,2,1873,72.32286440677959,0.005892100508350173,0.008175345452103164,Lower Volume / High Value
Island HW bermuda,2,1872,60.15901694915246,0.005888954699215976,0.00680034937294529,Lower Volume / Lower Value
KARIN PADDED sports bra,8,1872,56.86688135593209,0.005888954699215976,0.006428207782999937,Lower Volume / Lower Value
Manny,3,1871,54.594898305084655,0.005885808890081779,0.006171383797191932,Lower Volume / Lower Value
Zeina sweater,2,1871,36.564508474576186,0.005885808890081779,0.004133236294191806,Lower Volume / Lower Value
HEAVEN shaping HW tights,3,1871,87.09071186440667,0.005885808890081779,0.009844696570042949,Lower Volume / High Value
Petra dress,6,1870,39.8679999999999,0.0058826630809475835,0.0045066615538238404,Lower Volume / Lower Value
Nottie RW wide cropped,3,1869,48.02764406779652,0.005879517271813387,0.00542902420590636,Lower Volume / Lower Value
Bell HW wide cropped,3,1869,64.61362711864398,0.005879517271813387,0.007303896588459491,Lower Volume / High Value
Peacock linen,1,1869,60.1039322033897,0.005879517271813387,0.0067941226170023985,Lower Volume / Lower Value
Skylar Chunky Sweater,3,1869,48.44922033898294,0.005879517271813387,0.005476679006080942,Lower Volume / Lower Value
FF PI Haley dress,1,1868,61.333101694915115,0.00587637146267919,0.0069330674070744065,Lower Volume / High Value
Stacy,8,1868,16.849186440677855,0.00587637146267919,0.0019046247804106811,Lower Volume / Lower Value
GAUDI JERSEY SKIRT,2,1867,24.21252542372875,0.0058732256535449934,0.0027369734485828464,Lower Volume / Lower Value
LEGGINGS BELLE BASIC,9,1867,28.392593220338934,0.0058732256535449934,0.0032094865124777066,Lower Volume / Lower Value
OL STAFFAN PQ loafer (gör CO),2,1866,166.91584745762705,0.005870079844410797,0.0188680955267687,Lower Volume / High Value
Anthony 6pk basic short trunks,3,1866,60.36699999999987,0.005870079844410797,0.0068238596874607175,Lower Volume / Lower Value
S Lidon Cheeky V-brief,2,1866,30.012525423728782,0.005870079844410797,0.003392602951246097,Lower Volume / Lower Value
PIETER JOGGER,2,1865,48.70406779661006,0.0058669340352766,0.005505486852960091,Lower Volume / Lower Value
Wilder West Swimsuit Speed,1,1865,106.6165593220338,0.0058669340352766,0.012051889959305449,Lower Volume / High Value
Sagus Jogger,12,1865,54.112440677965985,0.0058669340352766,0.0061168469947567765,Lower Volume / Lower Value
Grace Jones jumpsuit,2,1864,103.99491525423718,0.005863788226142403,0.011755540442696907,Lower Volume / High Value
Manx,3,1863,73.43215254237276,0.005860642417008207,0.008300738905318544,Lower Volume / High Value
Kevin,6,1862,85.27733898305074,0.005857496607874011,0.009639713680328052,Lower Volume / High Value
Ann Trousers,5,1862,49.02911864406769,0.005857496607874011,0.005542230460797834,Lower Volume / Lower Value
Speed Katie Dress,4,1861,34.0473898305084,0.005854350798739814,0.0038487022864755038,Lower Volume / Lower Value
Nancy,6,1861,44.04618644067786,0.005854350798739814,0.004978961950054187,Lower Volume / Lower Value
Wolf raincoat,3,1861,120.16437288135585,0.005854350798739814,0.013583328970697296,Lower Volume / High Value
Alicia,7,1861,75.9225084745762,0.005854350798739814,0.008582247667609063,Lower Volume / High Value
Bliss thong (Mynta) Low 3p,3,1860,28.491406779660974,0.0058512049896056175,0.0032206563546767915,Lower Volume / Lower Value
Natalia cross,3,1859,46.893864406779564,0.005848059180471421,0.005300862241202523,Lower Volume / Lower Value
Panda,2,1859,50.02098305084736,0.005848059180471421,0.005654350386267892,Lower Volume / Lower Value
Brooklyn,2,1858,48.01674576271178,0.005844913371337224,0.005427792266192121,Lower Volume / Lower Value
Skirt Pencil Stretch Slit,3,1858,99.70847457627114,0.005844913371337224,0.011271003034095117,Lower Volume / High Value
Moshimoshi,2,1854,104.7273559322033,0.005832330134800438,0.01183833522156333,Lower Volume / High Value
NELLIE loose tee,4,1853,52.567135593220215,0.005829184325666242,0.005942166373347319,Lower Volume / Lower Value
Neo jumper,8,1853,188.24374576271177,0.005829184325666242,0.02127899196790922,Lower Volume / High Value
Margarita SP Bralette,2,1853,47.84172881355921,0.005829184325666242,0.0054080084256178905,Lower Volume / Lower Value
Class Carol hoop pk RT,5,1852,20.846796610169406,0.005826038516532045,0.002356512912697799,Lower Volume / Lower Value
Jacket Or,2,1852,119.574033898305,0.005826038516532045,0.013516597306238614,Lower Volume / High Value
EUCALYPTUS TM 19.99,2,1852,37.28505084745754,0.005826038516532045,0.004214686093774564,Lower Volume / Lower Value
Vintage Ankle Skinny H.W,3,1852,71.49715254237279,0.005826038516532045,0.008082007338481757,Lower Volume / High Value
WAFFLE CTN BASIC,8,1852,34.21045762711853,0.005826038516532045,0.003867135399991347,Lower Volume / Lower Value
Skinny RW denim,4,1852,68.65169491525414,0.005826038516532045,0.007760358033496042,Lower Volume / High Value
Coco crinkle,2,1850,38.98664406779652,0.005819746898263652,0.004407033458737667,Lower Volume / Lower Value
Buzz Bikini,4,1849,22.51474576271179,0.005816601089129455,0.00254505716672348,Lower Volume / Lower Value
Sunrize jumpsuit,3,1848,76.04623728813549,0.005813455279995258,0.008596233919419233,Lower Volume / High Value
Santa Padded Soft Body,2,1847,36.19645762711855,0.0058103094708610616,0.004091631984868799,Lower Volume / Lower Value
DIV Tess tee (1),6,1847,24.144525423728744,0.0058103094708610616,0.0027292867578619664,Lower Volume / Lower Value
Izzy V-neck dress,5,1847,38.53545762711852,0.0058103094708610616,0.004356031537753164,Lower Volume / Lower Value
Rosalia,3,1846,112.33016949152534,0.005807163661726866,0.012697753992725347,Lower Volume / High Value
LEO HOOD 14.99,6,1846,26.15605084745756,0.005807163661726866,0.0029566687256471044,Lower Volume / Lower Value
Stella Hipster Ch. Primula Low,4,1845,20.69257627118636,0.005804017852592669,0.002339079911982625,Lower Volume / Lower Value
Samantha seamless bandeau,5,1844,44.972644067796516,0.005800872043458472,0.005083688321313907,Lower Volume / Lower Value
Skirt Midi Reworked,3,1844,74.14837288135584,0.005800872043458472,0.008381700144050402,Lower Volume / High Value
Olivia off-shoulder tee,4,1844,18.87522033898297,0.005800872043458472,0.0021336467799149333,Lower Volume / Lower Value
Thomas paperbag wide,5,1843,82.62849152542366,0.005797726234324276,0.009340289104246181,Lower Volume / High Value
Jet dress woven,5,1842,33.7845932203389,0.005794580425190079,0.003818995870815673,Lower Volume / Lower Value
Frances Tweed,2,1842,57.984033898305,0.005794580425190079,0.006554490225371478,Lower Volume / Lower Value
MC Emerald wrap,4,1841,58.654525423728685,0.005791434616055882,0.00663028229870828,Lower Volume / Lower Value
Mother,2,1839,70.60381355932194,0.00578514299778749,0.007981024684487392,Lower Volume / High Value
LOGG Jen Bermuda shorts,2,1839,63.16489830508466,0.00578514299778749,0.007140132907161594,Lower Volume / High Value
Atlantic,3,1836,50.494779661016864,0.0057757055703849,0.005707908151076333,Lower Volume / Lower Value
OL OSBORNE PQ loafer,3,1835,85.55813559322024,0.005772559761250703,0.009671454808237527,Lower Volume / High Value
KIWI sweatshirt,2,1835,59.10706779661004,0.005772559761250703,0.00668143749368522,Lower Volume / Lower Value
Delhi,3,1834,50.45616949152531,0.0057694139521165064,0.005703543674141594,Lower Volume / Lower Value
Dorsia dress(1),2,1834,72.07147457627111,0.0057694139521165064,0.008146928453904741,Lower Volume / High Value
Marcy net bag,7,1833,35.36603389830498,0.005766268142982311,0.00399776124412366,Lower Volume / Lower Value
Marais short dress,4,1833,60.473847457626974,0.005766268142982311,0.006835937678065008,Lower Volume / Lower Value
salt ss,2,1832,32.59013559322026,0.005763122333848114,0.0036839748949501357,Lower Volume / Lower Value
BETH JERSEY WRAP BLOUSE,3,1832,36.71705084745754,0.005763122333848114,0.004150479618341336,Lower Volume / Lower Value
Hills dress,2,1832,95.58944067796605,0.005763122333848114,0.010805389215784974,Lower Volume / High Value
Buzz strappy brazilian,3,1831,23.996559322033832,0.005759976524713917,0.0027125607334369225,Lower Volume / Lower Value
Jalapeno trousers,2,1831,75.32432203389823,0.005759976524713917,0.008514628929919133,Lower Volume / High Value
Perla Lace CK,6,1830,46.69147457627108,0.005756830715579721,0.005277984181905906,Lower Volume / Lower Value
JUST PINK DRESS,4,1829,38.01479661016937,0.005753684906445524,0.004297176240581006,Lower Volume / Lower Value
Karenina Jacket,5,1829,89.81781355932195,0.005753684906445524,0.010152966971413536,Lower Volume / High Value
Sofia Blouse,4,1829,70.91971186440671,0.005753684906445524,0.008016733692876166,Lower Volume / High Value
CHEERY SKIRT S.0,2,1828,67.09135593220331,0.005750539097311327,0.0075839779866954055,Lower Volume / High Value
Jax Softtop 2 pk ( OPEN ),2,1828,42.49269491525414,0.005750539097311327,0.004803355936915373,Lower Volume / Lower Value
Mufasa PREMIUM,4,1827,125.87061016949144,0.0057473932881771305,0.014228359576783298,Lower Volume / High Value
Sunflower Bikini Ch Calla Mid,4,1827,13.702050847457517,0.0057473932881771305,0.0015488739280319133,Lower Volume / Lower Value
Tina creasing tank,6,1826,23.90181355932197,0.005744247479042934,0.002701850713215159,Lower Volume / Lower Value
VERONICA seamless sport bra,5,1826,35.7369999999999,0.005744247479042934,0.004039695092530414,Lower Volume / Lower Value
Witch slacks,2,1826,83.70654237288124,0.005744247479042934,0.009462151507860717,Lower Volume / High Value
Gateau Tunic,3,1825,118.88605084745754,0.005741101669908737,0.013438827998399329,Lower Volume / High Value
CSP Agneta Jump Suit,1,1824,87.82037288135582,0.0057379558607745405,0.00992717713722487,Lower Volume / High Value
Kia paperbag,1,1822,54.36286440677958,0.005731664242506148,0.006145154785235592,Lower Volume / Lower Value
Mac N Cheez Brief,3,1822,37.24750847457615,0.005731664242506148,0.00421044232010887,Lower Volume / Lower Value
Nina Nightshirt (W),3,1821,51.598118644067675,0.005728518433371951,0.005832629114649881,Lower Volume / Lower Value
Mac N Cheez Bandeau,3,1821,51.0643389830508,0.005728518433371951,0.005772290891600873,Lower Volume / Lower Value
Ida Slim Slacks,2,1820,56.26491525423715,0.005725372624237755,0.006360161794056078,Lower Volume / Lower Value
Bravura dress,3,1820,106.74410169491517,0.005725372624237755,0.012066307294219364,Lower Volume / High Value
Yolo Zip L/S,4,1819,56.19238983050835,0.005722226815103558,0.006351963551385431,Lower Volume / Lower Value
HALLOUMI,12,1819,34.10374576271175,0.005722226815103558,0.0038550727367862984,Lower Volume / Lower Value
Stina bike shorts HW,1,1819,14.498745762711751,0.005722226815103558,0.001638931978215098,Lower Volume / Lower Value
Kennedy (1),13,1818,66.20944067796603,0.005719081005969362,0.007484286666087351,Lower Volume / High Value
Disco,2,1818,53.992542372881275,0.005719081005969362,0.00610329374197525,Lower Volume / Lower Value
Garden spice,2,1817,83.28920338983043,0.0057159351968351655,0.009414975688912511,Lower Volume / High Value
Skirt with Belt,1,1816,76.84718644067786,0.005712789387700969,0.0086867728667537,Lower Volume / High Value
CSP Camille 1,2,1815,37.24710169491517,0.005709643578566772,0.004210396337911143,Lower Volume / Lower Value
Ofelia bag,3,1814,42.39720338983041,0.005706497769432575,0.0047925616159977666,Lower Volume / Lower Value
Gem,1,1814,51.752915254237216,0.005706497769432575,0.005850127256811849,Lower Volume / Lower Value
Mini tiny tri top,3,1814,40.20544067796602,0.005706497769432575,0.004544805702767508,Lower Volume / Lower Value
Cherry velvet dress J,2,1813,43.02706779661007,0.005703351960298379,0.004863761217336083,Lower Volume / Lower Value
Tindra 3-pack socks,5,1813,23.46940677966095,0.005703351960298379,0.002652971637025957,Lower Volume / Lower Value
Smicker dress,5,1812,93.55835593220331,0.005700206151164182,0.010575796270658883,Lower Volume / High Value
Electra dress,7,1812,45.88308474576261,0.005700206151164182,0.005186604143537925,Lower Volume / Lower Value
Kendrick SP bralette,2,1812,54.11766101694902,0.005700206151164182,0.006117437099627671,Lower Volume / Lower Value
Juliet Body,2,1811,39.06893220338974,0.005697060342029985,0.004416335274153887,Lower Volume / Lower Value
Siv,3,1811,44.09237288135583,0.005697060342029985,0.004984182845421684,Lower Volume / Lower Value
Chore Jacket,3,1811,76.08586440677956,0.005697060342029985,0.0086007133518483,Lower Volume / High Value
Frenchy Hipster Lo(Petunia) 3p,5,1810,33.44837288135581,0.005693914532895789,0.003780989668465199,Lower Volume / Lower Value
Tina,3,1810,67.0395084745762,0.005693914532895789,0.007578117172409471,Lower Volume / High Value
Kelpi,2,1808,169.5586610169491,0.005687622914627396,0.019166838033584214,Lower Volume / High Value
Love Shack tanga,3,1808,22.119593220338906,0.005687622914627396,0.0025003892934765746,Lower Volume / Lower Value
Panther PU Legging,2,1807,56.65222033898292,0.0056844771054931995,0.006403942594071736,Lower Volume / Lower Value
SINGAPORE,3,1807,29.61652542372873,0.0056844771054931995,0.003347839281753911,Lower Volume / Lower Value
Bones paperbag waist HW,2,1806,43.54705084745752,0.005681331296359003,0.004922539877512019,Lower Volume / Lower Value
Brea body,5,1806,26.545101694915207,0.005681331296359003,0.0030006468659280307,Lower Volume / Lower Value
ED Tina dress,3,1806,70.5635084745762,0.005681331296359003,0.007976468615062106,Lower Volume / High Value
NICOLE STRAP DRESS,3,1806,49.9314576271186,0.005681331296359003,0.0056442304709170285,Lower Volume / Lower Value
Oatmeal seamless cropped top,3,1803,42.730508474576176,0.005671893868956413,0.0048302382792644915,Lower Volume / Lower Value
Scarlett Thong 3p,2,1803,27.60237288135589,0.005671893868956413,0.0031201603456084246,Lower Volume / Lower Value
Tom solid,14,1802,20.75427118644058,0.005668748059822216,0.0023460538786386547,Lower Volume / Lower Value
2p OP Brazilian Low (Acacia),6,1802,24.366237288135544,0.005668748059822216,0.0027543489715508578,Lower Volume / Lower Value
DD Krabi RTW Dress,3,1802,50.95703389830497,0.005668748059822216,0.0057601611710241234,Lower Volume / Lower Value
Marsh fancy dress-w,2,1802,70.27616949152537,0.005668748059822216,0.00794398794013911,Lower Volume / High Value
Tea (1),3,1801,117.72405084745753,0.0056656022506880194,0.013307476018727829,Lower Volume / High Value
Ally Blazer,3,1800,191.63801694915242,0.005662456441553823,0.021662678921335124,Lower Volume / High Value
Cayenne,1,1800,90.07011864406773,0.005662456441553823,0.010181487429556862,Lower Volume / High Value
Summer Deluca,3,1800,66.18761016949146,0.005662456441553823,0.007481818954809065,Lower Volume / High Value
Strada,3,1799,24.291796610169435,0.005659310632419626,0.0027459342293658863,Lower Volume / Lower Value
CHEAPO soft bra,2,1798,19.408915254237204,0.00565616482328543,0.0021939754233394225,Lower Volume / Lower Value
Sunflower Push Balboa,4,1798,27.247406779660913,0.00565616482328543,0.003080035130312461,Lower Volume / Lower Value
Tina dress,7,1796,48.15238983050839,0.005649873205017038,0.005443125413210865,Lower Volume / Lower Value
Ritz mini bag,5,1796,69.93122033898298,0.005649873205017038,0.007904995036462305,Lower Volume / High Value
Atlanta Push Lace Valencia,3,1795,35.28840677966093,0.005646727395882841,0.003988986308056458,Lower Volume / Lower Value
Cinderella fold fluff,1,1795,74.75574576271178,0.005646727395882841,0.008450357313039116,Lower Volume / High Value
Memphis dress-J,3,1795,69.47337288135584,0.005646727395882841,0.007853240156989941,Lower Volume / High Value
Bandit Swimsuit,1,1794,67.01181355932196,0.005643581586748644,0.00757498655111388,Lower Volume / High Value
Tech Stretch Slim,7,1794,136.89613559322027,0.005643581586748644,0.015474680223362666,Lower Volume / High Value
Margarita RW Pull-On Shorts,5,1793,18.778033898304997,0.005640435777614448,0.0021226608665067762,Lower Volume / Lower Value
Cleo,5,1792,70.7426779661016,0.005637289968480251,0.00799672185723818,Lower Volume / High Value
Whitney wrap dress,3,1792,127.04611864406773,0.005637289968480251,0.014361238548604488,Lower Volume / High Value
Stella GTL short sleeve,3,1792,32.11155932203383,0.005637289968480251,0.003629876839318344,Lower Volume / Lower Value
+ Jane Swimsuit,2,1792,60.06440677966093,0.005637289968480251,0.00678965468012277,Lower Volume / Lower Value
Selena shorts,2,1791,58.943067796610094,0.005634144159346054,0.006662899004299576,Lower Volume / Lower Value
Dita dress,1,1791,40.2328813559321,0.005634144159346054,0.004547907585189516,Lower Volume / Lower Value
Burcu Styling Scarf,9,1791,22.77711864406773,0.005634144159346054,0.0025747156842606724,Lower Volume / Lower Value
Jacket Slim (1),3,1791,99.46596610169487,0.005634144159346054,0.011243589980547175,Lower Volume / High Value
Arya frill skirt,2,1791,45.785847457627014,0.005634144159346054,0.005175612482355051,Lower Volume / Lower Value
Wheeler body,4,1790,26.923050847457542,0.005630998350211858,0.0030433700753958455,Lower Volume / Lower Value
Pineapple jumpsuit,1,1790,114.52099999999992,0.005630998350211858,0.012945404530085804,Lower Volume / High Value
Selena,2,1790,79.75750847457616,0.005630998350211858,0.009015754416352774,Lower Volume / High Value
Plum skirt,5,1790,74.9157457627118,0.005630998350211858,0.00846844364414707,Lower Volume / High Value
CSS PERLA loose tank,3,1789,38.117186440677884,0.005627852541077661,0.004308750342935157,Lower Volume / Lower Value
Dungaree Alicia,2,1789,83.77710169491517,0.005627852541077661,0.009470127503242332,Lower Volume / High Value
Bagira malta pull on bandeau,3,1788,52.13340677966098,0.005624706731943464,0.005893137855015497,Lower Volume / Lower Value
Classic Necklace SS Phone case,6,1788,25.63623728813554,0.005624706731943464,0.0028979092247202235,Lower Volume / Lower Value
HAVANA gathering HW tights,2,1787,54.57610169491518,0.005621560922809268,0.006169259036471731,Lower Volume / Lower Value
Sandy superpush Bra(1),2,1787,55.85220338983042,0.005621560922809268,0.006313509022607077,Lower Volume / Lower Value
Duran body,4,1787,67.93154237288125,0.005621560922809268,0.00767895230018611,Lower Volume / High Value
Polly,11,1787,38.85667796610161,0.005621560922809268,0.004392342146562268,Lower Volume / Lower Value
Amalfi,1,1787,99.32444067796607,0.005621560922809268,0.011227592007586223,Lower Volume / High Value
ANGIE SHIRT SC SPEED P5,3,1786,29.54071186440669,0.005618415113675071,0.003339269349651594,Lower Volume / Lower Value
LOUISE OTS TOP,3,1786,33.644559322033786,0.005618415113675071,0.003803166499246401,Lower Volume / Lower Value
Shorts Straight Jogger,3,1785,64.14184745762701,0.005615269304540875,0.007250566818714804,Lower Volume / High Value
Dorset SPEED dress,4,1784,35.79230508474567,0.0056121234954066785,0.004045946755497072,Lower Volume / Lower Value
Slurp long tregging,2,1784,49.657542372881295,0.0056121234954066785,0.005613267208519187,Lower Volume / Lower Value
Arabella,2,1783,26.067542372881274,0.005608977686272482,0.002946663765790564,Lower Volume / Lower Value
Santorini Padded Swimsuit,3,1783,85.69737288135582,0.005608977686272482,0.009687194131336235,Lower Volume / High Value
Elina,1,1783,90.87784745762706,0.005608977686272482,0.01027279274685353,Lower Volume / High Value
V-NECK SS BASIC FIT,3,1783,18.344966101694826,0.005608977686272482,0.00207370706924626,Lower Volume / Lower Value
Rosemary Coat,2,1782,131.63349152542366,0.005605831877138285,0.014879793203903497,Lower Volume / High Value
Ilse bandeau top,4,1782,32.46728813559311,0.005605831877138285,0.003670088271235044,Lower Volume / Lower Value
Wide H.W Ankle,5,1781,86.80440677966091,0.005602686068004088,0.009812332766539186,Lower Volume / High Value
Valance Jumsuit,2,1781,62.11894915254226,0.005602686068004088,0.007021899265318072,Lower Volume / High Value
Evie hipster 3p,3,1780,32.76705084745751,0.005599540258869892,0.0037039733191137755,Lower Volume / Lower Value
S Simple Life Triangle Top,2,1780,32.31216949152535,0.005599540258869892,0.003652553726499882,Lower Volume / Lower Value
Allie,2,1780,102.2654745762711,0.005599540258869892,0.011560045213114064,Lower Volume / High Value
Class Aligator Ring Pack,2,1780,22.92266101694909,0.005599540258869892,0.0025911677314242303,Lower Volume / Lower Value
HS PI Bea kaftan,1,1779,55.79471186440666,0.005596394449735695,0.006307010205327606,Lower Volume / Lower Value
Revlon,2,1778,55.89455932203378,0.005593248640601498,0.006318296918945926,Lower Volume / Lower Value
Arlo,1,1777,28.587949152542333,0.005590102831467302,0.0032315694629385396,Lower Volume / Lower Value
Skirt HW,3,1777,82.74347457627108,0.005590102831467302,0.009353286738805111,Lower Volume / High Value
Seashell,2,1777,42.683101694915166,0.005590102831467302,0.004824879437303799,Lower Volume / Lower Value
Diego denim shorts,4,1775,56.42296610169479,0.005583811213198909,0.006378027793799898,Lower Volume / Lower Value
Hibiscus top,2,1775,49.50091525423718,0.005583811213198909,0.005595562146467425,Lower Volume / Lower Value
Jeanne jumper,3,1775,86.0279152542372,0.005583811213198909,0.009724558498843364,Lower Volume / High Value
WENDY LEGGINGS,27,1775,25.995423728813506,0.005583811213198909,0.0029385115053176506,Lower Volume / Lower Value
W CAMPANIA DRESS EQ,4,1774,57.35964406779648,0.0055806654040647125,0.006483909467777636,Lower Volume / Lower Value
Ulrik,8,1773,128.2019999999999,0.005577519594930516,0.014491898879385096,Lower Volume / High Value
Dalston dress,3,1773,39.77166101694906,0.005577519594930516,0.00449577143666096,Lower Volume / Lower Value
PC Champagne,1,1772,81.23084745762704,0.00557437378579632,0.009182300020613467,Lower Volume / High Value
R-NECK SS SLIM 3 PK,14,1771,56.39830508474564,0.005571227976662123,0.00637524012306239,Lower Volume / Lower Value
Jade Denim Trash TRS,1,1771,55.06122033898292,0.005571227976662123,0.0062240966391170416,Lower Volume / Lower Value
Post lace dress,2,1770,108.89355932203381,0.005568082167527927,0.012309281058885487,Lower Volume / High Value
Grapefruit skirt,2,1770,47.44210169491515,0.005568082167527927,0.005362834748195934,Lower Volume / Lower Value
ESPRESSO CONCIOUS,2,1768,16.69530508474569,0.005561790549259533,0.0018872300981936205,Lower Volume / Lower Value
JACKSSON SMOCK TOP,2,1768,44.35105084745753,0.005561790549259533,0.0050134236913294775,Lower Volume / Lower Value
Silver,3,1768,55.55747457627111,0.005561790549259533,0.00628019300442528,Lower Volume / Lower Value
Anais.,3,1767,41.50244067796601,0.005558644740125337,0.00469141802431134,Lower Volume / Lower Value
Flirty Real flower shell,4,1767,12.3671525423728,0.005558644740125337,0.001397977598399378,Lower Volume / Lower Value
Bongo party ls,2,1766,29.109491525423635,0.00555549893099114,0.003290524388205777,Lower Volume / Lower Value
Lily dress (1),2,1765,71.54057627118638,0.005552353121856943,0.00808691593808966,Lower Volume / High Value
Gloom pile coat,4,1765,133.64935593220332,0.005552353121856943,0.015107665648464445,Lower Volume / High Value
Alessa cat sunglasses,3,1763,24.273576271186386,0.00554606150358855,0.0027438746100924703,Lower Volume / Lower Value
Dinara(1),2,1763,50.728084745762644,0.00554606150358855,0.005734280857400589,Lower Volume / Lower Value
GREG tanktop BB 2-p,3,1763,20.02754237288128,0.00554606150358855,0.00226390476646539,Lower Volume / Lower Value
Paris tee,4,1762,21.77440677966095,0.005542915694454354,0.0024613695668510944,Lower Volume / Lower Value
SPEED Snoop Roll neck,3,1762,69.93559322033892,0.005542915694454354,0.007905489345087925,Lower Volume / High Value
Elly Fancy,7,1762,43.21928813559313,0.005542915694454354,0.004885489721689397,Lower Volume / Lower Value
Lena,4,1761,77.15901694915244,0.005539769885320157,0.008722022053165152,Lower Volume / High Value
Christian crewneck TP,10,1761,25.27369491525419,0.005539769885320157,0.0028569275909915075,Lower Volume / Lower Value
Pluto RW slacks,2,1760,54.58754237288123,0.005536624076185961,0.00617055228578294,Lower Volume / Lower Value
Margaux SL-Set (W),4,1760,58.000474576271095,0.005536624076185961,0.006556348672529815,Lower Volume / Lower Value
Piper Strappy Brazilian Anemon,2,1760,15.491440677966,0.005536624076185961,0.0017511457840055252,Lower Volume / Lower Value
Parrot ss,3,1759,28.73862711864404,0.005533478267051764,0.003248602035348465,Lower Volume / Lower Value
Class Gwen earring,2,1759,10.953644067796482,0.005533478267051764,0.0012381952090551095,Lower Volume / Lower Value
Classic PU sunglasscase,12,1759,16.261779661016874,0.005533478267051764,0.0018382245709606556,Lower Volume / Lower Value
Fancy Gertrud L/S,2,1759,23.254542372881268,0.005533478267051764,0.0026286834569988885,Lower Volume / Lower Value
Paris Highwaist,2,1758,34.455728813559254,0.005530332457917567,0.003894860749298891,Lower Volume / Lower Value
Aquarius hood,2,1757,63.02122033898297,0.005527186648783371,0.007123891611737642,Lower Volume / High Value
Manson slim fit trs,3,1757,84.55437288135583,0.005527186648783371,0.009557989903483808,Lower Volume / High Value
MC Charlie top,6,1756,26.681355932203342,0.005524040839649174,0.0030160489862433716,Lower Volume / Lower Value
Lynn PQ sandal,3,1755,62.86586440677958,0.005520895030514977,0.007106330244053798,Lower Volume / High Value
Ariel blazer,1,1755,113.21201694915246,0.005520895030514977,0.01279743764963378,Lower Volume / High Value
Embrace Slim HW ankle Consc.,4,1755,116.65781355932194,0.005520895030514977,0.013186949014772423,Lower Volume / High Value
Moon blouse,4,1754,72.65125423728804,0.005517749221380781,0.00821246649714729,Lower Volume / High Value
Roundabout skirt,10,1754,137.4865932203389,0.005517749221380781,0.015541425299295683,Lower Volume / High Value
Embrace Bermuda HW,3,1753,79.29113559322023,0.005514603412246585,0.008963035826652945,Lower Volume / High Value
Mercury fit&flare,2,1753,60.460220338982985,0.005514603412246585,0.006834397274440993,Lower Volume / Lower Value
Ryder,2,1751,55.81323728813548,0.0055083117939781915,0.006309104311249323,Lower Volume / Lower Value
Nancy Body TRIS,4,1751,95.97208474576267,0.0055083117939781915,0.010848643136451619,Lower Volume / High Value
Britney rib SL Set (J),3,1751,52.1902033898304,0.0055083117939781915,0.005899558119373832,Lower Volume / Lower Value
ATLANTIC CREW,7,1750,39.73838983050838,0.005505165984843995,0.004492010476071457,Lower Volume / Lower Value
NEW CHERRY SKIRT,2,1750,70.48845762711858,0.005505165984843995,0.00796798489958054,Lower Volume / High Value
Regular Fit Midprice,10,1750,84.48354237288125,0.005505165984843995,0.009549983253303708,Lower Volume / High Value
Belter HW Cheeky Brazilian,1,1750,51.69591525423725,0.005505165984843995,0.005843684001354645,Lower Volume / Lower Value
Spirulina,1,1750,52.01998305084734,0.005505165984843995,0.00588031648554786,Lower Volume / Lower Value
ESSENTIAL EVELYN SS RIB,2,1749,27.10077966101691,0.005502020175709799,0.0030634604639549587,Lower Volume / Lower Value
Shimmer slip dress,2,1749,44.138355932203275,0.005502020175709799,0.004989380749690314,Lower Volume / Lower Value
Vogue jumper,3,1748,80.20459322033888,0.005498874366575602,0.009066292683510141,Lower Volume / High Value
Gaia jumpsuit,2,1748,70.78896610169485,0.005498874366575602,0.008001954248155115,Lower Volume / High Value
Lima,5,1747,66.10764406779654,0.005495728557441406,0.007472779621104899,Lower Volume / High Value
Calamare Pants,3,1747,50.28477966101683,0.005495728557441406,0.005684169841497143,Lower Volume / Lower Value
Ray Fur,3,1747,142.62211864406777,0.005495728557441406,0.016121942881963582,Lower Volume / High Value
FF Kate dress PI,1,1746,45.44013559322023,0.005492582748307209,0.005136533362057499,Lower Volume / Lower Value
Megan sunglasses,6,1746,14.449203389830405,0.005492582748307209,0.0016333317297163128,Lower Volume / Lower Value
Alfi Mockneck LS,3,1745,49.5319661016948,0.005489436939173012,0.005599072120894307,Lower Volume / Lower Value
Boyfriend LW,3,1745,58.374169491525336,0.005489436939173012,0.0065985909848463534,Lower Volume / Lower Value
Anonymous dress,1,1745,72.6937627118643,0.005489436939173012,0.008217271636810292,Lower Volume / High Value
FLO MIDI DRESS,2,1745,36.264118644067736,0.005489436939173012,0.004099280357091573,Lower Volume / Lower Value
Brenda elastic(1),1,1743,64.82861016949141,0.005483145320904619,0.007328198179960893,Lower Volume / High Value
LORENZA LACE TOP,3,1743,38.608084745762625,0.005483145320904619,0.00436424127597325,Lower Volume / Lower Value
LOGG Solange RW,4,1743,64.65732203389823,0.005483145320904619,0.00730883584286588,Lower Volume / High Value
GWEN HW mesh tights,1,1742,71.19203389830503,0.005479999511770422,0.00804751685833289,Lower Volume / High Value
Rose Lace Thong..,3,1742,26.050203389830465,0.005479999511770422,0.0029447037746122384,Lower Volume / Lower Value
Manson trs,6,1741,70.32227118644059,0.0054768537026362255,0.007949199255882075,Lower Volume / High Value
Zita Dress,2,1740,78.38077966101685,0.005473707893502029,0.008860129584053454,Lower Volume / High Value
Bagira Push Balconette Ferrara,2,1740,44.29132203389827,0.005473707893502029,0.0050066719719624895,Lower Volume / Lower Value
Anika,2,1740,41.296016949152445,0.005473707893502029,0.004668083974887214,Lower Volume / Lower Value
Straptop 2-pack,2,1739,25.009610169491477,0.005470562084367832,0.00282707556503886,Lower Volume / Lower Value
ED Pomme tunic,4,1739,67.43633898305079,0.005470562084367832,0.007622974722222024,Lower Volume / High Value
Shorts HW cycling,3,1738,55.489661016949036,0.005467416275233636,0.0062725273888783566,Lower Volume / Lower Value
Carino,2,1738,91.10261016949146,0.005467416275233636,0.010298199827025407,Lower Volume / High Value
RYOKO JOGGER,2,1737,54.82520338983039,0.00546427046609944,0.00619741738480791,Lower Volume / Lower Value
Perrie HW Denim Trash TRS,1,1737,81.18915254237278,0.00546427046609944,0.009177586845345927,Lower Volume / High Value
POPEYE SHIRT,6,1736,37.40696610169483,0.005461124656965243,0.004228467341619849,Lower Volume / Lower Value
Big Arjuna crossbag,2,1736,42.518271186440586,0.005461124656965243,0.0048062470675977785,Lower Volume / Lower Value
Twisty dress,3,1735,29.820847457627046,0.005457978847831046,0.003370935756489755,Lower Volume / Lower Value
Savannah shopper (1),5,1735,38.30213559322026,0.005457978847831046,0.00432965691550401,Lower Volume / Lower Value
Liza blouse,2,1735,43.14803389830502,0.005457978847831046,0.004877435173386664,Lower Volume / Lower Value
Venice Pull- on Shorts,3,1735,24.75386440677958,0.005457978847831046,0.002798166174139716,Lower Volume / Lower Value
TUCK CLASSIC JOGGER,10,1735,48.170152542372776,0.005457978847831046,0.00544513330251183,Lower Volume / Lower Value
Orlando padded soft bra,3,1734,36.46430508474568,0.00545483303869685,0.00412190934615047,Lower Volume / Lower Value
Mister Button,2,1734,60.85855932203381,0.00545483303869685,0.00687942534157013,Lower Volume / Lower Value
Julie top,4,1734,38.48435593220331,0.00545483303869685,0.004350255024163076,Lower Volume / Lower Value
Clement,2,1734,85.7036610169491,0.00545483303869685,0.009687904939476183,Lower Volume / High Value
Jonte Skinny Jogger 24.99:-,1,1734,64.117627118644,0.00545483303869685,0.007247828962024843,Lower Volume / High Value
Rihanna Drawstring hoodie,4,1733,25.011508474576175,0.005451687229562653,0.002827290148628271,Lower Volume / Lower Value
Noah l/s,3,1733,28.175745762711834,0.005451687229562653,0.0031849741692366986,Lower Volume / Lower Value
Valentina,11,1733,61.15884745762703,0.005451687229562653,0.006913369783120933,Lower Volume / High Value
DIV Carla Parka (1),5,1732,107.40213559322027,0.005448541420428456,0.012140691162750628,Lower Volume / High Value
Yellow,1,1732,49.60840677966089,0.005448541420428456,0.0056077129422181255,Lower Volume / Lower Value
FLORA running HW tights,1,1732,84.60466101694905,0.005448541420428456,0.009563674452678434,Lower Volume / High Value
PRICE TEE ISW 21,6,1731,9.202559322033798,0.0054453956112942604,0.0010402533433679392,Lower Volume / Lower Value
Shorts classic,4,1731,51.484762711864335,0.0054453956112942604,0.0058198154088818805,Lower Volume / Lower Value
NEPTUNE TSHIRT DRESS,3,1730,28.57979661016939,0.005442249802160064,0.0032306479030589853,Lower Volume / Lower Value
Minnie Dress,3,1730,82.47833898305075,0.005442249802160064,0.009323315925508323,Lower Volume / High Value
Andie hood,5,1730,48.03489830508464,0.005442249802160064,0.0054298442217659134,Lower Volume / Lower Value
50 cent strapless balconette,4,1729,34.98976271186432,0.005439103993025867,0.003955227711221489,Lower Volume / Lower Value
Barrymore Curly Sweater,3,1728,36.90005084745754,0.00543595818389167,0.004171165859546055,Lower Volume / Lower Value
PQ Lottie cashmere headband,9,1727,45.341576271186355,0.005432812374757474,0.0051253922587320005,Lower Volume / Lower Value
STYLO SLIM SHIRT,2,1727,67.36738983050842,0.005432812374757474,0.007615180739706437,Lower Volume / High Value
Class Line earring,2,1726,15.65554237288126,0.005429666565623277,0.001769695768940609,Lower Volume / Lower Value
DeLuca pull-on jogger,3,1725,63.88884745762704,0.005426520756489081,0.007221967807650357,Lower Volume / High Value
Slim cargo RW,2,1725,85.58513559322029,0.005426520756489081,0.009674506876611998,Lower Volume / High Value
Bell,3,1725,69.73674576271179,0.005426520756489081,0.007883011714096558,Lower Volume / High Value
Sid dress,5,1724,60.118711864406706,0.0054233749473548845,0.006795793303520005,Lower Volume / Lower Value
Make a dream dress,5,1724,101.99476271186433,0.0054233749473548845,0.011529444060523366,Lower Volume / High Value
Cool Edith 2p headband,11,1724,24.67199999999995,0.0054233749473548845,0.0027889122568461383,Lower Volume / Lower Value
BELLA SHORT SLEEVE,3,1724,32.75699999999991,0.0054233749473548845,0.0037028371756448156,Lower Volume / Lower Value
S Gigi One sholder Top,2,1723,48.86949152542368,0.005420229138220688,0.005524186280037811,Lower Volume / Lower Value
Ivanovo fluff,1,1723,50.79408474576263,0.005420229138220688,0.005741741468982618,Lower Volume / Lower Value
Selma sport dress J,4,1723,38.7437966101694,0.005420229138220688,0.004379582086691615,Lower Volume / Lower Value
Frame Slim SS,6,1723,30.71045762711856,0.005420229138220688,0.003471496907004909,Lower Volume / Lower Value
Katja knot dress,2,1723,33.2228813559321,0.005420229138220688,0.0037555002035223844,Lower Volume / Lower Value
Maxime skirt,2,1723,50.20206779661006,0.005420229138220688,0.005674820127958288,Lower Volume / Lower Value
Brie boot,3,1722,98.09291525423721,0.005417083329086491,0.011088380903952345,Lower Volume / High Value
HM+ Hilly Biker 2pk,3,1722,70.32977966101689,0.005417083329086491,0.007950048010615217,Lower Volume / High Value
Seagull dressed,2,1722,76.48635593220328,0.005417083329086491,0.00864598474144044,Lower Volume / High Value
Bruno Scarf,5,1721,34.543830508474485,0.0054139375199522945,0.0039048197269576953,Lower Volume / Lower Value
ROBIN HOOD.,6,1721,53.92211864406768,0.0054139375199522945,0.006095333073992879,Lower Volume / Lower Value
Jones,8,1719,58.857152542372795,0.005407645901683901,0.006653187180953578,Lower Volume / Lower Value
Flirty Stella necklace,3,1718,20.618016949152473,0.0054045000925497045,0.0023306517583233165,Lower Volume / Lower Value
Henny LS,4,1718,19.00067796610162,0.0054045000925497045,0.0021478284560654697,Lower Volume / Lower Value
Collins midi dress,3,1718,54.08040677966094,0.0054045000925497045,0.00611322589668538,Lower Volume / Lower Value
Charmaine Trench,3,1718,128.6147118644067,0.0054045000925497045,0.014538551650834102,Lower Volume / High Value
EVERT SHORTS,8,1718,36.849949152542294,0.0054045000925497045,0.004165502385525388,Lower Volume / Lower Value
Sunny denim skirt GTL,1,1717,67.25559322033892,0.005401354283415508,0.0076025432990297365,Lower Volume / High Value
Holly ballerina(1),1,1717,26.099847457627078,0.005401354283415508,0.002950315518660458,Lower Volume / Lower Value
KAIZEN TM,2,1717,39.92483050847451,0.005401354283415508,0.004513085650031996,Lower Volume / Lower Value
Mr Smith Coat,3,1717,245.9755423728813,0.005401354283415508,0.027804969398837007,Lower Volume / High Value
Smith HW wide full,1,1717,71.25301694915248,0.005401354283415508,0.008054410356142891,Lower Volume / High Value
Eucalyptus sweatshirt,5,1717,39.03218644067788,0.005401354283415508,0.0044121815489587555,Lower Volume / Lower Value
Evie padded bandeau 2p,3,1717,39.96430508474568,0.005401354283415508,0.004517547839136912,Lower Volume / Lower Value
PC Freedom,1,1716,79.92822033898297,0.005398208474281311,0.009035051612001006,Lower Volume / High Value
Oliver Hood (1),15,1716,93.77944067796605,0.005398208474281311,0.010600787595126272,Lower Volume / High Value
Kelly padded (milano) 2p,2,1716,42.09601694915246,0.005398208474281311,0.004758515630426974,Lower Volume / Lower Value
CS Bonjour,1,1716,81.51984745762701,0.005398208474281311,0.009214968456177202,Lower Volume / High Value
Miranda dress,3,1716,69.96225423728804,0.005398208474281311,0.007908503094964279,Lower Volume / High Value
MAD-MAX CONCIOUS,2,1716,28.138406779660922,0.005398208474281311,0.003180753386669868,Lower Volume / Lower Value
S Gigi Brief,2,1715,32.434440677966,0.005395062665147115,0.0036663752087681798,Lower Volume / Lower Value
Geranium,3,1714,101.70864406779651,0.005391916856012919,0.01149710133219356,Lower Volume / High Value
Hannah basic ballerina SG,31,1714,25.939203389830467,0.005391916856012919,0.0029321563824060972,Lower Volume / Lower Value
KATALINA SKIRT S.0,3,1714,54.49694915254225,0.005391916856012919,0.006160311667163025,Lower Volume / Lower Value
Bob solid,5,1714,22.505677966101615,0.005391916856012919,0.002544032146899035,Lower Volume / Lower Value
Greyworm tapered trouser RW,2,1713,74.16501694915245,0.005388771046878722,0.008383581582307606,Lower Volume / High Value
ED Matey Vneck,4,1713,51.32333898305077,0.005388771046878722,0.005801568140081865,Lower Volume / Lower Value
Fissa Thong 5pk,1,1713,41.75615254237279,0.005388771046878722,0.00472009750422182,Lower Volume / Lower Value
BISCUIT,5,1713,38.73716949152534,0.005388771046878722,0.0043788329600535645,Lower Volume / Lower Value
Saffron (1),4,1713,35.92105084745755,0.005388771046878722,0.0040605001210792776,Lower Volume / Lower Value
May buckle,3,1713,69.51744067796602,0.005388771046878722,0.00785822156174425,Lower Volume / High Value
Papaya Top,3,1712,33.80538983050839,0.005385625237744525,0.003821346710674726,Lower Volume / Lower Value
Nella body,1,1711,33.841254237288055,0.0053824794286103286,0.0038254008077747716,Lower Volume / Lower Value
ROLAND SET IN,9,1711,51.22505084745751,0.0053824794286103286,0.005790457691554848,Lower Volume / Lower Value
SIENNNA SMALL BAG,4,1711,39.43908474576263,0.0053824794286103286,0.004458177158165174,Lower Volume / Lower Value
Biker dress Pinafore,3,1710,64.13510169491518,0.005379333619476132,0.007249804280602417,Lower Volume / High Value
Orion NW tapered denim,3,1710,106.21442372881347,0.005379333619476132,0.01200643272499748,Lower Volume / High Value
Paris Top,2,1710,46.68377966101684,0.005379333619476132,0.005277114351998808,Lower Volume / Lower Value
Macchiato soft bra,3,1709,30.338728813559243,0.005376187810341936,0.0034294768419774095,Lower Volume / Lower Value
Eiffel,4,1708,54.73486440677959,0.005373042001207739,0.006187205505061582,Lower Volume / Lower Value
Canterbury,4,1708,40.645644067796496,0.005373042001207739,0.004594566104413238,Lower Volume / Lower Value
Baltimore highshaft,2,1707,105.60486440677958,0.005369896192073543,0.011937528401695957,Lower Volume / High Value
Rosie kimono,8,1707,48.76191525423718,0.005369896192073543,0.005512025904662573,Lower Volume / Lower Value
SANNA SLIP TANK,3,1707,17.74261016949144,0.005369896192073543,0.0020056170140295764,Lower Volume / Lower Value
LALA fleece half zip,3,1705,52.76866101694909,0.005363604573805149,0.00596494672047376,Lower Volume / Lower Value
rhea,1,1705,54.64286440677954,0.005363604573805149,0.0061768058646745035,Lower Volume / Lower Value
Darwin,5,1704,34.125118644067705,0.005360458764670953,0.00385748871809214,Lower Volume / Lower Value
Sloth tee,2,1704,31.419881355932098,0.005360458764670953,0.003551689859849654,Lower Volume / Lower Value
Flirty Evelina necklace,2,1703,22.088694915254173,0.005357312955536756,0.002496896562373843,Lower Volume / Lower Value
Jackie cable vest,1,1702,70.51291525423723,0.00535416714640256,0.00797074957921918,Lower Volume / High Value
Sandra 1p Tights Lurex,2,1702,19.866627118643997,0.00535416714640256,0.0022457149754125418,Lower Volume / Lower Value
Brett jumper,3,1701,141.2009999999999,0.0053510213372683635,0.015961300242336742,Lower Volume / High Value
PC Tina Turner,1,1700,91.22679661016943,0.005347875528134167,0.010312237808808033,Lower Volume / High Value
Eden cut padding,2,1700,30.227169491525377,0.005347875528134167,0.0034168662242493896,Lower Volume / Lower Value
Lime tank,3,1700,25.82020338983047,0.005347875528134167,0.002918704673644559,Lower Volume / Lower Value
Sorrelli,2,1700,73.85142372881347,0.005347875528134167,0.008348133139705984,Lower Volume / High Value
Madeira mesh tank,3,1699,36.93896610169484,0.00534472971899997,0.004175564823129092,Lower Volume / Lower Value
Moss biker jacket,1,1699,95.11616949152534,0.00534472971899997,0.0107518908446486,Lower Volume / High Value
Plum turtleneck,2,1699,67.5347457627118,0.00534472971899997,0.007634098582223374,Lower Volume / High Value
Atlanta fancy dress,1,1698,78.79669491525414,0.0053415839098657734,0.008907144465309602,Lower Volume / High Value
Rania tee dress,5,1698,37.75352542372873,0.0053415839098657734,0.004267642258162677,Lower Volume / Lower Value
Bea Woven TRS,2,1697,34.65950847457619,0.005338438100731577,0.003917895914437757,Lower Volume / Lower Value
Flare,5,1697,46.233423728813484,0.005338438100731577,0.005226206311334682,Lower Volume / Lower Value
Elin tubic dress,3,1697,24.10962711864402,0.005338438100731577,0.002725341868481537,Lower Volume / Lower Value
Como dress,3,1696,66.86605084745753,0.00533529229159738,0.007558509596926548,Lower Volume / High Value
Carola boot,2,1695,79.56637288135586,0.005332146482463183,0.008994148531193418,Lower Volume / High Value
Printed Hood 24.99 B2,14,1695,64.88845762711858,0.005332146482463183,0.007334963310802233,Lower Volume / High Value
Shaper Shorts (1),2,1695,25.556050847457584,0.005332146482463183,0.0028888449839922885,Lower Volume / Lower Value
Jade HW Skinny Belt Denim TRS,3,1694,66.26720338983044,0.005329000673328987,0.007490816138165307,Lower Volume / High Value
Annie Glove Touch,2,1694,26.2595762711864,0.005329000673328987,0.0029683711949699217,Lower Volume / Lower Value
Invisible 3p minishaftless,2,1694,20.471067796610107,0.005329000673328987,0.0023140406893926036,Lower Volume / Lower Value
Boho ls T&M bongo,5,1693,20.507542372881268,0.00532585486419479,0.002318163759789244,Lower Volume / Lower Value
Santorini Cross Bag,5,1693,41.27289830508468,0.00532585486419479,0.004665470653316112,Lower Volume / Lower Value
Kanin Foulard,3,1693,33.42777966101687,0.00532585486419479,0.003778661819705017,Lower Volume / Lower Value
Viper jumpsuit (1),1,1693,94.07576271186433,0.00532585486419479,0.010634283710249184,Lower Volume / High Value
Sultan,3,1693,71.8002372881355,0.00532585486419479,0.008116267907641968,Lower Volume / High Value
Liza 3p tanga thong LR,2,1693,27.881644067796586,0.00532585486419479,0.0031517290402764053,Lower Volume / Lower Value
Aston color block hood,10,1693,75.26061016949143,0.00532585486419479,0.008507426968199344,Lower Volume / High Value
Amy Skinny Check Trs,5,1693,78.96361016949143,0.00532585486419479,0.008926012493778999,Lower Volume / High Value
2p jersey headband,5,1692,9.547542372881255,0.005322709055060593,0.0010792500788945544,Lower Volume / Lower Value
+ Rolls Royce Swimsuite,4,1692,102.63064406779652,0.005322709055060593,0.011601323815203134,Lower Volume / High Value
Rae padded Bandeau 2p,2,1691,36.474677966101616,0.0053195632459263975,0.004123081892192638,Lower Volume / Lower Value
Clara wedge,2,1691,45.78557627118636,0.0053195632459263975,0.005175581827556566,Lower Volume / Lower Value
Jade denim 1,2,1691,80.20528813559312,0.0053195632459263975,0.009066371236431269,Lower Volume / High Value
Joffrey bomber,5,1689,65.19374576271177,0.005313271627658004,0.007369472950200155,Lower Volume / High Value
&DENIM jen bermuda shorts,3,1689,61.959288135593155,0.005313271627658004,0.0070038512527082365,Lower Volume / High Value
Orchid,3,1689,76.15591525423719,0.005313271627658004,0.008608631869482746,Lower Volume / High Value
CANARY RW shorts,2,1689,46.687728813559275,0.005313271627658004,0.005277560762501797,Lower Volume / Lower Value
SPEED VIOLET BLOUSE,3,1689,40.024050847457524,0.005313271627658004,0.004524301474428809,Lower Volume / Lower Value
New Kenta blouse,3,1688,28.965203389830428,0.0053101258185238075,0.0032742141194852283,Lower Volume / Lower Value
ED Nero LS,1,1688,33.722576271186334,0.0053101258185238075,0.0038119855015864342,Lower Volume / Lower Value
Andrea jumpsuit,3,1688,49.58893220338972,0.0053101258185238075,0.005605511544501704,Lower Volume / Lower Value
Washington Dress,4,1688,51.81467796610163,0.0053101258185238075,0.005857108887167504,Lower Volume / Lower Value
Malva hipster 3pk,10,1688,34.17001694915243,0.0053101258185238075,0.0038625640031668164,Lower Volume / Lower Value
2- PACK ISW 19,4,1688,22.497203389830453,0.0053101258185238075,0.0025430741844462857,Lower Volume / Lower Value
MAD MAX CONCIOUS,2,1687,22.385796610169397,0.005306980009389612,0.002530480810042408,Lower Volume / Lower Value
Twist sandalette,3,1687,65.60713559322028,0.005306980009389612,0.0074162023586453844,Lower Volume / High Value
Deer tee,2,1686,29.689406779660914,0.005303834200255415,0.003356077758847573,Lower Volume / Lower Value
H2 Rosemary shirtdress,1,1685,103.8102711864406,0.005300688391121218,0.011734668356776357,Lower Volume / High Value
Kyoto blouse,2,1685,58.40523728813553,0.005300688391121218,0.0066021028751981434,Lower Volume / Lower Value
Rich,3,1685,44.13435593220331,0.005300688391121218,0.0049889285914126195,Lower Volume / Lower Value
CSP Coronado lace sweater,3,1684,67.20244067796604,0.005297542581987022,0.007596534958526077,Lower Volume / High Value
Khloe Kim set,2,1684,40.78662711864398,0.005297542581987022,0.0046105027677772175,Lower Volume / Lower Value
Burbank pull on skirt,1,1684,29.422101694915177,0.005297542581987022,0.0033258617071628828,Lower Volume / Lower Value
MALCOLM SHORTS,9,1683,34.794779661016875,0.005294396772852825,0.00393318691110858,Lower Volume / Lower Value
Cala WL,3,1683,84.99779661016942,0.005294396772852825,0.009608114330861589,Lower Volume / High Value
Lash 3p V-shape thong micro LR,1,1683,35.86476271186429,0.005294396772852825,0.004054137334468096,Lower Volume / Lower Value
Beast leo lace hw bottom,2,1682,26.889491525423693,0.005291250963718628,0.0030395765440829545,Lower Volume / Lower Value
Buffe Padded,4,1680,108.61823728813552,0.005284959345450235,0.012278158774720493,Lower Volume / High Value
Gothenburg dress,3,1680,28.277813559321963,0.005284959345450235,0.0031965118690176356,Lower Volume / Lower Value
Evelina Unpad body LS,2,1680,40.06105084745754,0.005284959345450235,0.004528483938497524,Lower Volume / Lower Value
Vintage slim trash,2,1679,107.03608474576264,0.005281813536316038,0.012099312932566471,Lower Volume / High Value
Dolphin LS,2,1677,36.03725423728807,0.005275521918047646,0.004073635702231408,Lower Volume / Lower Value
Snickers dress,4,1677,93.33179661016942,0.005275521918047646,0.01055018610244702,Lower Volume / High Value
Wickander,2,1677,54.32998305084734,0.005275521918047646,0.006141437890918912,Lower Volume / Lower Value
Daisy tee,4,1677,26.940491525423703,0.005275521918047646,0.003045341562123615,Lower Volume / Lower Value
Class Charlie ring pk,2,1677,20.510355932203325,0.005275521918047646,0.00231848180332356,Lower Volume / Lower Value
Lemon top,3,1676,53.7030677966101,0.005272376108913449,0.006070571660514159,Lower Volume / Lower Value
Barnet espadrille,2,1676,39.033457627118565,0.005272376108913449,0.004412325243326669,Lower Volume / Lower Value
Emma,7,1676,59.95105084745755,0.005272376108913449,0.006776840974354765,Lower Volume / Lower Value
+ Coco Shape Bottom,5,1675,50.77176271186429,0.005269230299779252,0.005739218195882066,Lower Volume / Lower Value
Bahama drama bandeau,2,1675,34.21179661016946,0.005269230299779252,0.003867286758058891,Lower Volume / Lower Value
PLUTO WINTER TIGHTS,2,1673,85.80447457627113,0.005262938681510859,0.009699300860814117,Lower Volume / High Value
ALLY PINNAFORE,4,1672,66.52237288135585,0.005259792872376662,0.007519660387617658,Lower Volume / High Value
OL CAMILLE PQ Loafer,4,1672,132.87750847457625,0.005259792872376662,0.015020416344192732,Lower Volume / High Value
B Sassy Sarong,2,1670,21.97055932203384,0.005253501254108269,0.002483542565782485,Lower Volume / Lower Value
Flirty Evelyn necklace,2,1670,12.852152542372774,0.005253501254108269,0.0014528017895703534,Lower Volume / Lower Value
ED Bama jumper,7,1668,51.98133898305073,0.005247209635839876,0.005875948176763313,Lower Volume / Lower Value
Alice Lace Bandeau 2p,1,1668,22.400694915254185,0.005247209635839876,0.0025321649080343503,Lower Volume / Lower Value
VELOUR hoodie,5,1668,26.349949152542294,0.005247209635839876,0.0029785869065660615,Lower Volume / Lower Value
+ Karin padded bra,4,1667,49.06255932203379,0.00524406382670568,0.005546010580636392,Lower Volume / Lower Value
Perrie HW Dnm Lace Up Shorts,2,1667,57.35916949152535,0.00524406382670568,0.006483855821880286,Lower Volume / Lower Value
Minna PU pants,2,1667,71.14866101694903,0.00524406382670568,0.0080426140064997,Lower Volume / High Value
Morissette,3,1667,20.557661016949087,0.00524406382670568,0.00232382914973482,Lower Volume / Lower Value
ED Rose dress,3,1666,51.99391525423718,0.005240918017571483,0.0058773697930431966,Lower Volume / Lower Value
Dahlia high apex push kahlua,2,1666,37.32042372881347,0.005240918017571483,0.004218684629052349,Lower Volume / Lower Value
SPEED LEMON UTILITY SHIRT,3,1666,57.66793220338975,0.005240918017571483,0.0065187582258838415,Lower Volume / Lower Value
Isafie Cardigan,3,1666,43.68161016949143,0.005240918017571483,0.004937750405336811,Lower Volume / Lower Value
TVP Nils sweater,12,1665,23.919254237288087,0.005237772208437287,0.002703822199942923,Lower Volume / Lower Value
Missy sneaker,2,1664,39.38774576271178,0.005234626399303091,0.004452373821626405,Lower Volume / Lower Value
Bonnie Woven Slacks,3,1664,50.11377966101686,0.005234626399303091,0.005664840075125524,Lower Volume / Lower Value
sexygan,4,1664,27.39913559322031,0.005234626399303091,0.0030971864900665356,Lower Volume / Lower Value
Dublin puffer,4,1664,92.98354237288129,0.005234626399303091,0.010510819593413642,Lower Volume / High Value
Charlie Push Valencia,2,1664,48.920254237288034,0.005234626399303091,0.0055299244751297865,Lower Volume / Lower Value
PINE JERSEY BLOUSE,4,1663,28.709949152542272,0.005231480590168894,0.003245360290408346,Lower Volume / Lower Value
Chiba,3,1662,102.03189830508468,0.005228334781034697,0.011533641851991325,Lower Volume / High Value
Perth super Highwaist tights,1,1662,68.92501694915248,0.005228334781034697,0.007791254238522193,Lower Volume / High Value
hockey bodycon,2,1662,76.94320338983042,0.005228334781034697,0.008697626581343378,Lower Volume / High Value
Micke crew color block,11,1662,52.16766101694909,0.005228334781034697,0.005897009939249517,Lower Volume / Lower Value
Selma utility blouse,3,1661,32.35628813559314,0.005225188971900501,0.003657540879028906,Lower Volume / Lower Value
Amy Dress,3,1661,120.25747457627108,0.005225188971900501,0.013593853146203223,Lower Volume / High Value
Nara dress,2,1661,73.58825423728808,0.005225188971900501,0.008318384573698238,Lower Volume / High Value
Helena Tank 2PACK,1,1660,17.468254237288058,0.005222043162766304,0.0019746039375841944,Lower Volume / Lower Value
verona tank,9,1659,22.383186440677914,0.005218897353632107,0.0025301857576069653,Lower Volume / Lower Value
Pip,15,1658,44.62703389830499,0.0052157515444979105,0.005044620696565788,Lower Volume / Lower Value
Evelina Padded Soft Top,2,1657,39.31038983050839,0.005212605735363714,0.004443629540357687,Lower Volume / Lower Value
Fun Chenille 2p Lounge sock,3,1657,22.852322033898258,0.005212605735363714,0.0025832166430663933,Lower Volume / Lower Value
CREW 19,3,1656,51.810237288135475,0.005209459926229517,0.005856606914842256,Lower Volume / Lower Value
Topaz,4,1656,66.87299999999993,0.005209459926229517,0.007559295126137807,Lower Volume / High Value
Class Sasha mix pk,2,1656,19.633457627118574,0.005209459926229517,0.0022193575964875325,Lower Volume / Lower Value
Linda Blouse,2,1654,47.05555932203379,0.005203168307961125,0.0053191401648010235,Lower Volume / Lower Value
Durum Wrap Blouse,3,1652,65.30213559322026,0.005196876689692731,0.00738172528997085,Lower Volume / High Value
Super Skinny Lowprice,3,1652,52.841644067796494,0.005196876689692731,0.005973196693116851,Lower Volume / Lower Value
Penny sandalette,2,1652,40.1407627118643,0.005196876689692731,0.004537494533328104,Lower Volume / Lower Value
Lash como balconette,3,1651,53.47805084745751,0.005193730880558535,0.006045135841468692,Lower Volume / Lower Value
Ben Button dress,4,1650,40.19683050847449,0.005190585071424338,0.004543832412915512,Lower Volume / Lower Value
Dragon pile pea coat,1,1649,135.55283050847447,0.005187439262290141,0.015322833594976992,Lower Volume / High Value
Sasha lace off shoulder,3,1647,25.790084745762627,0.005181147644021748,0.002915300075087474,Lower Volume / Lower Value
Nettan strap dress,3,1647,36.39591525423721,0.005181147644021748,0.004114178589156764,Lower Volume / Lower Value
Charlotte Padded Soft Body,2,1647,50.08074576271177,0.005181147644021748,0.005661105937484697,Lower Volume / Lower Value
HM+ Jackie Brief HW LS,1,1647,48.808406779660984,0.005181147644021748,0.005517281286678378,Lower Volume / Lower Value
LAZER RAZER brief (1),3,1646,21.322322033898246,0.005178001834887551,0.0024102661018466044,Lower Volume / Lower Value
Nicole SL-set (J),2,1646,40.392949152542286,0.005178001834887551,0.004566001579997092,Lower Volume / Lower Value
Sheffield Sweater,3,1646,57.6568305084745,0.005178001834887551,0.006517503295070736,Lower Volume / Lower Value
Tuva LS TPP,3,1646,24.25464406779657,0.005178001834887551,0.0027417345219730247,Lower Volume / Lower Value
Eden Push Micro Valencia,3,1646,27.76479661016941,0.005178001834887551,0.0031385206539778585,Lower Volume / Lower Value
York Hairy Mock Neck,2,1645,50.87598305084734,0.0051748560257533546,0.005750999218126006,Lower Volume / Lower Value
CLEMENTINE SKIRT,2,1645,52.13572881355921,0.0051748560257533546,0.0058934003367275434,Lower Volume / Lower Value
Pierre PU,1,1645,48.37125423728803,0.0051748560257533546,0.005467865751515627,Lower Volume / Lower Value
Kim leggins,4,1644,69.93147457627109,0.005171710216619159,0.007905023775335885,Lower Volume / High Value
Jodi shirt dress w,3,1644,31.717322033898235,0.005171710216619159,0.003585312426016336,Lower Volume / Lower Value
MEGAN LS OL,3,1644,31.667423728813453,0.005171710216619159,0.0035796719430945304,Lower Volume / Lower Value
Tess Sl-set DTP (W),3,1644,36.762610169491445,0.005171710216619159,0.004155629624487329,Lower Volume / Lower Value
Cora Sweater,3,1643,46.275118644067696,0.005168564407484962,0.005230919486602217,Lower Volume / Lower Value
Lovebird short,2,1643,62.579372881355866,0.005168564407484962,0.007073945365376077,Lower Volume / High Value
Lourdes Cable Cardigan,6,1643,81.98606779661009,0.005168564407484962,0.009267669802552886,Lower Volume / High Value
Siri cardigan,5,1643,31.770050847457554,0.005168564407484962,0.003591272868397357,Lower Volume / Lower Value
JOLIEN STRAP,3,1642,27.8281864406779,0.005165418598350765,0.003145686213124443,Lower Volume / Lower Value
Perrie Acid/ CutlinesDenim TRS,2,1641,76.01954237288126,0.00516227278921657,0.008593216337693067,Lower Volume / High Value
Hazelnut Push Balconette,2,1640,40.23132203389825,0.005159126980082373,0.0045477313200982155,Lower Volume / Lower Value
Jennifer fancy,3,1640,81.70755932203384,0.005159126980082373,0.009236187324505658,Lower Volume / High Value
Dallas PU TRS,2,1639,65.83984745762706,0.005155981170948176,0.007442508007597946,Lower Volume / High Value
Cappuccino Bralette Detroit,2,1639,51.03491525423718,0.005155981170948176,0.0057689648459649115,Lower Volume / Lower Value
Karmi Cut-Out Shoulder,5,1638,40.60281355932195,0.0051528353618139795,0.004589724562177034,Lower Volume / Lower Value
Charlotte Brazilian Low 2p,3,1638,21.71040677966096,0.0051528353618139795,0.0024541350344079145,Lower Volume / Lower Value
PIXI PINNAFORE,4,1637,53.433135593220264,0.005149689552679783,0.006040058640469113,Lower Volume / Lower Value
Paris Dress,4,1636,30.587661016949077,0.005146543743545586,0.0034576160310645374,Lower Volume / Lower Value
BAE top with inner bra,3,1635,33.589372881355864,0.0051433979344113895,0.003796928247754087,Lower Volume / Lower Value
Trudy Cardigan,5,1634,34.28572881355921,0.005140252125277193,0.003875644022496688,Lower Volume / Lower Value
10p Mixed Terry,1,1634,7.023135593220227,0.005140252125277193,0.000793892223468884,Lower Volume / Lower Value
Alpaca Tunic,2,1632,106.01393220338974,0.0051339605070087994,0.01198376924929028,Lower Volume / High Value
&DENIM Skinny shaping HW.,3,1632,101.66622033898298,0.0051339605070087994,0.01149230577215509,Lower Volume / High Value
Hongkong,3,1631,54.51771186440666,0.005130814697874603,0.006162658675172267,Lower Volume / Lower Value
Fairfax HW,1,1630,66.40706779661011,0.005127668888740407,0.007506626350485521,Lower Volume / High Value
CRYSTAL soft sport tights,1,1630,36.94615254237281,0.005127668888740407,0.004176377175289026,Lower Volume / Lower Value
Jossan jersey denim,3,1630,67.40120338983046,0.005127668888740407,0.0076190030098929155,Lower Volume / High Value
Polka Jersey Blazer,8,1629,77.18408474576262,0.00512452307960621,0.00872485570610039,Lower Volume / High Value
JLO LEGGINGS,22,1628,49.81072881355922,0.005121377270472014,0.005630583337815122,Lower Volume / Lower Value
Oscar dress XMAS,2,1628,73.62057627118635,0.005121377270472014,0.008322038242493028,Lower Volume / High Value
Dolores,7,1628,44.19877966101685,0.005121377270472014,0.004996211021978435,Lower Volume / Lower Value
New York Jaquard,3,1628,55.10445762711857,0.005121377270472014,0.006228984163550988,Lower Volume / Lower Value
Strong seamless Biker,2,1628,40.1337118644067,0.005121377270472014,0.004536697508567418,Lower Volume / Lower Value
Vickan dress W SPEED,2,1628,66.25247457627113,0.005121377270472014,0.007489151199422425,Lower Volume / High Value
Peach,4,1627,58.578949152542286,0.005118231461337817,0.006621739189554646,Lower Volume / Lower Value
Leonard,1,1626,39.99545762711856,0.00511508565220362,0.004521069309113227,Lower Volume / Lower Value
Chester Button Cardigan,3,1626,53.32644067796598,0.00511508565220362,0.006027997893188963,Lower Volume / Lower Value
Flirty Cia ringpk,2,1625,15.099457627118559,0.0051119398430694235,0.0017068361887159508,Lower Volume / Lower Value
Dominique Body,3,1625,23.69038983050843,0.0051119398430694235,0.0026779514659439124,Lower Volume / Lower Value
Bianca longsleeve,3,1624,37.940033898305,0.005108794033935227,0.004288725095822836,Lower Volume / Lower Value
Wanda Shorts,4,1624,37.072016949152456,0.005108794033935227,0.0041906048336372926,Lower Volume / Lower Value
LINNIE TVP,7,1623,26.501491525423702,0.00510564822480103,0.002995717191146173,Lower Volume / Lower Value
Breezer horsebit hip,2,1622,22.718322033898257,0.005102502415666834,0.0025680693407634835,Lower Volume / Lower Value
Clemenza soft bra,2,1621,37.887050847457544,0.005099356606532638,0.004282735914568233,Lower Volume / Lower Value
Lorenzo Blouse,1,1621,58.653881355932135,0.005099356606532638,0.006630209493561878,Lower Volume / Lower Value
Kirsten M-gown (J),3,1621,77.50220338983041,0.005099356606532638,0.008760815700651783,Lower Volume / High Value
Burnie sunglasses,2,1619,18.27161016949146,0.005093064988264244,0.002065414946255244,Lower Volume / Lower Value
PACIFIC bootcut tights,2,1619,47.89338983050837,0.005093064988264244,0.005413848164729866,Lower Volume / Lower Value
Sinatra,2,1619,47.80208474576264,0.005093064988264244,0.0054035270772639235,Lower Volume / Lower Value
Cori cropped hood,8,1619,19.588050847457552,0.005093064988264244,0.0022142248336656884,Lower Volume / Lower Value
Sally Skirt,2,1619,75.87433898305076,0.005093064988264244,0.00857680260902762,Lower Volume / High Value
Herbal Hood -TVP,3,1618,40.20477966101687,0.005089919179130048,0.004544730981696194,Lower Volume / Lower Value
ENOKI SS MUSCLE JERSEY SHIRT,4,1617,38.41589830508467,0.005086773369995852,0.004342516603469748,Lower Volume / Lower Value
Buckingham cardigan,4,1617,51.703491525423615,0.005086773369995852,0.005844540419787396,Lower Volume / Lower Value
ED Nottinghill dress,5,1616,59.65672881355923,0.005083627560861655,0.006743570938370698,Lower Volume / Lower Value
Amelia,6,1615,45.43098305084737,0.0050804817517274585,0.00513549876260853,Lower Volume / Lower Value
Paloma tunic,2,1615,43.738627118644,0.0050804817517274585,0.004944195576718927,Lower Volume / Lower Value
PC Clubba,2,1614,103.12903389830501,0.005077335942593262,0.01165766158704946,Lower Volume / High Value
Kim mesh tee,2,1614,27.81384745762702,0.005077335942593262,0.0031440653406543833,Lower Volume / Lower Value
Velma Maxi,2,1614,48.1940847457626,0.005077335942593262,0.0054478385884784005,Lower Volume / Lower Value
&Denim Embrace HW Trash,4,1613,93.92005084745756,0.005074190133459065,0.010616682108142326,Lower Volume / High Value
Ellen Hipster Ch. Poppy 3p,3,1612,27.67447457627108,0.005071044324324868,0.0031283106901564286,Lower Volume / Lower Value
Straight 1,8,1612,73.96384745762704,0.005071044324324868,0.008360841469604188,Lower Volume / High Value
Norman padded softbra,2,1612,24.694728813559248,0.005071044324324868,0.0027914815121444156,Lower Volume / Lower Value
Flirty Barbarella sunglasses,3,1611,16.61311864406771,0.005067898515190672,0.001877939778326833,Lower Volume / Lower Value
SPEED Snowdrop Top GCD,2,1611,54.01157627118637,0.005067898515190672,0.006105445325644132,Lower Volume / Lower Value
Bandeau,4,1610,10.333983050847342,0.005064752706056475,0.0011681489945099084,Lower Volume / Lower Value
Columbine Push Melbourne,2,1610,36.06798305084739,0.005064752706056475,0.004077109274085087,Lower Volume / Lower Value
Charlie Sl-set (J),2,1610,16.186711864406696,0.005064752706056475,0.0018297389395541804,Lower Volume / Lower Value
COZY TÄBY,3,1610,45.1443559322033,0.005064752706056475,0.0051030985565315625,Lower Volume / Lower Value
WHEELER PARTY,2,1609,36.65144067796601,0.005061606896922278,0.004143063073032131,Lower Volume / Lower Value
Donna N-slip Print (J),5,1609,28.02277966101686,0.005061606896922278,0.0031676829469645244,Lower Volume / Lower Value
FF Begonia shirt,1,1609,77.35661016949143,0.005061606896922278,0.008744357905713509,Lower Volume / High Value
POLO PIQE,4,1609,25.88122033898302,0.005061606896922278,0.0029256020033043713,Lower Volume / Lower Value
Rudy,2,1608,44.593152542372835,0.005058461087788082,0.005040790762679693,Lower Volume / Lower Value
Kennedy dress (1),3,1608,47.31799999999989,0.005058461087788082,0.0053488063460378375,Lower Volume / Lower Value
Fancy Dress,4,1608,48.028610169491415,0.005058461087788082,0.005429133413625971,Lower Volume / Lower Value
Charlotte highwaist hipster,4,1608,26.411508474576245,0.005058461087788082,0.0029855455458228553,Lower Volume / Lower Value
The holiday,1,1606,39.232203389830424,0.005052169469519689,0.0044347913787686,Lower Volume / Lower Value
Pucchini jumpsuit,4,1606,97.16476271186434,0.005052169469519689,0.010983462940202077,Lower Volume / High Value
Blije bodycon w,2,1606,66.4375593220338,0.005052169469519689,0.007510073099390518,Lower Volume / High Value
Back Everlacing love Top,2,1605,28.562796610169443,0.0050490236603854925,0.0032287262303787715,Lower Volume / Lower Value
Sausage Shacket PU,3,1605,95.25920338983043,0.0050490236603854925,0.010768059334926144,Lower Volume / High Value
Scary Spice Swimsuit,1,1604,77.6897966101694,0.005045877851251296,0.008782021157505895,Lower Volume / High Value
Dina sweatpants,5,1604,52.15059322033887,0.005045877851251296,0.00589508060286967,Lower Volume / Lower Value
J Cream lace,2,1604,88.15564406779654,0.005045877851251296,0.009965076047780635,Lower Volume / High Value
Pour It Up Tie Tanga,1,1603,17.668728813559262,0.005042732042117099,0.0019972654973664907,Lower Volume / Lower Value
Ida HW panel jogger,2,1603,38.40161016949145,0.005042732042117099,0.004340901478774409,Lower Volume / Lower Value
SPEED LADY SKIRT,2,1603,63.53732203389825,0.005042732042117099,0.007182231525110222,Lower Volume / High Value
Theresa loafer,2,1602,65.59920338983045,0.0050395862329829025,0.0074153057057896096,Lower Volume / High Value
&DENIM Skinny RW Chic,3,1601,54.2233050847457,0.005036440423848706,0.006129379059563679,Lower Volume / Lower Value
LS Mayflower Swimsuit,1,1601,104.12128813559315,0.005036440423848706,0.011769825578792343,Lower Volume / High Value
Shaping Skinny HW,5,1601,133.5913389830508,0.005036440423848706,0.015101107437512907,Lower Volume / High Value
Guapa,2,1601,63.4221016949152,0.005036440423848706,0.00716920706760261,Lower Volume / High Value
Chris 5pk R Basic mid trunks,3,1600,63.590440677966036,0.00503329461471451,0.007188236033764068,Lower Volume / High Value
Limoncello maxi,2,1598,76.14369491525414,0.005027002996446117,0.00860725048762588,Lower Volume / High Value
ROLAND HOOD,18,1597,38.27061016949143,0.00502385718731192,0.004326093295179772,Lower Volume / Lower Value
ALOE turtleneck ls,3,1597,51.244677966101605,0.00502385718731192,0.0057926763325954235,Lower Volume / Lower Value
NEW LOGG DeLuca pull on,2,1597,48.816694915254196,0.00502385718731192,0.005518218173957168,Lower Volume / Lower Value
Piper Shirt Dress s,2,1597,51.7540847457626,0.00502385718731192,0.005850259455630324,Lower Volume / Lower Value
Stunning dress,2,1595,66.68408474576265,0.005017565569043527,0.007537940227141068,Lower Volume / High Value
MALOU CREW,3,1595,49.08483050847448,0.005017565569043527,0.005548528105962226,Lower Volume / Lower Value
Verity V-neck,4,1593,28.21071186440669,0.005011273950775134,0.0031889267223167454,Lower Volume / Lower Value
Clemenza thong,2,1593,18.90623728813552,0.005011273950775134,0.0021371529224920053,Lower Volume / Lower Value
J Toffee,2,1592,66.91979661016941,0.005008128141640937,0.0075645849948019015,Lower Volume / High Value
BIGGIE bomber,10,1592,74.14516949152532,0.005008128141640937,0.008381338034243261,Lower Volume / High Value
50 cent thong (O),3,1592,17.93410169491518,0.005008128141640937,0.002027263133611955,Lower Volume / Lower Value
Belter Highw Brazilian xcheeky,1,1592,36.617542372881275,0.005008128141640937,0.004139231223221126,Lower Volume / Lower Value
Pickles Velour Sweater,2,1592,64.70869491525417,0.005008128141640937,0.007314643011254463,Lower Volume / High Value
bap t-shirt,4,1591,52.73055932203383,0.005004982332506741,0.005960639721286188,Lower Volume / Lower Value
LUCKY JUMPSUIT-w,3,1591,51.27905084745757,0.005004982332506741,0.005796561828303788,Lower Volume / Lower Value
Cheri knitted jumper,3,1590,119.44537288135587,0.005001836523372544,0.013502053520280942,Lower Volume / High Value
Atlanta Bralette Valencia,2,1590,44.30683050847448,0.005001836523372544,0.005008425043251019,Lower Volume / Lower Value
10p Basic Terry,1,1589,4.311491525423697,0.004998690714238347,0.0004873691456121281,Lower Volume / Lower Value
Skirt Mini Trash,1,1589,52.64918644067789,0.004998690714238347,0.005951441365814865,Lower Volume / Lower Value
Pippi denim dress,3,1589,40.094542372881264,0.004998690714238347,0.004532269806110799,Lower Volume / Lower Value
VENICE longer denim,2,1589,50.82559322033889,0.004998690714238347,0.005745303173381947,Lower Volume / Lower Value
PC Kayla,3,1589,42.232644067796514,0.004998690714238347,0.004773959901090236,Lower Volume / Lower Value
Piper C&S push w straps,2,1588,26.250372881355872,0.004995544905104151,0.002967330847746231,Lower Volume / Lower Value
Ophelia L/S.,2,1587,21.345711864406727,0.004992399095969954,0.0024129100782161995,Lower Volume / Lower Value
Flirty Anna Headband 2,13,1587,18.228067796610098,0.004992399095969954,0.002060492935173005,Lower Volume / Lower Value
Mimi star coating,1,1586,32.4372372881355,0.004989253286835757,0.0036666913363775887,Lower Volume / Lower Value
Samara,2,1586,97.41781355932196,0.004989253286835757,0.01101206769904124,Lower Volume / High Value
Nettan Dress,3,1586,36.56257627118636,0.004989253286835757,0.004133017878752579,Lower Volume / Lower Value
Louis Woven Belted TRS,2,1585,38.11977966101684,0.004986107477701561,0.004309043479445696,Lower Volume / Lower Value
Liv Lace Tight LS,2,1585,34.20333898305074,0.004986107477701561,0.0038663307115310366,Lower Volume / Lower Value
Becka HW Belt Denim Shorts,2,1585,52.21289830508469,0.004986107477701561,0.005902123542822307,Lower Volume / Lower Value
Evie Cotton V-shape Brazilian,3,1585,32.873542372881246,0.004986107477701561,0.003716011075295054,Lower Volume / Lower Value
Christy Pile Jacket (1),5,1584,124.64701694915249,0.004982961668567364,0.014090045126005203,Lower Volume / High Value
Bella Cheeky Brazilian,2,1584,25.76718644067794,0.004982961668567364,0.0029127116605401457,Lower Volume / Lower Value
EDC TRISTAN DRESS,1,1584,47.20896610169482,0.004982961668567364,0.005336481201120736,Lower Volume / Lower Value
Skirt Utility,4,1583,46.157440677966,0.004979815859433168,0.0052176172199833075,Lower Volume / Lower Value
Liddy,2,1583,49.83037288135583,0.004979815859433168,0.0056328038947806,Lower Volume / Lower Value
Tutti Frutti Hipster Ch L 3p,4,1583,29.45305084745754,0.004979815859433168,0.0033293601860403307,Lower Volume / Lower Value
Coated Leggings,1,1583,39.26362711864399,0.004979815859433168,0.004438343503543404,Lower Volume / Lower Value
AW Mahmud tank,5,1582,22.154271186440628,0.0049766700502989715,0.002504309275833237,Lower Volume / Lower Value
Markus,8,1582,55.6867457627118,0.0049766700502989715,0.006294805763679556,Lower Volume / Lower Value
Oscar,2,1582,86.87528813559317,0.0049766700502989715,0.009820345164494008,Lower Volume / High Value
PAPAYA MINI SKIRT S.1,3,1582,34.59449152542366,0.0049766700502989715,0.003910546426500247,Lower Volume / Lower Value
KIM JRSY SKIRT,2,1582,25.771508474576247,0.0049766700502989715,0.002913200221391049,Lower Volume / Lower Value
FF Angelina PU trs,1,1582,74.5299152542372,0.0049766700502989715,0.008424829529598188,Lower Volume / High Value
TOOTSIE ls hood,4,1581,28.12120338983044,0.004973524241164775,0.003178808722890785,Lower Volume / Lower Value
MAX 3PK FANCY,20,1580,45.71483050847448,0.004970378432030578,0.005167584757000993,Lower Volume / Lower Value
Sidney deep V jumpsuit,2,1580,100.78555932203383,0.004970378432030578,0.01139275622999004,Lower Volume / High Value
Bandeau tank,5,1580,9.383796610169396,0.004970378432030578,0.0010607403283824871,Lower Volume / Lower Value
new carrie glove1,2,1579,21.652610169491492,0.004967232622896381,0.002447601730480151,Lower Volume / Lower Value
Bahama drama highwaist,2,1579,30.86666101694908,0.004967232622896381,0.0034891540709340286,Lower Volume / Lower Value
Lucien lace,3,1578,65.80899999999994,0.004964086813762186,0.00743902102426993,Lower Volume / High Value
SEQUINS TEE TP,29,1578,21.476830508474528,0.004964086813762186,0.002427731673285174,Lower Volume / Lower Value
Bella One Sholder Top,2,1577,38.44964406779653,0.004960941004627989,0.004346331209956604,Lower Volume / Lower Value
METS 2-p basic shorttop,3,1577,25.50055932203387,0.004960941004627989,0.002882572245851672,Lower Volume / Lower Value
Topher Leather Belt,4,1577,38.30481355932196,0.004960941004627989,0.00432995963163908,Lower Volume / Lower Value
Piper top,6,1577,29.512864406779567,0.004960941004627989,0.0033361214850318515,Lower Volume / Lower Value
ED Twenty HW paperbag trs,5,1576,57.954067796610104,0.004957795195493792,0.006551102870138551,Lower Volume / Lower Value
DORIS DECO TEE,2,1576,31.71074576271176,0.004957795195493792,0.0035845690471529973,Lower Volume / Lower Value
Gallia linen t-shirt,1,1575,33.34284745762701,0.0049546493863595956,0.003769061120003537,Lower Volume / Lower Value
Margareth leggings,1,1575,36.0947118644067,0.0049546493863595956,0.004080130687661064,Lower Volume / Lower Value
Coachella brazilian 2p,5,1575,34.01254237288125,0.0049546493863595956,0.0038447631448697856,Lower Volume / Lower Value
Capri tencel shirt dress,2,1573,91.83988135593214,0.004948357768091202,0.010381540644489899,Lower Volume / High Value
Falcon parka,8,1573,78.93742372881349,0.004948357768091202,0.008923052389799999,Lower Volume / High Value
Jones 5-pkt Slim Shorts,3,1573,44.12210169491516,0.004948357768091202,0.004987543377705938,Lower Volume / Lower Value
LS Charlie Tie Swimsuit,1,1572,101.28681355932196,0.0049452119589570055,0.011449417793145397,Lower Volume / High Value
Molly off shoulder blouse,4,1572,32.14577966101686,0.0049452119589570055,0.0036337450917025534,Lower Volume / Lower Value
Jane Blouse,2,1572,25.324525423728737,0.0049452119589570055,0.002862673449783109,Lower Volume / Lower Value
Lazer Razer Balconette,2,1572,25.763084745762637,0.0049452119589570055,0.0029122480067130083,Lower Volume / Lower Value
Bambini,2,1571,34.281288135593144,0.004942066149822809,0.0038751420501714497,Lower Volume / Lower Value
ED Bowie,3,1569,49.87747457627108,0.004935774531554416,0.005638128250092993,Lower Volume / Lower Value
V-neck straptop 3-p,2,1568,31.128491525423648,0.00493262872242022,0.0035187512788742432,Lower Volume / Lower Value
HEDDA Tank - SPEED,8,1567,9.9508813559321,0.004929482913286023,0.0011248433438708174,Lower Volume / Lower Value
Columbine Padded Soft Bra,2,1567,32.752440677966035,0.004929482913286023,0.0037023217918452376,Lower Volume / Lower Value
Seoul tote,2,1566,72.14861016949145,0.004926337104151826,0.008155647828149684,Lower Volume / High Value
Valeria body,3,1566,51.082593220338914,0.004926337104151826,0.005774354342724097,Lower Volume / Lower Value
Toya Dress,2,1565,76.93032203389821,0.00492319129501763,0.008696170478415194,Lower Volume / High Value
Paloma Heel,1,1565,65.21616949152533,0.00492319129501763,0.007372007718850136,Lower Volume / High Value
Bondi Rescue Tie Brief,2,1565,24.31074576271183,0.00492319129501763,0.0027480762334102416,Lower Volume / Lower Value
Payton tank top,3,1565,28.992152542372782,0.00492319129501763,0.003277260440084977,Lower Volume / Lower Value
Fakir,1,1565,44.90523728813549,0.00492319129501763,0.0050760686879647195,Lower Volume / Lower Value
Parrot jacquard trouser,1,1564,77.3196610169491,0.004920045485883433,0.008740181189419516,Lower Volume / High Value
Bondi Rescue Bandeau,2,1563,35.95949152542366,0.004916899676749236,0.004064845438764959,Lower Volume / Lower Value
Garden dress,3,1562,75.6469999999999,0.00491375386761504,0.008551104308270104,Lower Volume / High Value
Sizzler dress,3,1562,94.22805084745757,0.00491375386761504,0.010651498295525134,Lower Volume / High Value
Solange frill skirt,4,1560,52.8280847457626,0.004907462249346647,0.00597166395319245,Lower Volume / Lower Value
Dung pinafore,3,1560,59.70328813559315,0.004907462249346647,0.006748833984086117,Lower Volume / Lower Value
Jemima,2,1560,39.504864406779575,0.004907462249346647,0.0044656128627234325,Lower Volume / Lower Value
CSP RAJA LS,2,1560,25.435118644067728,0.004907462249346647,0.002875174859791519,Lower Volume / Lower Value
Margarita malva thong straps,3,1559,14.469016949152447,0.00490431644021245,0.0016355714459308469,Lower Volume / Lower Value
Nalle,2,1559,71.5787966101694,0.00490431644021245,0.008091236348751567,Lower Volume / High Value
Aster AG,4,1559,24.781118644067714,0.00490431644021245,0.002801246981387765,Lower Volume / Lower Value
TD Roger eller TD Poplin 29 by,4,1558,46.04905084745752,0.004901170631078254,0.005205364880212613,Lower Volume / Lower Value
Janeiro Dress,4,1558,98.79777966101689,0.004901170631078254,0.011168058472997514,Lower Volume / High Value
Bagira SP with cradle,2,1557,47.63696610169481,0.004898024821944058,0.005384862136834506,Lower Volume / Lower Value
Gainsbourg Coat,1,1556,114.68145762711859,0.004894879012809861,0.01296354259116621,Lower Volume / High Value
Cricket,2,1556,66.28405084745756,0.004894879012809861,0.0074927205675213784,Lower Volume / High Value
Rodin,2,1556,46.203830508474475,0.004894879012809861,0.00522286110644967,Lower Volume / Lower Value
Slim Straight Supreme Comfort,4,1556,121.25472881355927,0.004894879012809861,0.013706582335793235,Lower Volume / High Value
CHROME CREWNECK PROGRAM,13,1556,40.60803389830499,0.004894879012809861,0.004590314667047928,Lower Volume / Lower Value
Harvey hood,10,1555,51.095745762711786,0.0048917332036756645,0.005775841100450767,Lower Volume / Lower Value
Fine knit heaven,6,1555,43.65010169491516,0.0048917332036756645,0.004934188700937481,Lower Volume / Lower Value
NORMA PU,1,1555,62.89552542372876,0.0048917332036756645,0.007109683112638432,Lower Volume / High Value
BYRON STRUCTURE SWEATER,8,1555,60.032372881355855,0.0048917332036756645,0.006786033582051369,Lower Volume / Lower Value
FREJA,23,1555,19.55738983050842,0.0048917332036756645,0.002210758925511635,Lower Volume / Lower Value
Vivi basic beanie,12,1554,14.542864406779572,0.004888587394541468,0.001643919130744126,Lower Volume / Lower Value
DIV Peggy PU,4,1554,44.67225423728804,0.004888587394541468,0.005049732384213671,Lower Volume / Lower Value
JOEY CREW,3,1553,41.47444067796601,0.004885441585407271,0.0046882529163674485,Lower Volume / Lower Value
Badger price,15,1553,19.543084745762652,0.004885441585407271,0.0022091418848913893,Lower Volume / Lower Value
Almalfi ISW 20,3,1553,28.35089830508467,0.004885441585407271,0.0032047733372101653,Lower Volume / Lower Value
Jam solid sweater,3,1553,34.63815254237279,0.004885441585407271,0.003915481849056821,Lower Volume / Lower Value
Paula Lace L/S,3,1553,22.987593220338916,0.004885441585407271,0.002598507639737213,Lower Volume / Lower Value
Polly dress,11,1552,43.14645762711854,0.0048822957762730745,0.004877256992370448,Lower Volume / Lower Value
Anton blouse,3,1552,45.792423728813446,0.0048822957762730745,0.005176355861218386,Lower Volume / Lower Value
SKINNY HW PETRA,7,1552,48.32579661016939,0.0048822957762730745,0.005462727240919068,Lower Volume / Lower Value
Dawn magnolia thong,5,1552,11.842033898304997,0.0048822957762730745,0.0013386184129770722,Lower Volume / Lower Value
Mowgli SP Strapless Balconette,2,1552,43.62581355932193,0.0048822957762730745,0.004931443180547893,Lower Volume / Lower Value
JESSY SKIRT S.1,3,1552,36.08637288135586,0.0048822957762730745,0.004079188052607557,Lower Volume / Lower Value
Ginger Spice Top,5,1552,18.326406779660932,0.0048822957762730745,0.002071609131474734,Lower Volume / Lower Value
OP New Brazilian V-shape,4,1551,12.28879661016939,0.004879149967138878,0.0013891202775612335,Lower Volume / Lower Value
Ellaria trouser RW,2,1550,53.586423728813465,0.004876004158004681,0.006057386265314483,Lower Volume / Lower Value
Bam Bam Belted Twill TRS,2,1550,62.044593220338925,0.004876004158004681,0.007013494102757635,Lower Volume / High Value
Jingan (1),4,1550,70.2903559322033,0.004876004158004681,0.007945591569285012,Lower Volume / High Value
SKINNY Knit 79,10,1549,46.42737288135584,0.0048728583488704845,0.005248130240028355,Lower Volume / Lower Value
JOSSAN Boxy Hood (1),16,1549,21.812559322033856,0.0048728583488704845,0.002465682313813385,Lower Volume / Lower Value
Girl on fire Dress,4,1549,107.5288305084745,0.0048728583488704845,0.012155012701419264,Lower Volume / High Value
Flirty Honey necklace,3,1549,17.221389830508404,0.0048728583488704845,0.001946698491335539,Lower Volume / Lower Value
Nicolette Maxi Dress,5,1549,41.22506779661012,0.0048728583488704845,0.004660063913232783,Lower Volume / Lower Value
FF Rib rob polo,1,1548,41.84147457627108,0.004869712539736288,0.004729742270196123,Lower Volume / Lower Value
Shirt Utility Cropped,2,1548,28.76718644067794,0.004869712539736288,0.0032518303688142385,Lower Volume / Lower Value
Orlando Melbourne Push,1,1548,25.51176271186438,0.004869712539736288,0.00288383867221421,Lower Volume / Lower Value
AUTUMN STRAP,7,1548,33.321864406779554,0.004869712539736288,0.0037666892049705238,Lower Volume / Lower Value
Cora Cross,5,1548,31.823338983050746,0.004869712539736288,0.003597296536300256,Lower Volume / Lower Value
Zoë dress,5,1548,39.50242372881348,0.004869712539736288,0.00446533696953704,Lower Volume / Lower Value
Ledger set,12,1548,30.79798305084741,0.004869712539736288,0.0034813907432169316,Lower Volume / Lower Value
Superstretch Fancy denim,2,1547,66.70213559322025,0.004866566730602092,0.007539980687165426,Lower Volume / High Value
Zoo strap with buttons- w,1,1547,30.938576271186363,0.004866566730602092,0.003497283340308079,Lower Volume / Lower Value
2p OP Hipster Cheeky Low,1,1547,22.472220338983007,0.004866566730602092,0.0025402501111355755,Lower Volume / Lower Value
Coachella C&S padded wire,3,1546,46.179457627118616,0.004863420921467895,0.005220106006435564,Lower Volume / Lower Value
Parker tanktop,15,1546,20.247050847457572,0.004863420921467895,0.002288717909916566,Lower Volume / Lower Value
Demy Mockneck Dress,3,1545,32.53477966101688,0.004860275112333699,0.003677717484208763,Lower Volume / Lower Value
Anna pump,5,1545,44.21898305084737,0.004860275112333699,0.004998494804465796,Lower Volume / Lower Value
PICKUP ARTIST cheeky brief,1,1544,12.735999999999905,0.004857129303199502,0.0014396719561929404,Lower Volume / Lower Value
Day dreamer,3,1543,85.37050847457618,0.004853983494065305,0.009650245519533605,Lower Volume / High Value
SINDY sunglasses,2,1543,17.184728813559254,0.004853983494065305,0.0019425543457649358,Lower Volume / Lower Value
RR 27.1 Wrap 3/4 sleeve dress,1,1543,43.964949152542275,0.004853983494065305,0.004969778921982111,Lower Volume / Lower Value
New Nilsson,4,1543,22.674881355932165,0.004853983494065305,0.0025631588252306796,Lower Volume / Lower Value
Luna skinny,2,1543,50.07313559322022,0.004853983494065305,0.005660245687202123,Lower Volume / Lower Value
Rosario,2,1543,66.23886440677958,0.004853983494065305,0.007487612711723305,Lower Volume / High Value
charades top,2,1542,43.1214745762711,0.0048508376849311086,0.004874432919059738,Lower Volume / Lower Value
Eva Hairy Off-Shoulder,2,1542,34.95701694915246,0.0048508376849311086,0.003951526144304057,Lower Volume / Lower Value
JAKE FLANNEL TRS,10,1541,45.59813559322024,0.004847691875796912,0.005154393614026603,Lower Volume / Lower Value
Mary fancy,3,1541,21.70866101694909,0.004847691875796912,0.0024539376941426472,Lower Volume / Lower Value
Tom Lace Up Denim TRS,2,1540,44.780864406779585,0.004844546066662715,0.005062009631008139,Lower Volume / Lower Value
TULUM cutout swimsuit,3,1540,32.65566101694908,0.004844546066662715,0.003691381860634813,Lower Volume / Lower Value
Brandon,3,1539,43.75998305084738,0.0048414002575285185,0.004946609642099861,Lower Volume / Lower Value
3p wide terry,1,1539,7.143627118643952,0.0048414002575285185,0.0008075125336221068,Lower Volume / Lower Value
Selena kick flare,2,1539,37.93154237288127,0.0048414002575285185,0.004287765217445178,Lower Volume / Lower Value
Skinny HW Ankle Phoenix 14.99,3,1539,14.697796610169403,0.0048414002575285185,0.0016614326003053321,Lower Volume / Lower Value
ED Mona,3,1538,20.585135593220283,0.004838254448394322,0.0023269348640066415,Lower Volume / Lower Value
Mandy mesh,3,1538,29.733423728813484,0.004838254448394322,0.0033610534158271684,Lower Volume / Lower Value
V-Neck Strap Top Long 2-pk,1,1538,32.32679661016939,0.004838254448394322,0.003654207169693328,Lower Volume / Lower Value
Jay tech pant,11,1538,73.49696610169482,0.004838254448394322,0.008308065402157193,Lower Volume / High Value
Eden lotus bikini,3,1538,12.125627118643978,0.004838254448394322,0.0013706756684959541,Lower Volume / Lower Value
Stephanie LS,7,1537,29.64306779661007,0.004835108639260125,0.003350839620155927,Lower Volume / Lower Value
MICHELLE SHIRT 3/4 S.1,3,1537,29.09608474576264,0.004835108639260125,0.0032890088916055263,Lower Volume / Lower Value
illia jumpsuit,2,1537,50.35540677966096,0.004835108639260125,0.005692153500578383,Lower Volume / Lower Value
Beast padded soft bra,1,1537,36.23366101694907,0.004835108639260125,0.00409583744003638,Lower Volume / Lower Value
Biker pinafore Dress,3,1536,70.65205084745756,0.004831962830125929,0.007986477406768458,Lower Volume / High Value
Bra Extender,1,1536,14.4193559322033,0.004831962830125929,0.001629957785957723,Lower Volume / Lower Value
Clemenza Push Balboa (1),2,1536,37.20676271186433,0.004831962830125929,0.004205836436636045,Lower Volume / Lower Value
Alexia,2,1536,58.155423728813496,0.004831962830125929,0.006573864058015929,Lower Volume / Lower Value
Christian solid sunglasses,1,1536,22.602152542372842,0.004831962830125929,0.0025549375914611645,Lower Volume / Lower Value
Chiara,1,1535,24.01832203389827,0.004828817020991733,0.002715020781015592,Lower Volume / Lower Value
Anglaise wide side thong,3,1535,18.22038983050841,0.004828817020991733,0.002059625021190813,Lower Volume / Lower Value
Classic Penny SS Phone case,3,1535,14.830220338982965,0.004828817020991733,0.00167640172159203,Lower Volume / Lower Value
Pretty Tee,5,1534,30.955457627118545,0.004825671211857537,0.003499191601513957,Lower Volume / Lower Value
CSP BROWN BODY OL,2,1533,37.97845762711856,0.00482252540272334,0.004293068497583611,Lower Volume / Lower Value
Twiggy,6,1532,50.59471186440671,0.0048193795935891435,0.005719204444319183,Lower Volume / Lower Value
Jolanta highleg brazilian LT,3,1532,24.86142372881353,0.0048193795935891435,0.002810324633590046,Lower Volume / Lower Value
HARLEY 2 p,17,1531,20.381966101694868,0.004816233784454947,0.002303968672164374,Lower Volume / Lower Value
Barley,1,1530,71.0224237288135,0.00481308797532075,0.008028344197803516,Lower Volume / High Value
SPEED Kash Dress,3,1530,35.482186440677886,0.00481308797532075,0.004010891077501078,Lower Volume / Lower Value
2p Op hipster reg mid,1,1529,20.370050847457577,0.0048099421661865534,0.0023026217769558047,Lower Volume / Lower Value
Manatee Wrap LS,2,1529,48.04530508474565,0.0048099421661865534,0.005431020599657892,Lower Volume / Lower Value
RR 41 3/4 Side stripe dress,2,1529,47.041627118644,0.0048099421661865534,0.005317565274528704,Lower Volume / Lower Value
Embrace S.Skinny Ankle HW,5,1529,101.95335593220331,0.0048099421661865534,0.01152476345597922,Lower Volume / High Value
Noel denim dress,3,1529,97.12820338983043,0.0048099421661865534,0.010979330290180904,Lower Volume / High Value
Joakim OTS blouse,4,1528,19.031271186440605,0.004806796357052357,0.0021512867005199035,Lower Volume / Lower Value
Hollie offshoulder Jumper,4,1527,56.167762711864334,0.00480365054791816,0.0063491797124977396,Lower Volume / Lower Value
Andy Bikini Clover Mid,5,1526,15.93015254237281,0.004800504738783963,0.0018007375842595773,Lower Volume / Lower Value
LIME STRAP,6,1526,9.979220338982955,0.004800504738783963,0.00112804677031282,Lower Volume / Lower Value
FF Eucalyptus dress,1,1525,76.22281355932196,0.004797358929649767,0.008616194025084772,Lower Volume / High Value
Scott tee,5,1523,67.57549152542364,0.004791067311381374,0.0076387044656962035,Lower Volume / High Value
Cool Mia hoop pk,2,1522,24.26250847457624,0.0047879215022471775,0.0027426235111291794,Lower Volume / Lower Value
Harry Push Bra,1,1522,27.566305084745704,0.0047879215022471775,0.0031160832574095116,Lower Volume / Lower Value
Carola Thong micro (maple) 3p,2,1522,22.737728813559283,0.0047879215022471775,0.002570263074780286,Lower Volume / Lower Value
Nelia rib tank,5,1520,20.110440677966047,0.004781629883978784,0.0022732755551782093,Lower Volume / Lower Value
H2 Flores skirt,1,1520,86.19608474576265,0.004781629883978784,0.00974356830575577,Lower Volume / High Value
Macciato Hipster,3,1520,16.023084745762652,0.004781629883978784,0.0018112426005164534,Lower Volume / Lower Value
Kattis cat sunglasses,3,1520,15.150711864406702,0.004781629883978784,0.0017126299456301937,Lower Volume / Lower Value
Lyla lace thong,7,1520,11.41703389830499,0.004781629883978784,0.001290576595971575,Lower Volume / Lower Value
Sienna biker,7,1520,103.75225423728807,0.004781629883978784,0.011728110145824821,Lower Volume / High Value
Freja roll up,5,1519,24.891288135593125,0.0047784840748445875,0.0028137004932735354,Lower Volume / Lower Value
Panda dress J,5,1517,14.473152542372796,0.004772192456576194,0.001636038931607791,Lower Volume / Lower Value
Long leggings(1),1,1517,24.42447457627116,0.004772192456576194,0.0027609320895261697,Lower Volume / Lower Value
Malin Zip dress,3,1516,37.70364406779653,0.0047690466474419975,0.004262003691165781,Lower Volume / Lower Value
SF Michelle dress,1,1516,69.05537288135584,0.0047690466474419975,0.007805989616970417,Lower Volume / High Value
TINDRA sport sock,2,1516,18.937203389830447,0.0047690466474419975,0.002140653317294361,Lower Volume / Lower Value
Giselle thong 5-pack,3,1516,36.37154237288128,0.0047690466474419975,0.00411142348914265,Lower Volume / Lower Value
Era lace,3,1515,55.32499999999992,0.004765900838307801,0.006253914178421396,Lower Volume / Lower Value
J rintintin,1,1514,49.5327627118643,0.004762755029173604,0.005599162169364867,Lower Volume / Lower Value
Gwyneth Coat,6,1514,106.67967796610162,0.004762755029173604,0.012059024863653546,Lower Volume / High Value
PE BRITTA BO,6,1513,64.16515254237284,0.004759609220039408,0.007253201215459878,Lower Volume / High Value
Case tote,4,1513,65.24386440677955,0.004759609220039408,0.0073751383401457265,Lower Volume / High Value
SKINNY 5-Pkt basic 89,9,1513,42.30550847457618,0.004759609220039408,0.004782196462258994,Lower Volume / Lower Value
Ohio,1,1512,46.977305084745666,0.004756463410905212,0.005310294339512316,Lower Volume / Lower Value
Skirt Pencil Stretch,4,1512,71.42055932203381,0.004756463410905212,0.008073349273833788,Lower Volume / High Value
Anton,3,1511,24.39147457627116,0.004753317601771015,0.002757201783735155,Lower Volume / Lower Value
Sally,3,1511,78.9513050847457,0.004753317601771015,0.008924621532297608,Lower Volume / High Value
Lou Bikini,3,1511,11.81050847457618,0.004753317601771015,0.0013350547926528357,Lower Volume / Lower Value
LOUISE basic tee,2,1510,28.585711864406697,0.004750171792636819,0.003231316560851008,Lower Volume / Lower Value
Nilsson Top,11,1510,14.299050847457544,0.004750171792636819,0.0016163585509784608,Lower Volume / Lower Value
Selena sock sneaker,5,1510,59.61594915254231,0.004750171792636819,0.00673896122304806,Lower Volume / Lower Value
RONDA LACE,4,1509,23.62222033898302,0.004747025983502622,0.002670245615973979,Lower Volume / Lower Value
Barley 2 col mesh,2,1509,27.367288135593135,0.004747025983502622,0.0030935864671690883,Lower Volume / Lower Value
Stacey funnelneck dress,2,1509,88.95254237288128,0.004747025983502622,0.010055157089062685,Lower Volume / High Value
DALIA SHIRT,3,1509,44.59396610169482,0.004747025983502622,0.005040882727075151,Lower Volume / Lower Value
Sophie Culotte Trs (W),5,1509,33.26577966101688,0.004747025983502622,0.003760349409458217,Lower Volume / Lower Value
Donna blazer,3,1509,82.22352542372873,0.004747025983502622,0.009294511910478987,Lower Volume / High Value
Luna keyhole dress,4,1508,23.99296610169489,0.004743880174368426,0.00271215455735696,Lower Volume / Lower Value
Donna linen blazer,1,1508,50.51725423728804,0.004743880174368426,0.00571044866750103,Lower Volume / Lower Value
Singapore,4,1507,63.14003389830503,0.004740734365234229,0.007137322245325223,Lower Volume / High Value
ONYX EMB FRILL TEE,2,1507,36.444372881355854,0.004740734365234229,0.004119656218461598,Lower Volume / Lower Value
Flirty Metal Stripe Phone case,5,1506,16.89611864406773,0.004737588556100032,0.001909929976474025,Lower Volume / Lower Value
Mariah fancy dobby,2,1506,49.739152542372786,0.004737588556100032,0.005622492386939182,Lower Volume / Lower Value
Mash jumpsuit,1,1506,84.32942372881352,0.004737588556100032,0.009532561748137974,Lower Volume / High Value
Cosy 1p Lounge sock,5,1505,20.337406779660967,0.004734442746965836,0.0022989317055878053,Lower Volume / Lower Value
Manacor,5,1504,72.58381355932197,0.004731296937831639,0.008204843031948296,Lower Volume / High Value
Anni oversize hoodie,4,1503,32.04628813559311,0.004728151128697442,0.0036224986125072468,Lower Volume / Lower Value
MONIQUE BODY,2,1503,31.519322033898234,0.004728151128697442,0.0035629305912702465,Lower Volume / Lower Value
ROBIE ISW 19,4,1502,18.668152542372823,0.004725005319563246,0.0021102399253444012,Lower Volume / Lower Value
Long scarf scrunchie,8,1502,15.60313559322027,0.004725005319563246,0.0017637717291327957,Lower Volume / Lower Value
Klint slipper,3,1502,18.496898305084684,0.004725005319563246,0.002090881420099195,Lower Volume / Lower Value
Robin 3pk R basic short trunk,3,1500,35.916949152542294,0.004718713701294852,0.004060036467252145,Lower Volume / Lower Value
Eve Cardigan,1,1500,48.41774576271176,0.004718713701294852,0.005473121133531423,Lower Volume / Lower Value
Bree Bandana 3,17,1500,19.607966101694863,0.004718713701294852,0.002216476045429657,Lower Volume / Lower Value
Slim Midprice Button Fly,4,1499,65.6575932203389,0.0047155678921606565,0.007421906067089065,Lower Volume / High Value
Hallie Shorts,6,1499,29.1663898305084,0.0047155678921606565,0.003296956148113554,Lower Volume / Lower Value
Edgar tunic,2,1499,66.82262711864398,0.0047155678921606565,0.007553600997318649,Lower Volume / High Value
Skirt Mini(1),1,1499,53.977542372881295,0.0047155678921606565,0.006101598148433882,Lower Volume / Lower Value
S Party One Shoulder Top,1,1498,41.248355932203346,0.00471242208302646,0.004662696394052945,Lower Volume / Lower Value
Nightshade shorts (1),4,1498,36.07032203389822,0.00471242208302646,0.004077373671722044,Lower Volume / Lower Value
APOLLO HW SEAMLESS CROPPED,2,1497,39.97630508474567,0.004709276273892263,0.004518904313970008,Lower Volume / Lower Value
Smuk Top,3,1497,54.807576271186385,0.004709276273892263,0.0061954248229061926,Lower Volume / Lower Value
Sally Multi Structure,2,1496,45.830932203389736,0.0047061304647580664,0.005180708842603692,Lower Volume / Lower Value
TANGA TWIST PARTY,2,1496,24.948525423728736,0.0047061304647580664,0.0028201705716794224,Lower Volume / Lower Value
Jessie Jumpsuit,2,1495,46.789559322033796,0.00470298465562387,0.005289071639334055,Lower Volume / Lower Value
Noven Shelltop,3,1495,86.39840677966095,0.00470298465562387,0.009766438701352763,Lower Volume / High Value
Lily utility HW,2,1495,29.921983050847402,0.00470298465562387,0.0033823680804008958,Lower Volume / Lower Value
Maui Padded Swimsuit,1,1494,55.03740677966095,0.004699838846489673,0.006221404764624816,Lower Volume / Lower Value
Leia Dress,2,1494,69.14866101694906,0.004699838846489673,0.007816534867650307,Lower Volume / High Value
Dita Slip Dress,2,1493,36.62405084745755,0.004696693037355476,0.0041399669383848405,Lower Volume / Lower Value
Cissi 2-pack SS,4,1492,35.67530508474569,0.00469354722822128,0.004032721125874384,Lower Volume / Lower Value
ED Johnny Top.,2,1492,23.408033898305057,0.00469354722822128,0.0026460340729431335,Lower Volume / Lower Value
SPEED Afternoon dress GDC,1,1492,65.28676271186431,0.00469354722822128,0.007379987546081557,Lower Volume / High Value
Han sleeve,3,1491,97.30316949152535,0.004690401419087084,0.010999108382980417,Lower Volume / High Value
Jacket Trucker,3,1491,103.22140677966095,0.004690401419087084,0.011668103377784456,Lower Volume / High Value
Spring trousers,3,1491,77.98266101694907,0.004690401419087084,0.008815126423948088,Lower Volume / High Value
Meg Dress_,2,1491,38.7821525423728,0.004690401419087084,0.00438391782475277,Lower Volume / Lower Value
SUPREME +,11,1490,34.85311864406772,0.004687255609952887,0.003939781524633322,Lower Volume / Lower Value
ESSENTIAL JORDAN TSHIRT TVP,3,1488,24.438677966101668,0.004680963991684494,0.0027625376345969815,Lower Volume / Lower Value
Alisha blouse,3,1487,31.769864406779597,0.004677818182550297,0.0035912517932233977,Lower Volume / Lower Value
Danila,2,1487,73.6017966101694,0.004677818182550297,0.00831991539769773,Lower Volume / High Value
Cardamom Brazilian Tie Bottom,2,1487,16.940118644067727,0.004677818182550297,0.0019149037175287113,Lower Volume / Lower Value
Frenchy Padded Bra,2,1486,32.177491525423655,0.004674672373416101,0.0036373297872007524,Lower Volume / Lower Value
Oui dress,2,1486,69.96674576271178,0.004674672373416101,0.00790901081506424,Lower Volume / High Value
SPEED 2 AVA BLOUSE,2,1486,41.576288135593174,0.004674672373416101,0.004699765709124624,Lower Volume / Lower Value
Fleet price hood,8,1486,22.694779661016913,0.004674672373416101,0.0025654081210697405,Lower Volume / Lower Value
Lauren dress,5,1486,51.61506779661011,0.004674672373416101,0.005834545039555392,Lower Volume / Lower Value
Frank wrap top,3,1486,36.775525423728716,0.004674672373416101,0.004157089559265321,Lower Volume / Lower Value
Farin HW Woven Shorts,5,1485,15.81305084745755,0.004671526564281905,0.0017875004590874538,Lower Volume / Lower Value
HM+ Mindy tank top,2,1485,33.81679661016942,0.004671526564281905,0.003822636128136131,Lower Volume / Lower Value
Charlotte Padded Milano Cradle,1,1485,31.16940677966095,0.004671526564281905,0.0035233763215961294,Lower Volume / Lower Value
Lawrence socks 5 pack,6,1485,24.114745762711838,0.004671526564281905,0.0027259204778030018,Lower Volume / Lower Value
Diana,9,1485,89.87701694915245,0.004671526564281905,0.010159659297108457,Lower Volume / High Value
Janet LL PJ (W),3,1485,42.20667796610162,0.004671526564281905,0.004771024704135007,Lower Volume / Lower Value
Blondie hairy off-shoulder,2,1485,37.16630508474567,0.004671526564281905,0.004201263123886607,Lower Volume / Lower Value
PQ/PU Feminin Crossbag,4,1484,70.4725932203389,0.004668380755147708,0.007966191593868984,Lower Volume / High Value
One dance,5,1484,108.86384745762706,0.004668380755147708,0.012305922442526143,Lower Volume / High Value
Carina dress,3,1483,23.390084745762643,0.004665234946013511,0.002644005108468201,Lower Volume / Lower Value
ZUPI HW biker.,1,1483,23.89054237288133,0.004665234946013511,0.0027005766231530033,Lower Volume / Lower Value
OL SOUTH PQ sneaker,4,1482,48.57174576271178,0.004662089136879315,0.005490529227222828,Lower Volume / Lower Value
Lemon ls,2,1482,24.80530508474567,0.004662089136879315,0.002803981006227917,Lower Volume / Lower Value
Rose dress,7,1481,82.57352542372874,0.004658943327745118,0.009334075759777632,Lower Volume / High Value
Heavy plain Overknee 1p Tights,1,1481,17.795966101694855,0.004658943327745118,0.002011648345632104,Lower Volume / Lower Value
MELROSE BLOUSE,3,1481,45.4116779661016,0.004658943327745118,0.005133316524141161,Lower Volume / Lower Value
Joel basic shorts zipped,12,1480,45.75889830508464,0.004655797518610921,0.005172566161755301,Lower Volume / Lower Value
Cher skirt,2,1479,65.00801694915246,0.004652651709476725,0.007348478245085651,Lower Volume / High Value
Culotte HW Ankle,4,1479,70.36508474576262,0.004652651709476725,0.007954038882193377,Lower Volume / High Value
STAR LACE STRAP,2,1478,17.358491525423666,0.004649505900342528,0.0019621964078961568,Lower Volume / Lower Value
Hills PU skirt,1,1478,47.878203389830404,0.004649505900342528,0.005412131496014536,Lower Volume / Lower Value
1 - PACK,15,1478,12.329423728813468,0.004649505900342528,0.0013937127495597264,Lower Volume / Lower Value
Hal shorts,9,1477,20.876627118644024,0.004646360091208331,0.0023598849405314895,Lower Volume / Lower Value
Abigail,2,1477,22.38674576271183,0.004646360091208331,0.002530588101837123,Lower Volume / Lower Value
Metal LS Top,2,1476,20.165898305084674,0.0046432142820741346,0.0022795444614690146,Lower Volume / Lower Value
FREDDIE JOGGERS,2,1476,47.44166101694904,0.0046432142820741346,0.0053627849341483895,Lower Volume / Lower Value
Tessa espadrille,1,1476,49.61272881355925,0.0046432142820741346,0.005608201503069035,Lower Volume / Lower Value
Alison utility dress,1,1476,47.04423728813549,0.0046432142820741346,0.005317860326964148,Lower Volume / Lower Value
Ally dress,2,1475,87.10777966101688,0.004640068472939939,0.009846625906422796,Lower Volume / High Value
Margarita Mynta Tanga Tie,3,1475,18.6965423728813,0.004640068472939939,0.0021134490995611196,Lower Volume / Lower Value
Gigi body,3,1474,63.39996610169484,0.004636922663805742,0.00716670486967602,Lower Volume / High Value
GINNY SHIRT,3,1473,26.51525423728806,0.004633776854671545,0.0029972729221694363,Lower Volume / Lower Value
Ricky,1,1473,47.30957627118635,0.004633776854671545,0.005347854131359805,Lower Volume / Lower Value
SECTION SPEED: Juno,2,1472,64.8849152542372,0.004630631045537349,0.007334562882496978,Lower Volume / High Value
Glassig espadrill,3,1472,21.547677966101656,0.004630631045537349,0.002435740239390179,Lower Volume / Lower Value
ALYSSA TEE OL,2,1471,31.362508474576167,0.004627485236403152,0.0035452044540445252,Lower Volume / Lower Value
Spencer padded 2pk,10,1471,66.3459152542372,0.004627485236403152,0.007499713693426461,Lower Volume / High Value
Flirty Sassa earring,2,1470,11.857559322033808,0.004624339427268956,0.001340373400190513,Lower Volume / Lower Value
Heaven shaping bra,3,1470,43.3902372881355,0.004624339427268956,0.004904813740286304,Lower Volume / Lower Value
Olga bag,3,1470,35.2077966101694,0.004624339427268956,0.003979874169205884,Lower Volume / Lower Value
+ Spanx Alot Swimsuite,4,1469,58.746033898305,0.0046211936181347595,0.006640626377273098,Lower Volume / Lower Value
Smedby v-neck blouse,3,1469,52.332288135593146,0.0046211936181347595,0.005915619317856669,Lower Volume / Lower Value
Evie Long Padded Softbra,2,1469,39.04932203389827,0.0046211936181347595,0.0044141185490382245,Lower Volume / Lower Value
DORIS CREW,2,1469,59.97032203389821,0.0046211936181347595,0.00677901938097232,Lower Volume / Lower Value
Stork SS,4,1469,12.955440677966017,0.0046211936181347595,0.0014644774359444934,Lower Volume / Lower Value
Yani Wideleg,3,1468,31.59645762711856,0.004618047809000563,0.0035716499655151905,Lower Volume / Lower Value
Malta jogger,2,1468,64.28638983050838,0.004618047809000563,0.0072669058263089385,Lower Volume / High Value
Mariette.,4,1467,36.62266101694909,0.004614901999866366,0.00413980983254259,Lower Volume / Lower Value
Tail tee,8,1467,21.55537288135587,0.004614901999866366,0.002436610069297275,Lower Volume / Lower Value
Johnny knitted jumper,4,1466,81.37422033898298,0.0046117561907321695,0.009198506829389122,Lower Volume / High Value
OL SABINA PQ sandal,4,1466,62.59644067796605,0.0046117561907321695,0.007075874701755919,Lower Volume / High Value
Shiny becca,2,1466,84.37872881355923,0.0046117561907321695,0.009538135173688076,Lower Volume / High Value
KAT PINNAFORE,2,1465,68.54937288135584,0.004608610381597973,0.007748791594841519,Lower Volume / High Value
SOPHIA CROPPED MESH TIGHTS,3,1465,55.5580677966101,0.004608610381597973,0.006280260061796975,Lower Volume / Lower Value
RUBY LINEN DRESS,3,1464,43.37594915254229,0.004605464572463776,0.0049031986155909655,Lower Volume / Lower Value
Spice Girl 3 p Hipster,2,1463,28.799220338982963,0.0046023187633295794,0.0032554514668856334,Lower Volume / Lower Value
Andrew,1,1462,24.28152542372879,0.004599172954195384,0.002744773178873155,Lower Volume / Lower Value
Sassy dress j,2,1461,30.124101694915197,0.004596027145061187,0.003405215484899023,Lower Volume / Lower Value
Kanin Blanket,2,1460,23.82430508474569,0.00459288133592699,0.0026930891886222906,Lower Volume / Lower Value
SPEED Frosty dress,2,1460,89.87733898305078,0.00459288133592699,0.010159695699681665,Lower Volume / High Value
Jan poplin shirt,2,1460,38.26930508474567,0.00459288133592699,0.004325945768962048,Lower Volume / Lower Value
Tuss,4,1460,63.38840677966095,0.00459288133592699,0.007165398208890468,Lower Volume / High Value
Mulan Belted Cardigan,4,1460,67.99462711864399,0.00459288133592699,0.007686083372684395,Lower Volume / High Value
DeLuca pull on TVP RW TVP,6,1460,57.313220338982994,0.00459288133592699,0.00647866174946147,Lower Volume / Lower Value
Mama 20 den 2p Tights concious,3,1460,16.26906779661011,0.00459288133592699,0.0018390484186700236,Lower Volume / Lower Value
Fake Snake 1p Leggings,1,1460,54.88383050847452,0.00459288133592699,0.006204044569056052,Lower Volume / Lower Value
Anna,2,1459,64.77084745762704,0.004589735526792794,0.007321668707882941,Lower Volume / High Value
Bradshaw f&f dress,2,1459,54.008305084745714,0.004589735526792794,0.006105075552137371,Lower Volume / Lower Value
PANDA DRESS,2,1459,19.470186440677917,0.004589735526792794,0.002200901491872821,Lower Volume / Lower Value
Princeton shirt TP,19,1458,29.507932203389732,0.004586589717658597,0.0033355639508843493,Lower Volume / Lower Value
Coco Sweater,3,1458,45.43833898305075,0.004586589717658597,0.005136330274017517,Lower Volume / Lower Value
FF Jade shirt PI,1,1458,71.39057627118635,0.004586589717658597,0.00806996000267595,Lower Volume / High Value
Voyeur Padded Swimsuit,1,1458,58.79327118644063,0.004586589717658597,0.006645966059984739,Lower Volume / Lower Value
Candice,4,1457,26.064999999999923,0.0045834439085244,0.002946376377054739,Lower Volume / Lower Value
Lumiere softbra straps,2,1457,23.63320338983045,0.0045834439085244,0.002671487135312742,Lower Volume / Lower Value
Henrik c-neck,9,1457,40.62844067796601,0.0045834439085244,0.004592621440634155,Lower Volume / Lower Value
CLEO Shirtdress,7,1456,28.046440677966032,0.0045802980993902035,0.003170357578132609,Lower Volume / Lower Value
Cindy cropped top,2,1456,24.308949152542354,0.0045802980993902035,0.00274787314537026,Lower Volume / Lower Value
Paros Inbuilt Bra Tank,2,1455,36.25859322033891,0.004577152290256007,0.004098655765572377,Lower Volume / Lower Value
Dorothy dress,4,1455,76.7602711864406,0.004577152290256007,0.008676948003838282,Lower Volume / High Value
Mary Hornbutton LS,2,1455,30.99927118644061,0.004577152290256007,0.003504144267394687,Lower Volume / Lower Value
Phoebe Cardigan SPEED,3,1454,18.213830508474523,0.00457400648112181,0.0020588835582523845,Lower Volume / Lower Value
GREY Zero Tee,12,1454,23.522983050847433,0.00457400648112181,0.0026590278756522577,Lower Volume / Lower Value
Oslo dress,5,1454,79.6791525423728,0.00457400648112181,0.009006897095514636,Lower Volume / High Value
Nena Sandal,3,1454,39.287203389830424,0.00457400648112181,0.004441008555086959,Lower Volume / Lower Value
MY,44,1453,11.722372881355847,0.0045708606719876135,0.0013250919831442188,Lower Volume / Lower Value
ENERGY ribbed tight tank,1,1453,23.08703389830505,0.0045708606719876135,0.0026097483711578053,Lower Volume / Lower Value
Flirty Roslyne necklace,2,1452,18.773898305084696,0.004567714862853418,0.0021221933808298374,Lower Volume / Lower Value
JILLY TANK S.8,3,1450,18.436983050847402,0.004561423244585024,0.0020841086255582414,Lower Volume / Lower Value
Waverly hoodie,3,1450,57.909084745762655,0.004561423244585024,0.006546018005439346,Lower Volume / Lower Value
Lauren padded bra,9,1449,39.30128813559319,0.004558277435450828,0.004442600688683437,Lower Volume / Lower Value
Mike Slim Jogger,5,1448,58.419474576271135,0.004555131626316632,0.006603712252118769,Lower Volume / Lower Value
ED Kalinda trouser,4,1448,41.79593220338974,0.004555131626316632,0.004724594179975036,Lower Volume / Lower Value
S Lidon Long Bandeau Top,2,1447,35.049966101694835,0.004551985817182435,0.003962033076485838,Lower Volume / Lower Value
Peach parka,4,1447,44.835610169491446,0.004551985817182435,0.005068198068452915,Lower Volume / Lower Value
Skinny  RW Ankle Milo Zip,3,1446,52.97245762711856,0.0045488400080482385,0.0059879838015375305,Lower Volume / Lower Value
Santiago espadrille,3,1445,52.555457627118585,0.004545694198914042,0.005940846301087434,Lower Volume / Lower Value
Dreams,2,1445,69.78152542372872,0.004545694198914042,0.007888073587696897,Lower Volume / High Value
slytherin single breasted,6,1444,198.9749491525423,0.004542548389779845,0.02249204257850452,Lower Volume / High Value
Sirap tee,2,1444,21.639084745762673,0.004542548389779845,0.0024460728224055587,Lower Volume / Lower Value
BRADLEY SLIM LS HENLEY,8,1444,23.520152542372855,0.004542548389779845,0.0026587079161930387,Lower Volume / Lower Value
Tua 2p kneehigh,2,1444,15.368881355932148,0.004542548389779845,0.0017372917310138356,Lower Volume / Lower Value
Flirty Flower ringpk,3,1444,18.054508474576217,0.004542548389779845,0.0020408738641406526,Lower Volume / Lower Value
Embrace S.Skinny HW Trash,6,1444,95.38442372881349,0.004542548389779845,0.010782214188128005,Lower Volume / High Value
Clash HW PU,2,1443,68.65828813559314,0.004539402580645648,0.007761103328284286,Lower Volume / High Value
Unit puffer,7,1443,77.7494237288135,0.004539402580645648,0.00878876138132346,Lower Volume / High Value
Willa,2,1443,29.44447457627112,0.004539402580645648,0.003328390728038148,Lower Volume / Lower Value
W ED TEQUILA SHORTS EQ,6,1443,23.004796610169468,0.004539402580645648,0.0026004523035163037,Lower Volume / Lower Value
Mel Drawstring Tee,2,1443,20.60152542372875,0.004539402580645648,0.0023287875633902625,Lower Volume / Lower Value
Maja Printed,8,1442,29.508389830508406,0.004536256771511452,0.003335615680856801,Lower Volume / Lower Value
Drogba tencel tunic,2,1442,75.2589322033898,0.004536256771511452,0.008507237291633706,Lower Volume / High Value
Olive tank,2,1442,21.9482542372881,0.004536256771511452,0.0024810212086068457,Lower Volume / Lower Value
Irma SL-set print (J),2,1442,24.34608474576265,0.004536256771511452,0.0027520709368382126,Lower Volume / Lower Value
High waist 100den 1p,1,1442,17.48845762711859,0.004536256771511452,0.001976887720071557,Lower Volume / Lower Value
Kim dungaree W,4,1441,64.46881355932194,0.004533110962377255,0.0072875269260668715,Lower Volume / High Value
Harrier slim fit V-neck,3,1441,34.44722033898298,0.004533110962377255,0.0038938989549963283,Lower Volume / Lower Value
Colette cropped pants,7,1440,24.456932203389776,0.004529965153243058,0.0027646010857202055,Lower Volume / Lower Value
&DENIM Skinny RW Chic(1),3,1440,69.84761016949145,0.004529965153243058,0.007895543778903457,Lower Volume / High Value
Oprah Push Balconette Ferrara,2,1440,30.54254237288132,0.004529965153243058,0.0034525158389660925,Lower Volume / Lower Value
Daiquiri,5,1440,29.554033898305033,0.004529965153243058,0.0033407752666273233,Lower Volume / Lower Value
Shanghai CN,2,1440,23.848627118644046,0.004529965153243058,0.0026958385408616943,Lower Volume / Lower Value
Dragonfly,16,1439,27.490203389830413,0.004526819344108863,0.0031074807545837975,Lower Volume / Lower Value
Class Caia necklace,2,1439,11.448525423728725,0.004526819344108863,0.0012941363844460008,Lower Volume / Lower Value
Benny Slipper,4,1439,15.703881355932133,0.004526819344108863,0.0017751599867711076,Lower Volume / Lower Value
BIBBI TOP,2,1436,18.22716949152537,0.0045173819167062725,0.0020603913911530158,Lower Volume / Lower Value
Thai dress w SPEED,4,1436,43.80503389830499,0.0045173819167062725,0.004951702170498687,Lower Volume / Lower Value
Lorna (1),1,1435,51.485966101694856,0.004514236107572076,0.005819951439550173,Lower Volume / Lower Value
PQ Alessa sunglasses,3,1435,88.56815254237281,0.004514236107572076,0.010011705828130777,Lower Volume / High Value
Missy wide trouser,1,1435,89.21566101694908,0.004514236107572076,0.010084899907295719,Lower Volume / High Value
Straight 5pkt Lowprice,3,1435,45.82762711864397,0.004514236107572076,0.005180335237247118,Lower Volume / Lower Value
Cavalier crepe lace back,3,1433,44.25062711864397,0.0045079444893036825,0.00500207183626437,Lower Volume / Lower Value
Mama Support 70 den 1p Tights,1,1433,26.115864406779583,0.0045079444893036825,0.002952126067696155,Lower Volume / Lower Value
Ally trousers,12,1431,42.02832203389821,0.004501652871035289,0.004750863426354393,Lower Volume / Lower Value
Skinny HW ankle Utility,2,1431,58.65979661016941,0.004501652871035289,0.006630878151353897,Lower Volume / Lower Value
All in sweater,6,1430,25.19391525423721,0.0044985070619010924,0.0028479093324613,Lower Volume / Lower Value
PIXI PINNAFORE NEW,3,1429,62.28128813559314,0.004495361252766896,0.0070402499940629875,Lower Volume / High Value
bounce seamless tee,2,1429,34.19745762711857,0.004495361252766896,0.00386566588558883,Lower Volume / Lower Value
Pasadena padded softbra,2,1429,34.759627118644,0.004495361252766896,0.003929213282854566,Lower Volume / Lower Value
Empire HW wide leg denim,2,1429,92.1473898305084,0.004495361252766896,0.010416301270050445,Lower Volume / High Value
DIV Nora cardigan,3,1428,81.8940677966101,0.0044922154436327,0.009257270162165815,Lower Volume / High Value
BILL HENLEY 2 PK,7,1428,36.70088135593214,0.0044922154436327,0.004148651825981488,Lower Volume / Lower Value
September Micro Push w. Straps,1,1428,38.42523728813556,0.0044922154436327,0.004343572278092686,Lower Volume / Lower Value
Nat ls linnen mix solid,6,1428,46.35028813559315,0.0044922154436327,0.005239416613558128,Lower Volume / Lower Value
Adhesive lacing bra 1 (1),1,1428,34.84508474576264,0.0044922154436327,0.0039388733762281145,Lower Volume / Lower Value
Valentina Rem Pad Body LS,1,1427,67.29918644067789,0.004489069634498503,0.007607471057886688,Lower Volume / High Value
Parrot dress,2,1427,69.2863389830508,0.004489069634498503,0.007832097925657715,Lower Volume / High Value
Wilma,7,1427,24.395203389830446,0.004489069634498503,0.0027576232872143615,Lower Volume / Lower Value
Sid,3,1426,48.26916949152534,0.0044859238253643074,0.005456326135809783,Lower Volume / Lower Value
Bubble Bum Cheeky Brief,1,1426,22.425949152542344,0.0044859238253643074,0.0025350196361435527,Lower Volume / Lower Value
So woke tie tanga,2,1425,21.002372881355896,0.004482778016230111,0.00237409918740542,Lower Volume / Lower Value
Peggy Padded Jacket,3,1424,68.97286440677959,0.004479632207095914,0.007796662894530429,Lower Volume / High Value
Drew PU,1,1424,35.58030508474566,0.004479632207095914,0.0040219823667790346,Lower Volume / Lower Value
Megan Party Jazz Leggings,2,1424,46.208016949152444,0.004479632207095914,0.00522333433990133,Lower Volume / Lower Value
Kim low waist (W),2,1424,61.789084745762636,0.004479632207095914,0.006984611534807171,Lower Volume / High Value
June strapless push bra,2,1424,25.633915254237216,0.004479632207095914,0.0028976467430081674,Lower Volume / Lower Value
SULIMA jacket,2,1424,85.12145762711857,0.004479632207095914,0.00962209291897214,Lower Volume / High Value
Riche speed dress,3,1424,45.80710169491516,0.004479632207095914,0.005178015052186554,Lower Volume / Lower Value
Brownie,2,1424,37.55461016949144,0.004479632207095914,0.0042451569634716895,Lower Volume / Lower Value
Toronto tencel tunic,2,1423,70.09923728813555,0.004476486397961717,0.007923987600050563,Lower Volume / High Value
Kiev super trash denim jacket,2,1422,63.120593220338904,0.004473340588827521,0.007135124679458609,Lower Volume / High Value
Lindsay shopper,3,1422,29.19757627118637,0.004473340588827521,0.0033004814499396806,Lower Volume / Lower Value
Brody V-neck,2,1422,11.748067796610078,0.004473340588827521,0.0013279965253009613,Lower Volume / Lower Value
Flirty Mysan ring pk.,5,1421,11.112542372881265,0.004470194779693324,0.0012561570050442078,Lower Volume / Lower Value
Scrunchy Swimsuit,2,1421,60.59235593220332,0.004470194779693324,0.006849333825004296,Lower Volume / Lower Value
Puff sweater,4,1421,63.03276271186433,0.004470194779693324,0.00712519635659829,Lower Volume / High Value
Garbo longsleeve,2,1421,23.018016949152514,0.004470194779693324,0.0026019467249425964,Lower Volume / Lower Value
LISA LINEN DRESS,3,1420,50.38686440677961,0.004467048970559127,0.005695709457202997,Lower Volume / Lower Value
Tiger Padded Soft Bra,2,1420,28.284169491525326,0.004467048970559127,0.003197230340857196,Lower Volume / Lower Value
Amanda long,2,1420,13.969457627118565,0.004467048970559127,0.0015791014752660432,Lower Volume / Lower Value
Cilla tube top,3,1419,11.01455932203381,0.004463903161424931,0.001245081043165493,Lower Volume / Lower Value
ES Bergamot tee,3,1418,51.12245762711858,0.004460757352290734,0.005778860598101841,Lower Volume / Lower Value
Saga,4,1418,64.40794915254233,0.004460757352290734,0.007280646839731214,Lower Volume / High Value
Barker,2,1418,47.44511864406773,0.004460757352290734,0.005363175782829118,Lower Volume / Lower Value
Margarita padded soft bra,1,1418,32.46898305084739,0.004460757352290734,0.003670279863725599,Lower Volume / Lower Value
Vitamin Sea HR Cheeky Brief,2,1418,21.24418644067793,0.004460757352290734,0.0024014336880322363,Lower Volume / Lower Value
Strawberry Thong Maple Low 2p,3,1418,11.686338983050764,0.004460757352290734,0.0013210187267951189,Lower Volume / Lower Value
Air mockneck jumper,2,1418,122.92155932203384,0.004460757352290734,0.013895000138775152,Lower Volume / High Value
Majken l/s dress,11,1417,27.164135593220276,0.004457611543156537,0.003070622191251728,Lower Volume / Lower Value
Arjen,9,1417,75.13720338983047,0.004457611543156537,0.00849347711896238,Lower Volume / High Value
Kendal sandalette,2,1417,80.2276949152542,0.004457611543156537,0.009068904089156352,Lower Volume / High Value
Bellini Cheeky Brief,2,1417,22.600627118643985,0.004457611543156537,0.0025547651582196644,Lower Volume / Lower Value
Dr Drey cheeky breif,2,1417,15.298288135593143,0.004457611543156537,0.0017293119037824114,Lower Volume / Lower Value
Tina J,1,1417,24.6221864406779,0.004457611543156537,0.002783281353548862,Lower Volume / Lower Value
Oprah SP Andes,2,1417,39.502288135593126,0.004457611543156537,0.004465321642137795,Lower Volume / Lower Value
SF Sara dress,1,1416,43.84525423728804,0.004454465734022341,0.004956248660299446,Lower Volume / Lower Value
Papaya,5,1416,32.86922033898298,0.004454465734022341,0.003715522514444155,Lower Volume / Lower Value
My Humps Cheeky Tanga,2,1416,17.670983050847386,0.004454465734022341,0.0019975203153789214,Lower Volume / Lower Value
INVERNESS MID DRESS 24.99,2,1415,54.62366101694909,0.004451319924888145,0.006174635121756575,Lower Volume / Lower Value
Nina Strap,7,1415,7.061322033898236,0.004451319924888145,0.0007982088022809879,Lower Volume / Lower Value
Bianca strapless BIG,3,1415,52.89976271186435,0.004451319924888145,0.005979766399617829,Lower Volume / Lower Value
Samson,2,1414,20.54827118644062,0.004448174115753948,0.0023227677273371717,Lower Volume / Lower Value
Meela Skirt,5,1413,56.29459322033892,0.0044450283066197515,0.006363516578565622,Lower Volume / Lower Value
Desert Brief,1,1413,21.765983050847428,0.0044450283066197515,0.002460417352173063,Lower Volume / Lower Value
ASTRID SATIN SHIRT,2,1413,55.66327118644061,0.0044450283066197515,0.006292152207685434,Lower Volume / Lower Value
ALOE ls turtleneck,2,1412,51.61684745762706,0.004441882497485555,0.005834746211670469,Lower Volume / Lower Value
Metal LS dress(1),2,1412,27.117915254237225,0.004441882497485555,0.00306539746403442,Lower Volume / Lower Value
Sensei skirt,5,1412,75.56452542372875,0.004441882497485555,0.008541781417679927,Lower Volume / High Value
Ambrosia,2,1412,20.037305084745725,0.004441882497485555,0.0022650083392109642,Lower Volume / Lower Value
Lauper,1,1412,30.425254237288073,0.004441882497485555,0.003439257638620006,Lower Volume / Lower Value
Bobo,1,1411,45.25745762711854,0.004438736688351358,0.005115883523425985,Lower Volume / Lower Value
HILLA HW bottom,3,1411,29.734999999999904,0.004438736688351358,0.003361231596843378,Lower Volume / Lower Value
Gelato Blouse,2,1411,50.61845762711856,0.004438736688351358,0.005721888655111792,Lower Volume / Lower Value
W ED KANTA TRS EQ,6,1411,34.16535593220332,0.004438736688351358,0.0038620371238178076,Lower Volume / Lower Value
Bon cardigan,3,1410,163.50022033898296,0.004435590879217161,0.01848199450796185,Lower Volume / High Value
Beyonce cropped tank,5,1409,8.810881355932127,0.004432445070082965,0.000995978234726665,Lower Volume / Lower Value
Clemenza thong (1),2,1409,16.68981355932197,0.004432445070082965,0.0018866093385242382,Lower Volume / Lower Value
Bama fluff,1,1409,51.57545762711858,0.004432445070082965,0.00583006752305123,Lower Volume / Lower Value
SPINEL STRIPE LS,3,1409,34.96047457627111,0.004432445070082965,0.00395191699298478,Lower Volume / Lower Value
Love Boat Cheeky Brief,1,1407,22.026661016949124,0.004426153451814571,0.002489884277219705,Lower Volume / Lower Value
Charlotte Suspenderbelt waist,1,1407,29.30910169491516,0.004426153451814571,0.00331308823581789,Lower Volume / Lower Value
Simone softbra,2,1407,24.103050847457556,0.004426153451814571,0.0027245984896181992,Lower Volume / Lower Value
NORMA RW cropped conscious,3,1407,39.76227118644059,0.004426153451814571,0.004494710014263312,Lower Volume / Lower Value
Jax rib thong 3p,3,1407,21.776033898305055,0.004426153451814571,0.0024615534956420266,Lower Volume / Lower Value
Pierra sandal,6,1407,43.54881355932193,0.004426153451814571,0.004922739133702192,Lower Volume / Lower Value
Mr Harrington w/hood,8,1407,59.807203389830434,0.004426153451814571,0.006760580519681759,Lower Volume / Lower Value
Sara 3/4...(new),6,1407,18.50832203389826,0.004426153451814571,0.0020921727534855064,Lower Volume / Lower Value
BYRON ankletights HW,4,1405,52.446966101694855,0.004419861833546179,0.0059285824657673075,Lower Volume / Lower Value
Rebel Dress,7,1405,47.340050847457576,0.004419861833546179,0.005351298964339904,Lower Volume / Lower Value
SCRUNCHIE 2p,8,1404,10.285762711864331,0.004416716024411982,0.0011626981881537558,Lower Volume / Lower Value
Tropic Like Its Hot Brief,1,1403,21.344949152542334,0.0044135702152777855,0.0024128238615954535,Lower Volume / Lower Value
Tissue,2,1403,64.83328813559316,0.0044135702152777855,0.007328726975234819,Lower Volume / High Value
Brighton Hooded Short Parka,4,1403,61.61679661016941,0.0044135702152777855,0.006965136158142729,Lower Volume / High Value
Prime skinny trs,5,1402,45.01376271186431,0.00441042440614359,0.005088336355134658,Lower Volume / Lower Value
Brody long sleeve,2,1402,22.71583050847455,0.00441042440614359,0.0025677876998023773,Lower Volume / Lower Value
Jasmine,3,1401,55.17167796610165,0.004407278597009393,0.006236582721726217,Lower Volume / Lower Value
Class Harper hoop pk,2,1401,15.689864406779595,0.004407278597009393,0.0017735755168742568,Lower Volume / Lower Value
Hanako WL,2,1400,60.40854237288127,0.004404132787875196,0.0068285556194041105,Lower Volume / Lower Value
Kim HW satin Pull- on trs,3,1400,40.57062711864398,0.004404132787875196,0.004586086220781483,Lower Volume / Lower Value
Lisa dress (1),4,1400,17.22305084745757,0.004404132787875196,0.0019468862519762802,Lower Volume / Lower Value
HM+ Fanny shorts,2,1400,19.58944067796606,0.004404132787875196,0.0022143819395079433,Lower Volume / Lower Value
Taylor Straw Bag,2,1399,44.91001694915245,0.004400986978741,0.005076608978788072,Lower Volume / Lower Value
Bonus,2,1399,44.03389830508465,0.004400986978741,0.0049775729044976985,Lower Volume / Lower Value
Brody trs,2,1399,84.98505084745756,0.004400986978741,0.00960667355533265,Lower Volume / High Value
LS body single mixed,22,1399,9.105406779660926,0.004400986978741,0.0010292712618095953,Lower Volume / Lower Value
DASHA seamless low support bra,3,1399,28.326254237288065,0.004400986978741,0.003201987582397564,Lower Volume / Lower Value
Orlando Hipster Primula,3,1399,13.685135593220263,0.004400986978741,0.0015469618349762246,Lower Volume / Lower Value
MADONNA OFF SHOULDER,1,1398,21.86759322033891,0.004397841169606803,0.002471903321981551,Lower Volume / Lower Value
Calzone Body,2,1398,26.085983050847396,0.004397841169606803,0.002948748292087754,Lower Volume / Lower Value
Pat LS Oxford Solid,15,1398,41.62276271186432,0.004397841169606803,0.004705019175215509,Lower Volume / Lower Value
Charlie dress,1,1398,57.96761016949148,0.004397841169606803,0.0065526336941380495,Lower Volume / Lower Value
GDC J Diamond,1,1398,44.797999999999895,0.004397841169606803,0.0050639466310875994,Lower Volume / Lower Value
Pumi boatneck sweater,3,1397,42.35844067796601,0.004394695360472606,0.0047881798957388816,Lower Volume / Lower Value
Wave Relaxed Shorts,5,1396,49.973610169491465,0.00439154955133841,0.005648995376157014,Lower Volume / Lower Value
Inga Brazilian Micro 7p,2,1396,41.051305084745735,0.00439154955133841,0.004640421851101565,Lower Volume / Lower Value
Marsh boho dress,6,1395,43.41842372881349,0.004388403742204213,0.004907999923404158,Lower Volume / Lower Value
Genesis beret new,9,1395,20.069254237288096,0.004388403742204213,0.002268619857657838,Lower Volume / Lower Value
Girlfriend RW,3,1395,74.35989830508467,0.004388403742204213,0.008405610886871086,Lower Volume / High Value
ED Jafar,4,1395,66.10445762711856,0.004388403742204213,0.007472419427222663,Lower Volume / High Value
Lyon dress,2,1395,56.86194915254232,0.004388403742204213,0.006427650248852444,Lower Volume / Lower Value
Wide courduroy scrunchie,1,1395,8.300016949152441,0.004388403742204213,0.0009382303421498858,Lower Volume / Lower Value
Coronado Lace Sweater,2,1394,57.64501694915249,0.004385257933070016,0.006516167895411604,Lower Volume / Lower Value
pigion dress,2,1394,38.88525423728806,0.004385257933070016,0.004395572395952947,Lower Volume / Lower Value
Meadow trs,27,1394,20.402220338983014,0.004385257933070016,0.0023062582024264517,Lower Volume / Lower Value
W ED WINNIE SKIRT EQ,2,1392,56.636237288135504,0.004378966314801624,0.006402135876885851,Lower Volume / Lower Value
Sara organic dye,4,1392,23.048457627118623,0.004378966314801624,0.002605387726072881,Lower Volume / Lower Value
Sammy Top,2,1392,42.86608474576262,0.004378966314801624,0.004845563762583612,Lower Volume / Lower Value
Inga thong 7p,2,1392,33.16766101694908,0.004378966314801624,0.0037492581201802586,Lower Volume / Lower Value
Roll up tee (1),9,1391,11.124694915254148,0.004375820505667427,0.0012575307232014538,Lower Volume / Lower Value
Bianca Blouse,3,1391,54.603898305084705,0.004375820505667427,0.00617240115331676,Lower Volume / Lower Value
Plato 1,1,1391,47.43537288135586,0.004375820505667427,0.0053620741260084525,Lower Volume / Lower Value
King PU trouser,1,1391,66.03498305084737,0.004375820505667427,0.007464566051035003,Lower Volume / High Value
Alicante HW Dry cotton Pull-on,2,1390,31.864542372881274,0.00437267469653323,0.0036019541497455372,Lower Volume / Lower Value
Caroline,1,1389,23.767118644067743,0.004369528887399034,0.002686624857991125,Lower Volume / Lower Value
Jax Rib Softtop 2pk,2,1389,35.32530508474572,0.004369528887399034,0.003993157276575744,Lower Volume / Lower Value
B Dark & Stormy Pareo,1,1389,32.716305084745684,0.004369528887399034,0.003698237039946703,Lower Volume / Lower Value
Pointelle 1p Tights,1,1389,17.160271186440625,0.004369528887399034,0.001939789666126296,Lower Volume / Lower Value
Geneva pinafore dress,3,1388,46.445322033898236,0.004366383078264837,0.005250159204503286,Lower Volume / Lower Value
Antwerp hip,1,1388,33.135830508474506,0.004366383078264837,0.0037456600132077227,Lower Volume / Lower Value
Joscelyn jumpsuit,3,1388,20.14947457627111,0.004366383078264837,0.0022776879302355813,Lower Volume / Lower Value
Lindsey dress,4,1388,44.78486440677956,0.004366383078264837,0.005062461789285835,Lower Volume / Lower Value
Celine shearling,3,1388,110.38855932203384,0.004366383078264837,0.012478275215175414,Lower Volume / High Value
Skirt Midi Belted,2,1388,66.68450847457619,0.004366383078264837,0.007537988125263704,Lower Volume / High Value
Johannesburg,2,1388,39.24154237288127,0.004366383078264837,0.004435847053391532,Lower Volume / Lower Value
Muscle tank,5,1388,43.29296610169482,0.004366383078264837,0.00489381824725362,Lower Volume / Lower Value
Haven brazilian aster low,3,1388,14.256932203389756,0.004366383078264837,0.001611597477588286,Lower Volume / Lower Value
Tatiana Tee,3,1387,20.760152542372847,0.00436323726913064,0.0023467187045808718,Lower Volume / Lower Value
Acai,1,1387,54.24559322033893,0.00436323726913064,0.006131898500814418,Lower Volume / Lower Value
H2 Dogge shirt,1,1387,80.08345762711859,0.00436323726913064,0.009052599568210515,Lower Volume / High Value
50 cent padded wire bralette,2,1387,32.60925423728807,0.00436323726913064,0.003686136058243546,Lower Volume / Lower Value
Livia top,1,1386,31.396084745762643,0.004360091459996444,0.003548999901282332,Lower Volume / Lower Value
Jackey top,1,1385,38.02120338983043,0.004356945650862247,0.004297900460195292,Lower Volume / Lower Value
OL GLOER PQ Boot,3,1385,152.87530508474566,0.004356945650862247,0.017280958662448963,Lower Volume / High Value
Gandi,2,1385,48.780644067796544,0.004356945650862247,0.00551414300168316,Lower Volume / Lower Value
Kellis Lurex,3,1385,46.63088135593214,0.004356945650862247,0.005271134750368737,Lower Volume / Lower Value
Darling Flat boot,5,1384,67.74037288135585,0.00435379984172805,0.007657342583176941,Lower Volume / High Value
Tall Small Sarah,3,1384,26.06371186440669,0.00435379984172805,0.0029462307667619194,Lower Volume / Lower Value
Gwyneth Throw On,4,1384,110.79508474576267,0.00435379984172805,0.012524228674033914,Lower Volume / High Value
King sweater,6,1383,16.031983050847394,0.004350654032593854,0.001812248461091842,Lower Volume / Lower Value
PLUS Heavy Plain 2 p,4,1383,36.655067796610126,0.004350654032593854,0.004143473080961914,Lower Volume / Lower Value
Katalin body,2,1381,33.22925423728807,0.004344362414325461,0.0037562205912868574,Lower Volume / Lower Value
Bansky dress,2,1380,54.6253898305084,0.0043412166051912645,0.006174830546096935,Lower Volume / Lower Value
B Verbena Kaftan,2,1380,51.51923728813553,0.0043412166051912645,0.005823712400139675,Lower Volume / Lower Value
Basic 4pk studs,1,1380,5.579050847457538,0.0043412166051912645,0.0006306535055950955,Lower Volume / Lower Value
Bama (1),10,1380,32.42476271186434,0.0043412166051912645,0.003665281215647141,Lower Volume / Lower Value
Saida slim,2,1379,75.0800169491525,0.004338070796057069,0.00848701278833121,Lower Volume / High Value
Taylor top,3,1379,34.599254237288065,0.004338070796057069,0.0039110848013986935,Lower Volume / Lower Value
Milo sandalette,1,1379,33.34257627118636,0.004338070796057069,0.0037690304652050516,Lower Volume / Lower Value
Hilly Thong 2pk,4,1378,32.69291525423722,0.004334924986922872,0.0036955930635771098,Lower Volume / Lower Value
SPORT Supreme RW tights,1,1378,44.83913559322024,0.004334924986922872,0.005068596580833257,Lower Volume / Lower Value
Elsa PQ espadrille,1,1377,61.6009152542372,0.004331779177788675,0.006963340936506271,Lower Volume / High Value
Daisy LS,5,1377,19.614966101694833,0.004331779177788675,0.002217267322415627,Lower Volume / Lower Value
Cindy Shimmer Body,2,1377,30.14081355932197,0.004331779177788675,0.0034071045868558484,Lower Volume / Lower Value
Simple as That Top,5,1377,20.257881355932156,0.004331779177788675,0.0022899421859311837,Lower Volume / Lower Value
Venus,2,1377,36.285830508474504,0.004331779177788675,0.004101734656895521,Lower Volume / Lower Value
W STACY TRS EQ,5,1377,39.12469491525415,0.004331779177788675,0.004422638667092992,Lower Volume / Lower Value
Anita Sunglasses,2,1376,17.636898305084692,0.004328633368654479,0.001993667390393956,Lower Volume / Lower Value
Brandy Dress,3,1376,65.48940677966094,0.004328633368654479,0.007402894344251757,Lower Volume / High Value
Bonina ss,4,1376,25.550152542372803,0.004328633368654479,0.0028881782421251692,Lower Volume / Lower Value
Noah casual hood TP,11,1376,37.42016949152534,0.004328633368654479,0.004229959847121237,Lower Volume / Lower Value
Alfi L/S,2,1375,38.5582372881355,0.004325487559520282,0.0043586065408261635,Lower Volume / Lower Value
PLOPP RW tights,1,1375,56.01340677966096,0.004325487559520282,0.006331731384383324,Lower Volume / Lower Value
sunspot seamless tank,2,1375,28.67272881355923,0.004325487559520282,0.003241152919315861,Lower Volume / Lower Value
Tutti Frutti ctn Hipster ch 3p,4,1374,27.666762711864315,0.004322341750386085,0.003127438944324426,Lower Volume / Lower Value
Hedwig pleated trouser,5,1374,68.52254237288126,0.004322341750386085,0.007745758685716108,Lower Volume / High Value
Austen Cord Jumpsuit,1,1373,68.93199999999995,0.0043191959412518886,0.007792043599583262,Lower Volume / High Value
Mini Tummy Shorty,2,1373,20.18991525423725,0.0043191959412518886,0.0022822593270601164,Lower Volume / Lower Value
Salma conscious,1,1372,35.74064406779653,0.004316050132117692,0.004040107016385099,Lower Volume / Lower Value
Chantei,4,1372,39.71362711864401,0.004316050132117692,0.004489211309784521,Lower Volume / Lower Value
COOPER CORD SHIRT,3,1372,55.26618644067792,0.004316050132117692,0.006247265918999303,Lower Volume / Lower Value
Kinen sneaker,7,1372,63.606627118644,0.004316050132117692,0.007190065742048823,Lower Volume / High Value
Majken loafer,2,1371,65.8937966101694,0.004312904322983495,0.00744860639657216,Lower Volume / High Value
Malley wool coat,3,1371,147.5742711864406,0.004312904322983495,0.01668173207307883,Lower Volume / High Value
LS Sarong,1,1371,43.26042372881346,0.004312904322983495,0.0048901396714350525,Lower Volume / Lower Value
Ulla LS,5,1371,16.47481355932198,0.004312904322983495,0.0018623058310979293,Lower Volume / Lower Value
Piper Party Dress,3,1371,48.50923728813553,0.004312904322983495,0.005483463296171335,Lower Volume / Lower Value
Kardashian,1,1371,19.110288135593187,0.004312904322983495,0.0021602187424293647,Lower Volume / Lower Value
MC Shihtzu Coat (Ester),3,1370,116.19149152542367,0.0043097585138492985,0.013134236172847313,Lower Volume / High Value
Fiona 4pk Hipster OC MR,1,1370,22.10274576271184,0.0043097585138492985,0.00249848486412051,Lower Volume / Lower Value
Chicka Halterneck dress,3,1370,15.78999999999994,0.0043097585138492985,0.0017848948012159714,Lower Volume / Lower Value
Olive strap jumpsuit,2,1370,82.60296610169485,0.0043097585138492985,0.009337403721338492,Lower Volume / High Value
Ryder tee,3,1369,10.155644067796533,0.004306612704715102,0.0011479896326542065,Lower Volume / Lower Value
Leonora knitted sweater,2,1369,66.15284745762703,0.004306612704715102,0.007477889392827874,Lower Volume / High Value
Kris Shorts (1),2,1369,30.7741864406779,0.004306612704715102,0.0034787007846496035,Lower Volume / Lower Value
Ss p.3 woven/denim salak,1,1368,60.421711864406745,0.004303466895580906,0.006830044293055693,Lower Volume / Lower Value
Madison destroy,2,1368,40.56355932203383,0.004303466895580906,0.0045852872800958904,Lower Volume / Lower Value
Kalmia,3,1368,68.92381355932197,0.004303466895580906,0.007791118207853903,Lower Volume / High Value
Ananas,2,1367,70.962627118644,0.004300321086446709,0.0080215848147369,Lower Volume / High Value
Swim skirt,2,1367,47.232559322033836,0.004300321086446709,0.0053391481685892,Lower Volume / Lower Value
EDC RAYA DRESS,2,1367,60.88832203389822,0.004300321086446709,0.006882789705704194,Lower Volume / Lower Value
Moss Viscose Shirt,6,1367,28.288474576271124,0.004300321086446709,0.003197716985783198,Lower Volume / Lower Value
stuvsta,3,1367,33.16284745762705,0.004300321086446709,0.003748713997507096,Lower Volume / Lower Value
Roxy Blouse.,3,1366,45.35854237288125,0.004297175277312513,0.005127310099562407,Lower Volume / Lower Value
Nora boyfriend shirt,2,1366,42.64106779661008,0.004297175277312513,0.004820127943538151,Lower Volume / Lower Value
Cameron,5,1366,35.46649152542366,0.004297175277312513,0.004009116931038584,Lower Volume / Lower Value
Come Clean X-Cheeky V-brief,1,1366,22.461559322033878,0.004297175277312513,0.0025390449943700163,Lower Volume / Lower Value
Celeste,1,1366,44.12850847457618,0.004297175277312513,0.004988267597320219,Lower Volume / Lower Value
Eclipse,1,1366,64.41205084745755,0.004297175277312513,0.007281110493558342,Lower Volume / High Value
EAGLE JOGGER,19,1365,38.98108474576268,0.004294029468178316,0.0044064050353686685,Lower Volume / Lower Value
BIRD RIB TEE,2,1365,20.94857627118641,0.004294029468178316,0.002368018041755353,Lower Volume / Lower Value
Tim Tam playsuit,1,1365,64.83235593220334,0.004294029468178316,0.007328621599365017,Lower Volume / High Value
DIV Zebra,3,1365,20.506677966101662,0.004294029468178316,0.002318066047619069,Lower Volume / Lower Value
Horace,5,1364,20.905169491525363,0.004290883659044119,0.002363111358072356,Lower Volume / Lower Value
Hanna sweater,2,1364,37.94396610169484,0.004290883659044119,0.004289169590400914,Lower Volume / Lower Value
PE CORRES TEE,5,1363,51.68057627118636,0.004287737849909923,0.00584195008931516,Lower Volume / Lower Value
BRENDA LACE UP (1),2,1363,72.67342372881352,0.004287737849909923,0.008214972526923695,Lower Volume / High Value
Orlando 3p Hipster MR,1,1363,28.576762711864312,0.004287737849909923,0.0032303049525009013,Lower Volume / Lower Value
Skinny R.W Ankle Suzy,2,1362,43.505694915254196,0.004284592040775726,0.004917865020742598,Lower Volume / Lower Value
Per Axel,2,1362,33.777389830508405,0.004284592040775726,0.003818181602730836,Lower Volume / Lower Value
SPEED Timmy dress,2,1362,51.00274576271178,0.004284592040775726,0.00576532842049427,Lower Volume / Lower Value
PQ Chuck Beanie,4,1361,29.515118644067726,0.00428144623164153,0.0033363763030442857,Lower Volume / Lower Value
CA Hugh Linen shirt TVP R,9,1361,73.15284745762709,0.00428144623164153,0.008269166378800765,Lower Volume / High Value
Strap Top 2 pack tank,1,1360,14.10149152542367,0.0042783004225073334,0.0015940265302799165,Lower Volume / Lower Value
Lazer Razer Triangle  Swimsuit,1,1360,66.24998305084736,0.0042783004225073334,0.007488869558461312,Lower Volume / High Value
CSP Alicia,1,1360,24.93572881355926,0.0042783004225073334,0.0028187240483757686,Lower Volume / Lower Value
PASTRY,8,1360,50.19869491525419,0.0042783004225073334,0.0056744388589021,Lower Volume / Lower Value
Drake sporty sweatpants TP,7,1360,36.758644067796574,0.0042783004225073334,0.004155181298059446,Lower Volume / Lower Value
Lexus lace dress,2,1359,54.61799999999995,0.004275154613373137,0.0061739952028381385,Lower Volume / Lower Value
Bernhard tencel shirt,4,1359,62.057576271186356,0.004275154613373137,0.007014961701235249,Lower Volume / High Value
Turner boho dress,2,1359,49.0359491525423,0.004275154613373137,0.005543002578534756,Lower Volume / Lower Value
Morgan PRICE dress,3,1359,37.52344067796602,0.004275154613373137,0.00424163357757047,Lower Volume / Lower Value
HM+ Virgil Linen Shirt,3,1358,59.87091525423722,0.00427200880423894,0.006767782481401546,Lower Volume / Lower Value
SILVER DRESS (1),3,1358,43.61003389830499,0.00427200880423894,0.004929659454460871,Lower Volume / Lower Value
Wrappy SPEED dress,1,1358,30.165966101694828,0.00427200880423894,0.0034099478194156126,Lower Volume / Lower Value
Mom Fit HW Belted,5,1358,64.23298305084738,0.00427200880423894,0.0072608687469317,Lower Volume / High Value
Flirty Rita ring pk,3,1358,16.586644067796556,0.00427200880423894,0.0018749471036244405,Lower Volume / Lower Value
Masa Dress,2,1358,57.07055932203384,0.00427200880423894,0.0064512314525893765,Lower Volume / Lower Value
Sonja Basic Thin Choker,4,1355,4.416288135593194,0.004262571376836351,0.000499215309302856,Lower Volume / Lower Value
Brighton wrap dress,2,1355,64.76350847457618,0.004262571376836351,0.007320839112398858,Lower Volume / High Value
Dolphin camera,4,1355,38.225474576271154,0.004262571376836351,0.004320991187156423,Lower Volume / Lower Value
TWISTER TURTLENECK,8,1355,32.48261016949146,0.004262571376836351,0.0036718202673496243,Lower Volume / Lower Value
Rio Dress,3,1355,64.261220338983,0.004262571376836351,0.007264060677824271,Lower Volume / High Value
Lykke Push Melbourne,2,1355,31.48947457627112,0.004262571376836351,0.003559556647511655,Lower Volume / Lower Value
Brigitte HW trouser,1,1355,34.37942372881348,0.004262571376836351,0.0038862352553743137,Lower Volume / Lower Value
Reggie Chino Shorts,4,1354,39.85627118644059,0.004259425567702154,0.004505335733789233,Lower Volume / Lower Value
Reagan maxi dress,3,1354,85.4815084745762,0.004259425567702154,0.00966279291173975,Lower Volume / High Value
Norma Woven TRS,2,1354,36.57701694915246,0.004259425567702154,0.004134650246772067,Lower Volume / Lower Value
Cardamom Bralette Melbourne,2,1354,41.75905084745753,0.004259425567702154,0.00472042512738066,Lower Volume / Lower Value
DIV Flora maxi,3,1354,36.16538983050839,0.004259425567702154,0.004088120094517012,Lower Volume / Lower Value
Champagne,3,1354,70.52332203389825,0.004259425567702154,0.00797192595711116,Lower Volume / High Value
Cardeo,1,1354,69.0497457627118,0.004259425567702154,0.007805353529901792,Lower Volume / High Value
Stairway blouse,3,1353,53.591203389830454,0.0042562797585679575,0.006057926556137839,Lower Volume / Lower Value
BB Timm parka TP,7,1353,69.36255932203385,0.0042562797585679575,0.007840713839957764,Lower Volume / High Value
Lova cord,4,1353,60.40991525423724,0.0042562797585679575,0.0068287108093214605,Lower Volume / Lower Value
OTTER checked,2,1352,77.71110169491519,0.004253133949433761,0.008784429475112116,Lower Volume / High Value
New Pluto Dress,4,1352,50.61915254237283,0.004253133949433761,0.005721967208032921,Lower Volume / Lower Value
Bonnie tank,2,1352,14.465610169491462,0.004253133949433761,0.0016351863450248445,Lower Volume / Lower Value
Love Shack Low Brazilian,1,1352,22.555694915254218,0.004253133949433761,0.0025496860412951823,Lower Volume / Lower Value
Kingfisher linen,2,1351,88.03308474576264,0.004249988140299564,0.009951221994788938,Lower Volume / High Value
Chardonnay Shorts,3,1351,12.501135593220262,0.004249988140299564,0.0014131229847773824,Lower Volume / Lower Value
Farsta cardigan,2,1351,32.932915254237216,0.004249988140299564,0.003722722560239037,Lower Volume / Lower Value
Lauper Sweater,3,1351,29.51393220338975,0.004249988140299564,0.0033362421883008993,Lower Volume / Lower Value
Penny midi backapck,7,1350,51.68627118644063,0.0042468423311653675,0.005842593840083412,Lower Volume / Lower Value
Class Olle dog sweter,3,1349,25.95199999999991,0.004243696522031171,0.0029336029057097468,Lower Volume / Lower Value
Pat ss bd light solid,11,1349,25.754169491525364,0.004243696522031171,0.002911240230212715,Lower Volume / Lower Value
Monica sandalette,2,1348,32.16237288135585,0.004240550712896974,0.0036356207821850424,Lower Volume / Lower Value
1p Fancy edge sock,2,1348,4.729220338983,0.004240550712896974,0.0005345890308331616,Lower Volume / Lower Value
Tokyo tapeze dress,2,1348,50.35198305084738,0.004240550712896974,0.005691766483747469,Lower Volume / Lower Value
Bea tank 2-pack,1,1348,10.950779661016877,0.004240550712896974,0.0012378714177460858,Lower Volume / Lower Value
Rasmus top,2,1348,42.57535593220329,0.004240550712896974,0.004812699902679512,Lower Volume / Lower Value
1pk Basic,3,1348,4.599203389830455,0.004240550712896974,0.0005198919708830452,Lower Volume / Lower Value
OWL COULD SHOULDER,3,1347,21.87540677966099,0.0042374049037627775,0.0024727865633629932,Lower Volume / Lower Value
Missy elliot long shirt,5,1347,61.96150847457618,0.0042374049037627775,0.0070041022388708536,Lower Volume / High Value
COCO grey hot maxi,2,1347,64.43698305084737,0.0042374049037627775,0.007283928819094337,Lower Volume / High Value
Cyrilla tank top,5,1347,15.486271186440618,0.0042374049037627775,0.0017505614269093513,Lower Volume / Lower Value
Boyfriend L.W.,1,1347,47.276796610169434,0.0042374049037627775,0.0053441487325925656,Lower Volume / Lower Value
Lexie tee TVP,2,1346,21.697203389830484,0.004234259094628581,0.002452642528906531,Lower Volume / Lower Value
SCARLETT scarf scrunchie,12,1346,12.251627118643992,0.004234259094628581,0.0013849186542434675,Lower Volume / Lower Value
Constance trousers,3,1345,31.614864406779592,0.004231113285494384,0.0035737306599625688,Lower Volume / Lower Value
CARINA bra,1,1344,50.840067796610114,0.004227967476360188,0.0057469393732512515,Lower Volume / Lower Value
Mitchell Midi Dress,2,1344,47.57147457627113,0.004227967476360188,0.005377459002999647,Lower Volume / Lower Value
Gabi belted skirt,2,1344,70.82872881355928,0.004227967476360188,0.008006449007983427,Lower Volume / High Value
Varbro linen dress,3,1344,38.5723898305084,0.004227967476360188,0.004360206338122261,Lower Volume / Lower Value
Bali tapered trouser,2,1343,34.63250847457621,0.004224821667225992,0.003914843846063293,Lower Volume / Lower Value
Tracy skirt,2,1343,36.2735762711864,0.004224821667225992,0.0041003494431888455,Lower Volume / Lower Value
Lima ss,6,1342,7.220288135593143,0.004221675858091795,0.0008161782619697029,Lower Volume / Lower Value
Pride Printed Tee 9.99,3,1342,13.234033898305013,0.004221675858091795,0.0014959694936162535,Lower Volume / Lower Value
Maltese FUP,3,1342,78.04596610169489,0.004221675858091795,0.00882228240347015,Lower Volume / High Value
Nala,2,1342,22.313169491525407,0.004221675858091795,0.002522271071822335,Lower Volume / Lower Value
Love shorts,5,1342,33.640355932203306,0.004221675858091795,0.0038026913498698397,Lower Volume / Lower Value
Siri volume blouse,2,1341,29.846864406779574,0.004218530048957598,0.003373876701219701,Lower Volume / Lower Value
5pk regular basic,3,1341,17.098796610169444,0.004218530048957598,0.001932840606494036,Lower Volume / Lower Value
Luke checked shirt,8,1341,40.211983050847365,0.004218530048957598,0.004545545249781032,Lower Volume / Lower Value
Utility Playsuit,2,1339,71.37823728813555,0.004212238430689206,0.008068565209344751,Lower Volume / High Value
Evelina wrap blouse,2,1339,62.79605084745754,0.004212238430689206,0.00709843854936803,Lower Volume / High Value
Gold Coast Cheeky Tanga,1,1339,21.36830508474574,0.004212238430689206,0.002415464006115239,Lower Volume / Lower Value
Dolly thong(Malva) micro 3pk,2,1339,18.1263389830508,0.004212238430689206,0.002048993553890177,Lower Volume / Lower Value
Doris jumpsuit W,5,1339,11.749474576271107,0.004212238430689206,0.0013281555470681195,Lower Volume / Lower Value
CSP Becker,1,1339,30.22894915254231,0.004212238430689206,0.0034170673963644657,Lower Volume / Lower Value
Valerie V Neck Sweater,1,1338,39.31794915254235,0.004209092621555009,0.004444484042865548,Lower Volume / Lower Value
Hiara Blouse,3,1338,61.25761016949149,0.004209092621555009,0.0069245338775453065,Lower Volume / High Value
PICKUP ARTIST top,1,1337,17.861186440677898,0.004205946812420812,0.00201902082466848,Lower Volume / Lower Value
Gary,3,1337,196.50854237288132,0.004205946812420812,0.022213241018105487,Lower Volume / High Value
Maltese throw on (twiggy),1,1337,62.691593220338945,0.004205946812420812,0.007086630704175418,Lower Volume / High Value
REN lace ls body,2,1337,29.562355932203335,0.004205946812420812,0.003341715985755925,Lower Volume / Lower Value
Romina LL PJ STRATEGIC LOW (W),2,1336,41.51777966101687,0.004202801003286616,0.004693151936350822,Lower Volume / Lower Value
Jane pocket blouse,2,1336,52.54615254237284,0.004202801003286616,0.005939794458314315,Lower Volume / Lower Value
Pete bd ls poplin,14,1335,32.14123728813553,0.004199655194152419,0.0036332316238278815,Lower Volume / Lower Value
ED Rosemary dress,2,1335,38.24269491525415,0.004199655194152419,0.004322937766860408,Lower Volume / Lower Value
LS FRENCH,2,1335,25.12381355932196,0.004199655194152419,0.0028399850670521383,Lower Volume / Lower Value
Uma Softbra Rib Mia Conscious,5,1335,21.951830508474554,0.004199655194152419,0.0024814254687619084,Lower Volume / Lower Value
Stannis paperbag culotte HW,2,1335,58.36937288135586,0.004199655194152419,0.006598048778098098,Lower Volume / Lower Value
PAUL R-NECK MERINO,6,1334,42.06935593220333,0.004196509385018222,0.00475550188055062,Lower Volume / Lower Value
KLINT tanktop,4,1333,17.642440677966054,0.004193363575884026,0.001994293897838056,Lower Volume / Lower Value
Nikita dress,3,1333,77.90291525423721,0.004193363575884026,0.008806111997267696,Lower Volume / High Value
Timeless Push,2,1333,27.100491525423667,0.004193363575884026,0.0030634278932315626,Lower Volume / Lower Value
Beck L/S,13,1332,14.518169491525365,0.004190217766749829,0.001641127628156811,Lower Volume / Lower Value
Max 3pk Fancy,14,1332,39.589881355932114,0.004190217766749829,0.004475223142049437,Lower Volume / Lower Value
Envy Lace Dress,2,1332,48.768661016949096,0.004190217766749829,0.00551278844277497,Lower Volume / Lower Value
Mellow pile,2,1332,58.27769491525419,0.004190217766749829,0.0065876855402842325,Lower Volume / Lower Value
Manson SF slim fit blazer,6,1331,100.6583389830508,0.004187071957615633,0.011378375297649335,Lower Volume / High Value
Hanoi Oversize Blazer,1,1331,88.46805084745756,0.004187071957615633,0.010000390375638874,Lower Volume / High Value
Tabia dress,4,1331,38.99133898305082,0.004187071957615633,0.004407564169936498,Lower Volume / Lower Value
Alice lace top,2,1331,37.60361016949143,0.004187071957615633,0.0042506959023734985,Lower Volume / Lower Value
Family Hood Ladies,4,1330,25.70286440677961,0.0041839261484814365,0.002905440725523758,Lower Volume / Lower Value
Mohair 2p Heavy Socks,4,1330,20.643152542372803,0.0041839261484814365,0.002333493074958177,Lower Volume / Lower Value
Millicent Wrap Cardigan,3,1329,43.63250847457617,0.00418078033934724,0.004932199970885567,Lower Volume / Lower Value
Riviera blouse,1,1329,43.14681355932194,0.00418078033934724,0.004877297226793464,Lower Volume / Lower Value
Paradis,3,1329,50.9100677966101,0.00418078033934724,0.005754852143110979,Lower Volume / Lower Value
AK SATAY jeans HW,3,1328,44.593271186440624,0.004177634530213043,0.005040804174154031,Lower Volume / Lower Value
Dive in swimsuit,3,1328,24.58840677966097,0.004177634530213043,0.0027794629152121963,Lower Volume / Lower Value
Vivaldi dress,5,1328,63.24135593220331,0.004177634530213043,0.00714877564441032,Lower Volume / High Value
Vera LL PJ (J),2,1328,50.01361016949147,0.004177634530213043,0.0056535169589340024,Lower Volume / Lower Value
Banjo summer dress,2,1328,13.095135593220265,0.004177634530213043,0.0014802684890156531,Lower Volume / Lower Value
Ulla long polo,2,1328,40.194796610169405,0.004177634530213043,0.004543602501926852,Lower Volume / Lower Value
Malin Cardigan,2,1327,34.72452542372873,0.0041744887210788464,0.003925245402375268,Lower Volume / Lower Value
Vienna Blazer Dress,1,1327,63.28279661016941,0.0041744887210788464,0.007153460080804276,Lower Volume / High Value
EDC Lady HW,1,1327,84.92589830508469,0.0041744887210788464,0.009599986977412444,Lower Volume / High Value
Trisha tee dress,5,1327,21.968525423728742,0.0041744887210788464,0.002483312654793824,Lower Volume / Lower Value
PELLE LS BLOUSE,3,1326,35.96618644067793,0.00417134291194465,0.004065602229102637,Lower Volume / Lower Value
W DAVID TRS EQ,9,1326,36.09486440677957,0.00417134291194465,0.004080147930985213,Lower Volume / Lower Value
AGATE POLO DRESS,2,1326,24.83094915254232,0.00417134291194465,0.0028068798006099485,Lower Volume / Lower Value
New Girl Brief,2,1325,13.048050847457553,0.004168197102810453,0.0014749460496281648,Lower Volume / Lower Value
Bellatrix,3,1325,46.416406779660946,0.004168197102810453,0.005246890636614496,Lower Volume / Lower Value
Sevilla Dress,4,1324,42.57515254237282,0.004165051293676256,0.004812676911580651,Lower Volume / Lower Value
Palma Bikini Clover Mid,3,1324,8.103152542372804,0.004165051293676256,0.000915976874372467,Lower Volume / Lower Value
Flirty Boris Hoop,2,1324,12.577406779660944,0.004165051293676256,0.0014217446468521478,Lower Volume / Lower Value
Memphis Sweater,3,1323,28.30598305084739,0.00416190548454206,0.0031996961362105824,Lower Volume / Lower Value
Scarlett,3,1323,70.599813559322,0.00416190548454206,0.0079805725262097,Lower Volume / High Value
Alice,3,1323,46.39128813559315,0.00416190548454206,0.005244051235904541,Lower Volume / Lower Value
Alice Rib set (J),2,1323,29.007610169491464,0.00416190548454206,0.0032790077635988,Lower Volume / Lower Value
L&L DINGO tee,4,1322,14.476152542372821,0.004158759675407863,0.0016363780503160681,Lower Volume / Lower Value
EDC ARVID BLOUSE,1,1322,56.349457627118575,0.004158759675407863,0.006369718427484737,Lower Volume / Lower Value
Bling Me Up Push,2,1321,21.709779661016903,0.004155613866273666,0.002454064145186412,Lower Volume / Lower Value
HERO MOLDED LOW SUPPORT BRA,2,1321,33.14177966101687,0.004155613866273666,0.0037463325028495535,Lower Volume / Lower Value
Finesse HW wide cropped,2,1321,39.05361016949148,0.004155613866273666,0.004414603278039315,Lower Volume / Lower Value
Annie fur,4,1321,185.71272881355927,0.004155613866273666,0.020992886901770407,Lower Volume / High Value
SKINNY SS,11,1320,45.03671186440672,0.0041524680571394705,0.005090930517456714,Lower Volume / Lower Value
SCARLET BLOUSE,3,1320,29.78349152542365,0.0041524680571394705,0.0033667130579980247,Lower Volume / Lower Value
+ HAVANA HW tights,3,1319,52.562423728813506,0.004149322248005274,0.005941633746223597,Lower Volume / Lower Value
Shorts Skinny Tech Stretch,2,1319,49.53267796610163,0.004149322248005274,0.005599152589740344,Lower Volume / Lower Value
Piper padded abeline straps,1,1319,27.921711864406735,0.004149322248005274,0.0031562582867530127,Lower Volume / Lower Value
JILL TIERD DRESS,3,1319,28.52340677966096,0.004149322248005274,0.0032242736208983806,Lower Volume / Lower Value
Cactus mynta thong,2,1318,12.987101694915179,0.004146176438871077,0.0014680563836679747,Lower Volume / Lower Value
CHIPMUNK loose tee (1),2,1318,32.3390677966101,0.004146176438871077,0.0036555942993249167,Lower Volume / Lower Value
Liverpool Dress,2,1318,45.27681355932199,0.004146176438871077,0.005118071509668076,Lower Volume / Lower Value
Catan dress,3,1318,68.54499999999996,0.004146176438871077,0.0077482972862159055,Lower Volume / High Value
OL WASHINGTON PQ pump (gör CO),4,1317,77.71052542372875,0.004143030629736881,0.008784364333665329,Lower Volume / High Value
JAIPUR BLOUSE,4,1317,29.823932203389752,0.004143030629736881,0.0033712844548225564,Lower Volume / Lower Value
Stephanie Dress,4,1317,62.13994915254229,0.004143030629736881,0.007024273096275995,Lower Volume / High Value
Wade skirt,2,1316,81.3590677966101,0.004139884820602685,0.009196793992523603,Lower Volume / High Value
Dolly SL set (W),2,1316,48.61850847457622,0.004139884820602685,0.005495815264037116,Lower Volume / Lower Value
Giovanna PU,1,1316,63.539457627118566,0.004139884820602685,0.007182472931648312,Lower Volume / High Value
Slinky skirt,3,1316,53.18340677966095,0.004139884820602685,0.006011829402911427,Lower Volume / Lower Value
Vegas woven shorts,3,1315,18.25399999999993,0.004136739011468488,0.0020634243002784257,Lower Volume / Lower Value
Moss PU biker,4,1315,83.77405084745757,0.004136739011468488,0.009469782636759343,Lower Volume / High Value
MAYA UTILITY,3,1314,38.76798305084738,0.004133593202334291,0.004382316111531769,Lower Volume / Lower Value
LOGG Ivy linen shorts,6,1314,22.39179661016943,0.004133593202334291,0.0025311590474589598,Lower Volume / Lower Value
ED Becky Pants,2,1313,30.80488135593214,0.004130447393200095,0.0034821705246534697,Lower Volume / Lower Value
Kendrick SP body,1,1313,53.96716949152535,0.004130447393200095,0.0061004256023917125,Lower Volume / Lower Value
Ivy shorts (1),2,1313,23.973203389830452,0.004130447393200095,0.0027099205889171397,Lower Volume / Lower Value
Mimmi Cardigan,3,1312,41.46981355932196,0.004127301584065898,0.004687729868868249,Lower Volume / Lower Value
GALAXY seamless tights,1,1312,34.052254237288054,0.004127301584065898,0.0038492521569233823,Lower Volume / Lower Value
Mariah Cardigan,2,1312,39.34466101694907,0.004127301584065898,0.004447503540516615,Lower Volume / Lower Value
Violet slip skirt,3,1311,61.29791525423721,0.004124155774931701,0.006929089946970589,Lower Volume / High Value
SPEED ELLA BELTED BLOUSE,2,1311,27.944694915254175,0.004124155774931701,0.003158856280924874,Lower Volume / Lower Value
Stella RW skinny cropped,1,1311,41.91105084745753,0.004124155774931701,0.004737607141933215,Lower Volume / Lower Value
Cool Vesper watch,7,1311,28.958254237288088,0.004124155774931701,0.0032734285902739756,Lower Volume / Lower Value
FRANK SS POLO,4,1310,27.09135593220333,0.004121009965797505,0.003062395209707497,Lower Volume / Lower Value
ED Glamping Shorts,5,1310,16.6824576271186,0.004121009965797505,0.001885777827115252,Lower Volume / Lower Value
Kiara,2,1310,86.4170169491525,0.004121009965797505,0.00976854238689901,Lower Volume / High Value
ED Luna 5pkt SPEED,3,1309,44.004338983050786,0.004117864156663308,0.004974231531462505,Lower Volume / Lower Value
Argentina dress,3,1309,29.98679661016943,0.004117864156663308,0.00338969457723954,Lower Volume / Lower Value
ZIRCON TANK TOP,2,1309,15.485050847457572,0.004117864156663308,0.0017504234803161554,Lower Volume / Lower Value
Blanche fancy XMAS,2,1308,31.212932203389762,0.004114718347529111,0.0035282964167534622,Lower Volume / Lower Value
Rina Romantic,3,1308,15.248305084745699,0.004114718347529111,0.0017236618412360836,Lower Volume / Lower Value
Andie sweatshirt,3,1308,32.51635593220332,0.004114718347529111,0.003675634873836481,Lower Volume / Lower Value
Farrah HW Denim TRS,2,1307,52.32705084745758,0.004111572538394915,0.005915027297060872,Lower Volume / Lower Value
Drake loafer,3,1307,41.598999999999904,0.004111572538394915,0.0047023330484979925,Lower Volume / Lower Value
Lottie Cross Bag,3,1307,24.087457627118564,0.004111572538394915,0.002722835838705135,Lower Volume / Lower Value
Amelia swettis,7,1307,13.941847457627057,0.004111572538394915,0.00157598043359498,Lower Volume / Lower Value
hilly cheeky brief,2,1306,31.34450847457621,0.004108426729260719,0.003543169741794886,Lower Volume / Lower Value
Skirt Lipstick printed,1,1306,48.59494915254232,0.004108426729260719,0.005493152128418467,Lower Volume / Lower Value
J Ballet,2,1305,37.79298305084739,0.004105280920126522,0.00427210253134269,Lower Volume / Lower Value
Morticia corset,1,1305,37.811423728813494,0.004105280920126522,0.004274187057639878,Lower Volume / Lower Value
Hilton top,3,1305,32.21889830508468,0.004105280920126522,0.003642010391744897,Lower Volume / Lower Value
Bella,10,1304,34.675254237288065,0.004102135110992325,0.00391967580867497,Lower Volume / Lower Value
Spice Girl 3p Brazilian MC LR,1,1304,26.041423728813484,0.004102135110992325,0.0029437113255111843,Lower Volume / Lower Value
Mitsy 3p Ct Brazilian,1,1303,25.845305084745682,0.004098989301858129,0.0029215421584296046,Lower Volume / Lower Value
Sylvia Cross Bag,2,1303,37.94620338983048,0.004098989301858129,0.004289422492488445,Lower Volume / Lower Value
Black Umbrella,1,1303,14.993186440677912,0.004098989301858129,0.0016948233395584482,Lower Volume / Lower Value
JONES SLIM 5PKT,5,1303,36.684372881355856,0.004098989301858129,0.0041467857151235256,Lower Volume / Lower Value
ED Frille tee,3,1303,19.538847457627085,0.004098989301858129,0.002208662903665017,Lower Volume / Lower Value
April skirt,6,1302,51.35161016949147,0.004095843492723932,0.005804763902824248,Lower Volume / Lower Value
Jelly tunic,3,1302,91.2904576271186,0.004095843492723932,0.010319434022753104,Lower Volume / High Value
Sofia headband,1,1302,7.598745762711785,0.004095843492723932,0.0008589589491846871,Lower Volume / Lower Value
COZY WRAP TOP LS,3,1301,35.37532203389827,0.004092697683589735,0.003998811170971885,Lower Volume / Lower Value
Maya PU,1,1301,42.4961186440677,0.004092697683589735,0.004803742953746285,Lower Volume / Lower Value
Petula,3,1301,54.30199999999996,0.004092697683589735,0.0061382746988999344,Lower Volume / Lower Value
Ocean One-Shoulder,2,1300,40.55122033898299,0.004089551874455539,0.004583892486764685,Lower Volume / Lower Value
Saffron Dress,4,1300,63.23589830508471,0.004089551874455539,0.007148158716590752,Lower Volume / High Value
AUDREY DRESS LOW PRICE,4,1300,31.80213559322027,0.004089551874455539,0.003594899714243475,Lower Volume / Lower Value
L MCO Lambi Coat,2,1299,100.48249152542365,0.004086406065321342,0.011358497576754735,Lower Volume / High Value
B Zsa Zsa Pareo,3,1298,30.82476271186434,0.004083260256187145,0.003484417904567625,Lower Volume / Lower Value
Beast Push Melbourne,1,1298,30.817237288135527,0.004083260256187145,0.0034835672339095817,Lower Volume / Lower Value
Pine HW Trousers,3,1297,42.72327118644063,0.0040801144470529495,0.004829420179329845,Lower Volume / Lower Value
Casa Amor,1,1297,52.348050847457564,0.0040801144470529495,0.005917401128018789,Lower Volume / Lower Value
STACEY KNIT,1,1297,31.473627118643996,0.0040801144470529495,0.0035577652577250094,Lower Volume / Lower Value
Drake Playsuit,2,1297,73.07323728813557,0.0040801144470529495,0.008260167279519616,Lower Volume / High Value
H1 Julia dress,1,1297,62.215152542372834,0.0040801144470529495,0.007032774055081716,Lower Volume / High Value
Khloe Malta bandeau,4,1296,26.19472881355924,0.004076968637918753,0.0029610408662814613,Lower Volume / Lower Value
Thelma dress,3,1296,76.88181355932197,0.004076968637918753,0.008690687101335647,Lower Volume / High Value
Charlotte hipster,2,1296,13.290644067796539,0.004076968637918753,0.0015023686828006346,Lower Volume / Lower Value
NILS,8,1296,38.50130508474568,0.004076968637918753,0.004352170949068579,Lower Volume / Lower Value
Sassy 3-pack hip belt,6,1296,19.92447457627116,0.004076968637918753,0.0022522540271150294,Lower Volume / Lower Value
H2 Tilda skirt,1,1295,56.52845762711857,0.004073822828784556,0.006389952510411757,Lower Volume / Lower Value
Arjen or Trey,4,1295,68.60133898305081,0.004073822828784556,0.007754665820601799,Lower Volume / High Value
INGRID BASIC HOOD,3,1295,54.826084745762635,0.004073822828784556,0.0061975170129029995,Lower Volume / Lower Value
Puro top,1,1294,33.20054237288127,0.00407067701965036,0.0037529750144969336,Lower Volume / Lower Value
Sanfran,3,1294,16.194559322033847,0.00407067701965036,0.001830626012785432,Lower Volume / Lower Value
Gomez ballerina,5,1294,37.78955932203381,0.00407067701965036,0.004271715514511777,Lower Volume / Lower Value
TP Henrik 3-p boxer BB,9,1294,16.96505084745758,0.00407067701965036,0.0019177220430647089,Lower Volume / Lower Value
HAVANA HW cropped,3,1294,42.28761016949143,0.00407067701965036,0.004780173245558783,Lower Volume / Lower Value
&denim shaping ultra HW ancle,4,1293,104.02055932203385,0.004067531210516164,0.01175843923707894,Lower Volume / High Value
Anna headband,10,1293,14.210101694915194,0.004067531210516164,0.0016063037770743817,Lower Volume / Lower Value
Grey Megan jazz pants,1,1293,40.60013559322025,0.004067531210516164,0.0045894218460419646,Lower Volume / Lower Value
Talia,3,1292,36.14893220338975,0.004064385401381967,0.004086259731433769,Lower Volume / Lower Value
Lolly dress long,2,1292,49.28401694915247,0.004064385401381967,0.005571044055451704,Lower Volume / Lower Value
ED Amalia dress,1,1291,30.977118644067733,0.00406123959224777,0.003501640153543195,Lower Volume / Lower Value
Thalita top,2,1291,14.55471186440672,0.00406123959224777,0.001645258362253076,Lower Volume / Lower Value
BREE hipster bottom,6,1291,26.559559322033813,0.00406123959224777,0.0030022811498724208,Lower Volume / Lower Value
CUBA  yoga HW tights conscious,2,1291,46.35913559322029,0.00406123959224777,0.005240416726358803,Lower Volume / Lower Value
Skirt Lipstick (1),2,1291,42.545745762711796,0.00406123959224777,0.004809352781869602,Lower Volume / Lower Value
Gilmore Long Parka,2,1290,118.54286440677959,0.004058093783113574,0.013400034350912696,Lower Volume / High Value
Tora rib tank,2,1290,16.479101694915204,0.004058093783113574,0.0018627905600990223,Lower Volume / Lower Value
Zilva mule,3,1290,39.56166101694906,0.004058093783113574,0.004472033127081773,Lower Volume / Lower Value
&DENIM Embrace denim shorts,3,1290,61.51010169491518,0.004058093783113574,0.006953075410862585,Lower Volume / High Value
Ophelia SP,2,1290,41.68659322033889,0.004058093783113574,0.004712234548409635,Lower Volume / Lower Value
Bloom (1),2,1290,74.16047457627113,0.004058093783113574,0.008383068114432936,Lower Volume / High Value
Alexis seamless top Rio Opt1,3,1290,36.966050847457595,0.004058093783113574,0.004178626471128091,Lower Volume / Lower Value
Polly Dress,2,1290,48.89432203389823,0.004058093783113574,0.00552699311002437,Lower Volume / Lower Value
Madison highwaist 5 pkt,7,1290,24.2583050847457,0.004058093783113574,0.0027421483617526107,Lower Volume / Lower Value
Juno dress,1,1289,56.34532203389822,0.004054947973979377,0.006369250941807792,Lower Volume / Lower Value
Valeria hipster 3p,2,1289,21.533457627118572,0.004054947973979377,0.0024341327783944577,Lower Volume / Lower Value
ES LENA DRESS,3,1289,22.578101694915205,0.004054947973979377,0.0025522188940202543,Lower Volume / Lower Value
Mini cheeky tanga,3,1288,18.147881355932164,0.00405180216484518,0.0020514286944450723,Lower Volume / Lower Value
Jinny smock dress,1,1287,31.718118644067722,0.0040486563557109835,0.0035854024744868948,Lower Volume / Lower Value
Byron jumpsuit,2,1287,42.17076271186435,0.0040486563557109835,0.004766964859260247,Lower Volume / Lower Value
Liquorice flipflop,6,1287,8.625745762711771,0.0040486563557109835,0.0009750505869838501,Lower Volume / Lower Value
SLIM BASIC 5PKT 79,11,1287,28.237322033898245,0.0040486563557109835,0.003191934724418389,Lower Volume / Lower Value
ED Claudine 2-pack,3,1287,41.211271186440584,0.0040486563557109835,0.004658504350359698,Lower Volume / Lower Value
Debra,3,1287,61.04120338983046,0.0040486563557109835,0.0069000713483518385,Lower Volume / High Value
Mandy linen shirt,2,1287,41.662881355932136,0.0040486563557109835,0.004709554169466838,Lower Volume / Lower Value
FF Verona blazer,1,1286,80.91532203389825,0.004045510546576787,0.00914663316257262,Lower Volume / High Value
Inverness shirt dress,2,1286,60.16255932203382,0.004045510546576787,0.006800749801250541,Lower Volume / Lower Value
Nala Coat,1,1286,102.15179661016946,0.004045510546576787,0.011547195104772858,Lower Volume / High Value
Kent top,1,1286,30.680864406779595,0.004045510546576787,0.0034681517021199013,Lower Volume / Lower Value
Ella Jumpsuit,2,1286,31.291355932203327,0.004045510546576787,0.003537161401291227,Lower Volume / Lower Value
Harry sleeveless top,3,1285,18.28996610169488,0.00404236473744259,0.0020674898929279074,Lower Volume / Lower Value
SUJEETA SCRUNCHIE 2p,2,1285,9.993169491525341,0.00404236473744259,0.0011296235765100506,Lower Volume / Lower Value
Bobby cut out boot,3,1285,59.494440677966054,0.00404236473744259,0.006725225957400508,Lower Volume / Lower Value
Mercury skirt,3,1285,55.8851525423728,0.00404236473744259,0.006317233580623377,Lower Volume / Lower Value
Uno,5,1284,39.08703389830504,0.004039218928308394,0.004418381481952968,Lower Volume / Lower Value
LS Tunic Dress,1,1284,83.27405084745756,0.004039218928308394,0.009413262852046992,Lower Volume / High Value
Plum,2,1284,90.02613559322029,0.004039218928308394,0.010176515604427082,Lower Volume / High Value
Cecilia Skirt,2,1283,31.110101694915187,0.004036073119174198,0.003516672500351774,Lower Volume / Lower Value
Cecilia top,4,1283,22.763559322033814,0.004036073119174198,0.002573182944336268,Lower Volume / Lower Value
S Party Highrise Cheeky Brief,1,1282,19.95023728813556,0.004032927310040001,0.002255166232971394,Lower Volume / Lower Value
Enna mini skirt,3,1282,46.44676271186435,0.004032927310040001,0.005250322058120255,Lower Volume / Lower Value
Maja sneaker,3,1282,57.29822033898297,0.004032927310040001,0.006476966155920096,Lower Volume / Lower Value
FORZE comp. tights,2,1282,70.0248644067796,0.004032927310040001,0.007915580521565211,Lower Volume / High Value
Charlotte A-line dress,5,1281,41.696033898305004,0.004029781500905804,0.004713301718582001,Lower Volume / Lower Value
EMBR FRONT FRILL TEE,2,1281,30.324288135593157,0.004029781500905804,0.003427844473957922,Lower Volume / Lower Value
Amaretto blazer,1,1281,48.09359322033894,0.004029781500905804,0.0054364790697136785,Lower Volume / Lower Value
Viola wrap dress,3,1281,50.281288135593165,0.004029781500905804,0.005683775160966616,Lower Volume / Lower Value
Basilika Playsuit,3,1280,21.035881355932183,0.004026635691771608,0.0023778869709436016,Lower Volume / Lower Value
Marcel body,2,1280,27.012627118643984,0.004026635691771608,0.003053495738521431,Lower Volume / Lower Value
OPHELIA BLOUSE,2,1279,50.505694915254196,0.004023489882637411,0.005709142006715483,Lower Volume / Lower Value
Gabbi tank,3,1279,9.28457627118636,0.004023489882637411,0.0010495245039856722,Lower Volume / Lower Value
Star knot dress,2,1279,69.20918644067794,0.004023489882637411,0.007823376635487867,Lower Volume / High Value
HS PI Nala kaftan,1,1278,36.731338983050755,0.004020344073503214,0.004152094743036674,Lower Volume / Lower Value
&Denim+ Lou shirtdress.,1,1278,62.41837288135586,0.004020344073503214,0.007055745994698699,Lower Volume / High Value
Skirt Pencil S,2,1278,61.79655932203383,0.004020344073503214,0.0069854564576904985,Lower Volume / High Value
Hortensia,2,1278,60.03376271186437,0.004020344073503214,0.006786190687893627,Lower Volume / Lower Value
Pomsky knitted cardigan,2,1277,42.73962711864402,0.004017198264369018,0.004831269046863657,Lower Volume / Lower Value
Ava,2,1277,40.87757627118639,0.004017198264369018,0.004620783620820153,Lower Volume / Lower Value
W CAROL CAMI OL OFFER,3,1277,15.987864406779597,0.004017198264369018,0.001807261308562817,Lower Volume / Lower Value
Pio bikini top,2,1277,31.5551864406779,0.004017198264369018,0.0035669846883702914,Lower Volume / Lower Value
Diane,4,1277,49.374796610169426,0.004017198264369018,0.00558130574924558,Lower Volume / Lower Value
Shiloh lace top,2,1277,42.100983050847404,0.004017198264369018,0.00475907699642429,Lower Volume / Lower Value
WILDER,1,1276,56.67720338983043,0.004014052455234821,0.0064067666673824535,Lower Volume / Lower Value
Utility Joggers 1,2,1276,37.16493220338975,0.004014052455234821,0.004201107933969263,Lower Volume / Lower Value
Erykah 1p Tights,1,1276,14.376694915254195,0.004014052455234821,0.0016251354029705764,Lower Volume / Lower Value
Shelly blouse,2,1276,39.662355932203305,0.004014052455234821,0.00448341563694537,Lower Volume / Lower Value
Patty,1,1275,46.11389830508469,0.004010906646100624,0.005212695208901074,Lower Volume / Lower Value
APRIL,5,1275,35.86569491525415,0.004010906646100624,0.004054242710337903,Lower Volume / Lower Value
Lilac smock dress,2,1275,27.67237288135586,0.004010906646100624,0.00312807311546815,Lower Volume / Lower Value
Amigo,4,1274,56.47855932203384,0.004007760836966428,0.006384312027489957,Lower Volume / Lower Value
Orlando Soft Body,1,1273,47.784288135593165,0.004004615027832232,0.005401515356113147,Lower Volume / Lower Value
WEEKEND SWEATER,6,1273,26.996542372881294,0.004004615027832232,0.0030516775257861104,Lower Volume / Lower Value
Dress,2,1273,79.93316949152536,0.004004615027832232,0.009035611062073417,Lower Volume / High Value
Heaven Shaping biker,2,1272,39.51344067796602,0.004001469218698035,0.004466582320725617,Lower Volume / Lower Value
Nice LS,2,1272,16.246542372881315,0.004001469218698035,0.0018365021544706117,Lower Volume / Lower Value
Saturn trs (J),2,1272,19.262593220338953,0.004001469218698035,0.002177435243630218,Lower Volume / Lower Value
Simon Retro Stripe Tee,9,1271,12.542576271186373,0.003998323409563839,0.001417807421171339,Lower Volume / Lower Value
Nortull,2,1271,51.474525423728764,0.003998323409563839,0.005818658190238959,Lower Volume / Lower Value
Fernanda PQ,4,1271,75.65376271186435,0.003998323409563839,0.008551868762307404,Lower Volume / High Value
YIKES PRICE BODY,2,1271,16.307491525423682,0.003998323409563839,0.0018433918204308012,Lower Volume / Lower Value
Amelia popover,3,1271,40.555915254237235,0.003998323409563839,0.00458442319796351,Lower Volume / Lower Value
Scar Coat,1,1271,119.26032203389826,0.003998323409563839,0.013481135452162658,Lower Volume / High Value
Palma body,1,1270,27.659762711864346,0.003995177600429643,0.003126647667338457,Lower Volume / Lower Value
Molly RTW blouse.,3,1270,28.86155932203381,0.003995177600429643,0.0032624982386880745,Lower Volume / Lower Value
Anakin body,2,1270,20.845101694915236,0.003995177600429643,0.0023563213202072563,Lower Volume / Lower Value
Sunrise jumpsuit,1,1269,75.50274576271181,0.003992031791295446,0.00853479787139937,Lower Volume / High Value
Alice HW Twill Shorts,5,1269,19.11955932203387,0.003992031791295446,0.002161266753352675,Lower Volume / Lower Value
Heavy Plain Overknee 2p,2,1269,16.335779661016907,0.003992031791295446,0.001846589499098087,Lower Volume / Lower Value
Mist Loose Tank,3,1269,27.432949152542285,0.003992031791295446,0.003101008760253008,Lower Volume / Lower Value
Pamela Tee.,4,1268,10.101966101694847,0.003988885982161249,0.0011419218984784784,Lower Volume / Lower Value
Mike printed stripe,3,1268,16.683186440677922,0.003988885982161249,0.0018858602118861888,Lower Volume / Lower Value
Chrissie brazilian dotnet,2,1268,9.796694915254164,0.003988885982161249,0.0011074141750054569,Lower Volume / Lower Value
Hans top,3,1268,48.869033898305034,0.003988885982161249,0.005524134550065361,Lower Volume / Lower Value
Chris 3pk Fancy new,5,1268,30.324237288135528,0.003988885982161249,0.003427838726183205,Lower Volume / Lower Value
Sweet smock,1,1268,26.44128813559316,0.003988885982161249,0.002988911825881821,Lower Volume / Lower Value
Small thin hoops,2,1267,3.2348305084745546,0.0039857401730270525,0.00036566384783983985,Lower Volume / Lower Value
Granola Seamless cropepd tank,2,1267,26.678542372881267,0.0039857401730270525,0.003015730942709054,Lower Volume / Lower Value
Issa shorts,6,1267,41.82493220338979,0.0039857401730270525,0.004727872327488359,Lower Volume / Lower Value
Wide H.W,4,1267,80.16583050847451,0.0039857401730270525,0.00906191096325126,Lower Volume / High Value
SKY BLOUSE,3,1266,41.49110169491516,0.003982594363892856,0.004690136270549558,Lower Volume / Lower Value
Sally Skirt(1),2,1266,60.0337118644067,0.003982594363892856,0.0067861849401189035,Lower Volume / Lower Value
Jack Skinny Slack,5,1266,60.07315254237281,0.003982594363892856,0.006790643297374012,Lower Volume / Lower Value
Charlotte C&S body,1,1266,35.64327118644061,0.003982594363892856,0.004029100027802984,Lower Volume / Lower Value
TP Princeton LS shirt,9,1266,26.063237288135507,0.003982594363892856,0.002946177120864566,Lower Volume / Lower Value
Swift Dress,2,1266,55.49386440677959,0.003982594363892856,0.006273002538254927,Lower Volume / Lower Value
Katarina softbra 2pk,9,1266,48.695796610169445,0.003982594363892856,0.005504551881606212,Lower Volume / Lower Value
Saffron cargo LW trousers,2,1265,55.475762711864334,0.003979448554758659,0.006270956330455849,Lower Volume / Lower Value
Antonia Beanie new,12,1265,14.496508474576219,0.003979448554758659,0.0016386790761275783,Lower Volume / Lower Value
DONT USE ROLAND HOOD,3,1265,36.839016949152466,0.003979448554758659,0.004164266613961338,Lower Volume / Lower Value
Bonina tee,2,1265,25.998288135593135,0.003979448554758659,0.002938835296626677,Lower Volume / Lower Value
Dodo Button Tank,3,1265,26.1161864406779,0.003979448554758659,0.0029521624702693603,Lower Volume / Lower Value
7pk sneaker sock basic,1,1265,16.01998305084741,0.003979448554758659,0.0018108919862587479,Lower Volume / Lower Value
Clarence hipster,3,1264,16.610677966101647,0.0039763027456244625,0.001877663885140445,Lower Volume / Lower Value
MINT STRAP TANK,5,1264,13.44222033898299,0.0039763027456244625,0.0015195027992305522,Lower Volume / Lower Value
Skinny H.W Ankle Comet Zip,1,1264,27.42061016949145,0.0039763027456244625,0.0030996139669218032,Lower Volume / Lower Value
Hallie blouse,2,1263,31.429762711864328,0.003973156936490266,0.003552806844069565,Lower Volume / Lower Value
Solitude cardigan,3,1263,128.49272881355924,0.003973156936490266,0.014524762739289196,Lower Volume / High Value
Sabrina Sl-set (W),2,1263,31.25513559322027,0.003973156936490266,0.003533067069768165,Lower Volume / Lower Value
Isak shortsleeve popover,3,1263,27.247661016949078,0.003973156936490266,0.003080063869186047,Lower Volume / Lower Value
SPEED Sea knitted top,1,1263,47.19845762711859,0.003973156936490266,0.005335293327679329,Lower Volume / Lower Value
LS blossom Bandeau,1,1263,50.25005084745758,0.003973156936490266,0.005680244111365775,Lower Volume / Lower Value
Virginie 2p shorts (J),2,1263,21.90096610169487,0.003973156936490266,0.00247567577812049,Lower Volume / Lower Value
Carl Padded Jacket,2,1263,119.8867966101694,0.003973156936490266,0.013551951868519867,Lower Volume / High Value
Vishnu Dress,4,1262,102.06057627118639,0.003970011127356069,0.011536883596931438,Lower Volume / High Value
ESSENTIAL RAVEN TEE STRIPE,2,1262,26.757372881355845,0.003970011127356069,0.00302464190944455,Lower Volume / Lower Value
Peru ss,4,1262,10.440203389830426,0.003970011127356069,0.0011801560958927017,Lower Volume / Lower Value
Olga Tank,1,1262,20.011372881355904,0.003970011127356069,0.0022620769741055454,Lower Volume / Lower Value
Tess SL set NEW (W),2,1261,27.703644067796567,0.0039668653182218724,0.0031316079969188073,Lower Volume / Lower Value
Montauk Cheeky Brief,1,1261,20.660440677966083,0.0039668653182218724,0.0023354473183617975,Lower Volume / Lower Value
Arnie chunky sneaker,4,1261,71.13344067796608,0.0039668653182218724,0.008040893505934569,Lower Volume / High Value
Kamelia,2,1260,31.475372881355867,0.003963719509087677,0.0035579625979902767,Lower Volume / Lower Value
AQUARIOUS OR ECLIPSE,4,1260,43.34193220338978,0.003963719509087677,0.004899353354305624,Lower Volume / Lower Value
W LAURA SKIRT EQ,2,1260,36.64477966101686,0.003963719509087677,0.004142310114544269,Lower Volume / Lower Value
Bell saddle bag,3,1260,31.207084745762643,0.003963719509087677,0.0035276354226610636,Lower Volume / Lower Value
2-Pack Pinky Tank,2,1260,40.168101694915165,0.003963719509087677,0.004540584920200684,Lower Volume / Lower Value
Darko Sandal,3,1260,28.272203389830448,0.003963719509087677,0.0031958776978739147,Lower Volume / Lower Value
Sky wide trouser(1),1,1260,73.23489830508473,0.003963719509087677,0.008278441371268307,Lower Volume / High Value
W BARBERINI DRESS eq,4,1260,33.66979661016943,0.003963719509087677,0.0038060193114307014,Lower Volume / Lower Value
Natalia,3,1260,75.02967796610166,0.003963719509087677,0.008481322491361867,Lower Volume / High Value
Rebecca knitted jumper,2,1259,56.25103389830504,0.00396057369995348,0.006358592651558481,Lower Volume / Lower Value
DONNA DENIM SKIRT,2,1259,51.11576271186436,0.00396057369995348,0.00577810380776417,Lower Volume / Lower Value
Milly plisse trs straight HW,4,1259,53.60167796610163,0.00396057369995348,0.006059110597729439,Lower Volume / Lower Value
ED Miranda jumper,6,1259,39.4986779661016,0.00396057369995348,0.004464913550132923,Lower Volume / Lower Value
Eden positano speed,2,1259,21.286338983050825,0.00396057369995348,0.0024061985932722248,Lower Volume / Lower Value
Topa Dress,3,1259,57.8938983050847,0.00396057369995348,0.006544301336724016,Lower Volume / Lower Value
Lidon HR V-shape brazilian,2,1258,27.181186440677905,0.003957427890819283,0.003072549611706664,Lower Volume / Lower Value
Violet dress,3,1258,48.9813389830508,0.003957427890819283,0.005536829468489227,Lower Volume / Lower Value
Luwin jumper,2,1257,32.06508474576263,0.003954282081685087,0.0036246233732274533,Lower Volume / Lower Value
Holiday HW trouser,2,1257,61.5201355932203,0.003954282081685087,0.006954209638406648,Lower Volume / High Value
Kaizen Teddy,2,1257,37.59359322033893,0.003954282081685087,0.00424956359075435,Lower Volume / Lower Value
MANGO SHIRT,2,1257,38.5772711864406,0.003954282081685087,0.0043607581244950455,Lower Volume / Lower Value
Grease,3,1256,21.85737288135586,0.00395113627255089,0.0024707480192635327,Lower Volume / Lower Value
Gemini skirt.,1,1256,30.257813559322003,0.00395113627255089,0.0034203302164785418,Lower Volume / Lower Value
Billy Cargo Pant,5,1256,55.4292711864406,0.00395113627255089,0.006265700948440054,Lower Volume / Lower Value
Samara Clutch,1,1256,26.18566101694907,0.00395113627255089,0.0029600158464570168,Lower Volume / Lower Value
Kim n-slip (W),2,1256,29.771135593220272,0.00395113627255089,0.0033653163487419144,Lower Volume / Lower Value
Micro 2p minishaftless,3,1256,10.604101694915187,0.00395113627255089,0.0011986830897289208,Lower Volume / Lower Value
Versailles lace top,2,1255,50.89669491525416,0.003947990463416693,0.005753340478360535,Lower Volume / Lower Value
Wakkiki,4,1255,15.079881355932152,0.003947990463416693,0.0017046232954500981,Lower Volume / Lower Value
Pluto dress,7,1254,50.98654237288131,0.0039448446542824965,0.005763496796284613,Lower Volume / Lower Value
Marge tee,4,1253,16.37405084745758,0.0039416988451483,0.0018509156575347125,Lower Volume / Lower Value
Amsterdam scarf,2,1253,14.257169491525374,0.0039416988451483,0.0016116243005369658,Lower Volume / Lower Value
Beatrice,4,1253,24.230813559321973,0.0039416988451483,0.0027390407315558848,Lower Volume / Lower Value
Nix slacks trouser,2,1253,57.67984745762705,0.0039416988451483,0.00652010512109241,Lower Volume / Lower Value
ED Lively blouse,2,1253,41.45162711864401,0.0039416988451483,0.004685674081444645,Lower Volume / Lower Value
Pong pleated,3,1253,49.9761016949152,0.0039416988451483,0.005649277017118124,Lower Volume / Lower Value
RR 43 2/3 Spaghetti dress,2,1253,35.28574576271181,0.0039416988451483,0.003988685507846298,Lower Volume / Lower Value
Rawley Chinos Slim,6,1252,43.95999999999995,0.003938553036014104,0.00496921947190971,Lower Volume / Lower Value
Starfish dressed trouser,4,1252,58.21867796610162,0.003938553036014104,0.006581014289763268,Lower Volume / Lower Value
Traditional 2p Heavy Socks,4,1252,13.705152542372826,0.003938553036014104,0.0015492245422896263,Lower Volume / Lower Value
DREW SKIRT,1,1252,39.12637288135585,0.003938553036014104,0.004422828343658637,Lower Volume / Lower Value
S.skinny L.W Elite,1,1251,46.39345762711858,0.003935407226879907,0.005244296474292446,Lower Volume / Lower Value
Romina LL PJ (W),4,1251,51.153135593220256,0.003935407226879907,0.0057823284221808005,Lower Volume / Lower Value
DONNA LINNEN L/S,2,1251,39.07794915254229,0.003935407226879907,0.004417354546203614,Lower Volume / Lower Value
Dalila dress,1,1251,37.31789830508466,0.003935407226879907,0.00421839915624143,Lower Volume / Lower Value
Jacy Tank,4,1250,10.17364406779653,0.003932261417745711,0.0011500243449038508,Lower Volume / Lower Value
ED Kelso shorts,3,1250,19.14864406779658,0.003932261417745711,0.0021645544804905193,Lower Volume / Lower Value
Cheddar,2,1250,60.47310169491518,0.003932261417745711,0.0068358533773691735,Lower Volume / Lower Value
Odd Smock Bandeau,1,1250,29.08964406779654,0.003932261417745711,0.0032882808401414353,Lower Volume / Lower Value
Blueberry skirt,1,1250,42.850152542372825,0.003932261417745711,0.004843762793172444,Lower Volume / Lower Value
ORCHID F&F JRSY TPP,3,1249,28.44820338983045,0.003929115608611514,0.003215772662092662,Lower Volume / Lower Value
JOAN cap,11,1249,11.507966101694853,0.003929115608611514,0.0013008555330896042,Lower Volume / Lower Value
Almond Tee,2,1249,26.12420338983042,0.003929115608611514,0.002953068702749661,Lower Volume / Lower Value
Margarita cut padding,2,1249,25.493474576271126,0.003929115608611514,0.002881771389241168,Lower Volume / Lower Value
Legend Inner bra cropped tank,3,1249,35.21420338983048,0.003929115608611514,0.003980598388820171,Lower Volume / Lower Value
Cactus padded bra strap ring,2,1248,27.84583050847455,0.003925969799477317,0.0031476806909510767,Lower Volume / Lower Value
Amaryllis Blanket,2,1248,25.197288135593162,0.003925969799477317,0.002848290601517497,Lower Volume / Lower Value
CSP Celma,2,1248,22.992644067796547,0.003925969799477317,0.0025990785853590537,Lower Volume / Lower Value
GDC Zoe,3,1248,23.386627118644,0.003925969799477317,0.0026436142597874783,Lower Volume / Lower Value
Class Marty necklace,2,1247,10.033966101694837,0.0039228239903431215,0.0011342352077575977,Lower Volume / Lower Value
BUMBO CF TVP,4,1247,13.086932203389772,0.0039228239903431215,0.0014793411813613913,Lower Volume / Lower Value
Penelope Denim Price Item,1,1247,20.62164406779659,0.0039228239903431215,0.0023310617662531,Lower Volume / Lower Value
Khloe padded softbra,2,1247,17.92674576271183,0.0039228239903431215,0.0020264316222029705,Lower Volume / Lower Value
JOHN bootie,6,1247,12.968118644067733,0.0039228239903431215,0.0014659105477738122,Lower Volume / Lower Value
Geri Roll Neck,2,1246,38.678338983050764,0.003919678181208925,0.0043721827847065615,Lower Volume / Lower Value
CS Berlin,1,1246,79.26977966101688,0.003919678181208925,0.008960621761272014,Lower Volume / High Value
Rio FU,2,1246,53.44469491525416,0.003919678181208925,0.006041365301254666,Lower Volume / Lower Value
Sage frill playsuit,3,1246,50.703949152542336,0.003919678181208925,0.005731552580335156,Lower Volume / Lower Value
Distraction seamless bra,3,1245,29.489508474576212,0.003916532372074728,0.0033334813405120713,Lower Volume / Lower Value
Fatima t-shirt,4,1245,20.676254237288116,0.003916532372074728,0.002337234876298632,Lower Volume / Lower Value
EVA TIGHT CONSCIOUS TANK TOP,3,1245,20.598254237288117,0.003916532372074728,0.0023284177898835056,Lower Volume / Lower Value
ED Kendall bikershorts,1,1245,15.94410169491521,0.003916532372074728,0.0018023143904568094,Lower Volume / Lower Value
Tutti Frutti Lace thong L. 2p,3,1244,19.15427118644065,0.0039133865629405315,0.0021651905675591464,Lower Volume / Lower Value
Linnea linen t-shirt,4,1243,26.84255932203381,0.003910240753806335,0.00303427134801961,Lower Volume / Lower Value
Charlotte push body opt2,2,1243,51.5035762711864,0.003910240753806335,0.005821942085526993,Lower Volume / Lower Value
Fancy correy.,21,1243,23.26522033898297,0.003910240753806335,0.0026298904896893565,Lower Volume / Lower Value
Colibri,3,1243,79.68208474576265,0.003910240753806335,0.00900722855052329,Lower Volume / High Value
Blondie Hairy,1,1242,23.089525423728748,0.003907094944672138,0.0026100300121189106,Lower Volume / Lower Value
Tersk,3,1242,155.08428813559317,0.003907094944672138,0.01753066115538322,Lower Volume / High Value
CSP Molly,4,1242,11.39428813559315,0.003907094944672138,0.0012880054247483923,Lower Volume / Lower Value
Freddy fur coat,2,1241,145.98864406779654,0.0039039491355379414,0.01650249346631918,Lower Volume / High Value
Lyra HW wide full,1,1241,38.77052542372873,0.0039039491355379414,0.0043826035002675935,Lower Volume / Lower Value
MC Emerald,2,1241,36.98733898305077,0.0039039491355379414,0.004181032872809398,Lower Volume / Lower Value
CS Rachel blouse,1,1241,39.7929152542372,0.0039039491355379414,0.004498174006492462,Lower Volume / Lower Value
Fluff Olga LL PJ (J),1,1241,37.97594915254231,0.0039039491355379414,0.0042927849406976,Lower Volume / Lower Value
Charli hood,3,1241,56.47061016949145,0.0039039491355379414,0.006383413458709275,Lower Volume / Lower Value
Dime HW,2,1241,38.142932203389776,0.0039039491355379414,0.0043116606328666195,Lower Volume / Lower Value
Salak jumpsuit,3,1240,64.33203389830506,0.0039008033264037447,0.007272065412079466,Lower Volume / High Value
Zebra sweater,15,1240,11.664864406779587,0.0039008033264037447,0.0013185912499398475,Lower Volume / Lower Value
2P LS body mixed TVP,24,1240,15.654830508474527,0.0039008033264037447,0.0017696153000945835,Lower Volume / Lower Value
XMAS Cherry sweater,3,1239,32.112999999999936,0.0038976575172695485,0.003630039692935313,Lower Volume / Lower Value
SAILOR LS TOP,2,1239,30.607661016949088,0.0038976575172695485,0.0034598768224530325,Lower Volume / Lower Value
BENDELA LS,3,1239,18.5139322033898,0.0038976575172695485,0.0020928069246292295,Lower Volume / Lower Value
Jonas slim 5 pkt,6,1238,36.46574576271179,0.003894511708135352,0.004122072199767439,Lower Volume / Lower Value
Hip hugger NW straight denim,2,1238,70.19286440677963,0.003894511708135352,0.007934571169228565,Lower Volume / High Value
Drogo tee,8,1238,27.490050847457564,0.003894511708135352,0.0031074635112596513,Lower Volume / Lower Value
Charlott 2pk padded bra,7,1238,50.10576271186436,0.003894511708135352,0.005663933842645225,Lower Volume / Lower Value
Dover Funnel,4,1238,25.67777966101691,0.003894511708135352,0.002902605156663614,Lower Volume / Lower Value
Jess 2 pack frill shorts (J),2,1237,29.14969491525418,0.003891365899001155,0.0032950689620816352,Lower Volume / Lower Value
Hilton skirt,1,1237,51.03320338983046,0.003891365899001155,0.005768771337549463,Lower Volume / Lower Value
Mara off shoulder dress,3,1237,27.737169491525364,0.003891365899001155,0.003135397696381891,Lower Volume / Lower Value
Venice Highwaist Brief,1,1236,29.588966101694854,0.0038882200898669585,0.003344723987857565,Lower Volume / Lower Value
Beast soft bra galloon lace,2,1236,29.078338983050784,0.0038882200898669585,0.003287002918229465,Lower Volume / Lower Value
Marbs Swimsuit,1,1236,43.58744067796606,0.0038882200898669585,0.00492710552656184,Lower Volume / Lower Value
Kylie shirt sl-set (J),1,1236,33.30750847457618,0.0038882200898669585,0.0037650664165755645,Lower Volume / Lower Value
Liza Padded (Milano) 2pk,2,1236,35.23530508474574,0.0038882200898669585,0.003982983715327523,Lower Volume / Lower Value
Eve plisse skirt,2,1236,56.3533050847457,0.0038882200898669585,0.006370153342438286,Lower Volume / Lower Value
SUZY HALF ZIP LOW LOW,6,1235,29.459932203389773,0.0038850742807327618,0.0033301380515519687,Lower Volume / Lower Value
Delphine Shirt,3,1235,30.56083050847451,0.0038850742807327618,0.0034545831219391266,Lower Volume / Lower Value
Jersey Blazer,3,1235,53.88589830508468,0.0038850742807327618,0.006091238742469825,Lower Volume / Lower Value
Sweet & Bitter High Rise Brief,2,1234,26.15018644067788,0.0038819284715985655,0.0029560058156297983,Lower Volume / Lower Value
Stella treggings (1),2,1234,58.105305084745694,0.0038819284715985655,0.006568198668070357,Lower Volume / Lower Value
Belle PU skirt,2,1234,49.46013559322029,0.0038819284715985655,0.0055909524311447915,Lower Volume / Lower Value
HIPPIE HENLEY LS,5,1234,18.027983050847425,0.0038819284715985655,0.0020378754416635423,Lower Volume / Lower Value
Capri body,1,1234,16.494016949152503,0.0038819284715985655,0.0018644765740158662,Lower Volume / Lower Value
Dora,1,1234,16.775169491525386,0.0038819284715985655,0.0018962579363483562,Lower Volume / Lower Value
MACY SUNGLASSES,2,1233,10.517457627118581,0.003878782662464369,0.0011888888816119882,Lower Volume / Lower Value
Cayley WL,3,1233,66.27491525423724,0.003878782662464369,0.007491687883997314,Lower Volume / High Value
Santa highwaist with bow,2,1233,22.034220338982987,0.003878782662464369,0.0024907387797275552,Lower Volume / Lower Value
OL BELWAL PQ wedge,3,1232,73.17584745762707,0.003875636853330172,0.00827176628889753,Lower Volume / High Value
Eden plisse maxi dress,2,1232,52.97350847457623,0.003875636853330172,0.005988102588881676,Lower Volume / Lower Value
Typhoon shorts,3,1232,45.851796610169444,0.003875636853330172,0.005183067346162372,Lower Volume / Lower Value
Butterfly,2,1232,34.179271186440594,0.003875636853330172,0.0038636100981652246,Lower Volume / Lower Value
RR 32 2 BLOUSE high neck,1,1232,35.608898305084665,0.003875636853330172,0.004025214532094622,Lower Volume / Lower Value
Monroe sockboot,1,1231,47.787830508474514,0.0038724910441959755,0.005401915784418396,Lower Volume / Lower Value
Elson boot,2,1231,65.55259322033895,0.0038724910441959755,0.007410036912299478,Lower Volume / High Value
Daniel Shorts,5,1231,27.2690677966101,0.0038724910441959755,0.003082483682341698,Lower Volume / Lower Value
BOOGIE hooded tee,2,1231,17.737050847457574,0.0038724910441959755,0.0020049885906605752,Lower Volume / Lower Value
Helga Knotted back,3,1230,13.585389830508419,0.0038693452350617797,0.0015356866169073395,Lower Volume / Lower Value
Ally TU,1,1230,40.81701694915247,0.0038693452350617797,0.004613938021132787,Lower Volume / Lower Value
Carina high support bra,1,1230,46.89523728813554,0.0038693452350617797,0.005301017431119874,Lower Volume / Lower Value
PC J Silver,1,1229,38.2315932203389,0.003866199425927583,0.004321682836047305,Lower Volume / Lower Value
Britney rib 2p shorts (J),2,1229,20.006694915254215,0.003866199425927583,0.002261548178831627,Lower Volume / Lower Value
ED Sun dress,3,1229,46.4903389830508,0.003866199425927583,0.005255247901052305,Lower Volume / Lower Value
LORENZA LACE,1,1229,25.702033898305025,0.003866199425927583,0.002905346845203387,Lower Volume / Lower Value
Manhattan shirt (1),1,1229,30.11033898305078,0.003866199425927583,0.0034036597538757533,Lower Volume / Lower Value
Nancy off shoulder top,4,1229,21.478305084745706,0.003866199425927583,0.0024278983587519517,Lower Volume / Lower Value
Bagira andes SP back detail,3,1228,36.56874576271178,0.0038630536167933863,0.004133715275418181,Lower Volume / Lower Value
Ice Lolly,2,1228,40.069677966101665,0.0038630536167933863,0.004529459144274432,Lower Volume / Lower Value
Scarlett Thong,2,1228,19.10755932203387,0.0038630536167933863,0.002159910278519579,Lower Volume / Lower Value
Blazer Dress,1,1228,58.64315254237281,0.0038630536167933863,0.0066289967130966935,Lower Volume / Lower Value
Babette 2-pack,3,1227,40.37125423728805,0.0038599078076591896,0.004563549196118047,Lower Volume / Lower Value
Sesam sneaker (1),1,1227,48.553677966101645,0.0038599078076591896,0.005488486851273566,Lower Volume / Lower Value
Anja jumper,3,1227,91.53735593220335,0.0038599078076591896,0.010347343300851573,Lower Volume / High Value
Linum HW pleated,1,1227,59.41308474576264,0.0038599078076591896,0.006716029517854089,Lower Volume / Lower Value
Linn HW Side Stripe DNM,3,1226,49.98722033898301,0.0038567619985249934,0.005650533863856135,Lower Volume / Lower Value
Sunny dress,2,1226,42.47250847457623,0.0038567619985249934,0.004801074070352925,Lower Volume / Lower Value
SIMPSON LOW PRICE HOOD,6,1225,16.505491525423686,0.0038536161893907967,0.0018657736551768917,Lower Volume / Lower Value
Susan tank dress,3,1225,33.79449152542369,0.0038536161893907967,0.003820114770960492,Lower Volume / Lower Value
Kajsa loafer,3,1225,47.365915254237244,0.0038536161893907967,0.005354222665745703,Lower Volume / Lower Value
Spark sweater,2,1224,48.32705084745758,0.0038504703802566,0.005462869019362081,Lower Volume / Lower Value
Tikki Pull-on TRS,3,1223,25.433661016949067,0.0038473245711224033,0.002875010090249644,Lower Volume / Lower Value
Oda Dress,2,1223,24.836305084745693,0.0038473245711224033,0.002807485232880085,Lower Volume / Lower Value
Push It HR Brief,1,1222,18.795084745762686,0.0038441787619882067,0.0021245882869617197,Lower Volume / Lower Value
NORWAY+,6,1221,44.950627118644,0.0038410329528540104,0.005081199534861662,Lower Volume / Lower Value
Price Mini Curved Brief,3,1221,20.146389830508458,0.0038410329528540104,0.0022773392319027862,Lower Volume / Lower Value
Edda top(1),1,1221,20.10442372881354,0.0038410329528540104,0.0022725954018367597,Lower Volume / Lower Value
Autun frill dress,2,1221,37.4163389830508,0.0038410329528540104,0.004229526848092597,Lower Volume / Lower Value
Parker jumper,4,1221,39.68262711864398,0.0038410329528540104,0.004485707083132351,Lower Volume / Lower Value
Slim R.W Ankle 29.99,4,1221,35.14550847457622,0.0038410329528540104,0.003972833145178162,Lower Volume / Lower Value
Scarf Wolf,6,1221,17.72372881355929,0.0038410329528540104,0.0020034826736848523,Lower Volume / Lower Value
B August Lace Beach Dress,2,1220,77.15193220338978,0.0038378871437198137,0.008721221196554656,Lower Volume / High Value
CAMDEN s/s tee TP,41,1220,17.597084745762675,0.0038378871437198137,0.0019891668827909303,Lower Volume / Lower Value
Perfect hood,30,1220,37.783830508474495,0.0038378871437198137,0.0042710679318937175,Lower Volume / Lower Value
Jenny Boot,3,1219,58.58179661016942,0.003834741334585617,0.006622061064938772,Lower Volume / Lower Value
Charlie Denim Dungaree,2,1219,46.70247457627113,0.003834741334585617,0.005279227617169584,Lower Volume / Lower Value
Elektra body,1,1219,15.889406779660973,0.003834741334585617,0.0017961317007867503,Lower Volume / Lower Value
Bruce skinny,5,1218,37.1279491525423,0.0038315955254514204,0.0041969273858254545,Lower Volume / Lower Value
Dress Frill,1,1218,77.48871186440672,0.0038315955254514204,0.008759290624427006,Lower Volume / High Value
Honey Leggings 2PACK - TVP,2,1218,27.57533898305078,0.0038315955254514204,0.0031171044453841444,Lower Volume / Lower Value
BIM shirt,7,1218,23.777288135593142,0.0038315955254514204,0.002687774412934424,Lower Volume / Lower Value
Lipa jumpsuit,3,1218,37.42286440677961,0.0038315955254514204,0.004230264479181216,Lower Volume / Lower Value
Lady Mary top,2,1218,55.386576271186364,0.0038315955254514204,0.00626087473360309,Lower Volume / Lower Value
Mary Top,2,1218,48.57530508474568,0.0038315955254514204,0.005490931571452985,Lower Volume / Lower Value
Dr Drey halterneck top,2,1218,17.86367796610164,0.0038315955254514204,0.0020193024656295906,Lower Volume / Lower Value
Karl turtleneck jumper,4,1217,89.25188135593216,0.0038284497163172237,0.010088994238818783,Lower Volume / High Value
Morris sandalette,2,1217,36.75710169491519,0.0038284497163172237,0.004155006948893042,Lower Volume / Lower Value
Doors Blouse,3,1216,32.04483050847449,0.003825303907183027,0.0036223338429653756,Lower Volume / Lower Value
ED Jennifer blazer,3,1216,58.833796610169415,0.003825303907183027,0.006650547036433795,Lower Volume / Lower Value
Block 1p Overknee,1,1216,16.919491525423695,0.003825303907183027,0.0019125720369187178,Lower Volume / Lower Value
CS EGRET BOHO BLOUSE,2,1216,39.75989830508466,0.003825303907183027,0.0044944417847765416,Lower Volume / Lower Value
ES LOGAN LS,2,1216,27.04806779661011,0.003825303907183027,0.003057501937498841,Lower Volume / Lower Value
Papi Chulo Highwaist,4,1216,12.063542372881297,0.003825303907183027,0.001363657635567099,Lower Volume / Lower Value
Flora Skirt,2,1216,39.72793220338974,0.003825303907183027,0.004490828350404761,Lower Volume / Lower Value
Robin 3pk Basic,9,1216,26.282474576271124,0.003825303907183027,0.0029709596095172544,Lower Volume / Lower Value
Anja jacquard dress,4,1215,37.58705084745757,0.0038221580980488308,0.004248824043740825,Lower Volume / Lower Value
The worlds Greatest Dres,7,1215,96.33427118644063,0.0038221580980488308,0.01088958453575732,Lower Volume / High Value
Nelly,2,1215,28.048525423728755,0.0038221580980488308,0.0031705932368959874,Lower Volume / Lower Value
cluedo tank,2,1215,28.5798644067796,0.0038221580980488308,0.003230655566758612,Lower Volume / Lower Value
DORIS TWIST,2,1215,32.464813559321954,0.0038221580980488308,0.0036698085461988436,Lower Volume / Lower Value
Arnica Padded Jacket,2,1215,37.66822033898298,0.0038221580980488308,0.0042579994081132794,Lower Volume / Lower Value
Natalia Cropped Pile Jacket,2,1215,94.19440677966098,0.0038221580980488308,0.010647695184587712,Lower Volume / High Value
Fiona One Shoulder,3,1215,38.67133898305076,0.0038221580980488308,0.004371391507720588,Lower Volume / Lower Value
Ellie Embroidery,1,1214,44.89988135593216,0.003819012288914634,0.005075463255694588,Lower Volume / Lower Value
FreeFit Skinny(1),3,1214,97.55333898305079,0.003819012288914634,0.011027387434585648,Lower Volume / High Value
SPORT Izzy loose tee,2,1214,27.948084745762657,0.003819012288914634,0.003159239465905975,Lower Volume / Lower Value
ED Griezman top,4,1214,27.945542372881295,0.003819012288914634,0.003158952077170149,Lower Volume / Lower Value
1p Pattern Socks,3,1214,3.8010169491524994,0.003819012288914634,0.000429665319308177,Lower Volume / Lower Value
Ada CN,1,1214,38.338610169491446,0.003819012288914634,0.004333779985900653,Lower Volume / Lower Value
Brenda lace up,2,1213,52.86476271186436,0.0038158664797804374,0.005975810014687966,Lower Volume / Lower Value
Calista,8,1213,19.51499999999998,0.0038158664797804374,0.002205967197322975,Lower Volume / Lower Value
Olivia Scarf,3,1212,15.235610169491478,0.0038127206706462407,0.0017222268134818633,Lower Volume / Lower Value
FF Blossom dress,1,1212,80.02118644067791,0.0038127206706462407,0.009045560460107696,Lower Volume / High Value
ED Bounty dress,3,1212,56.61401694915247,0.0038127206706462407,0.006399624099334738,Lower Volume / Lower Value
Idaho,2,1212,19.972406779660965,0.0038127206706462407,0.0022576722627477906,Lower Volume / Lower Value
Velvet Chenille 1p Socks,3,1212,8.663593220338905,0.0038127206706462407,0.0009793288472978406,Lower Volume / Lower Value
Adele sunglasses,3,1212,9.20074576271181,0.0038127206706462407,0.0010400483394030558,Lower Volume / Lower Value
WAFFLE LS CTN SLIM FIT,3,1212,29.574830508474513,0.0038127206706462407,0.003343126106486375,Lower Volume / Lower Value
GREG 2-p tanktop BB,1,1211,12.786728813559264,0.003809574861512044,0.0014454063194351162,Lower Volume / Lower Value
Cover Girl Shape Hipster,1,1211,27.874389830508417,0.003809574861512044,0.003150909024416846,Lower Volume / Lower Value
Clover RW 5-pkt,2,1211,57.388949152542295,0.003809574861512044,0.0064872221019392565,Lower Volume / Lower Value
Jules,5,1211,57.17742372881349,0.003809574861512044,0.0064633113591185745,Lower Volume / Lower Value
Tilly Short dress,2,1211,63.213372881355895,0.003809574861512044,0.007145612452391339,Lower Volume / High Value
Khloe highleg brazilian (opt1),3,1210,15.137610169491476,0.0038064290523778478,0.0017111489356782428,Lower Volume / Lower Value
Saks,2,1210,39.35961016949143,0.0038064290523778478,0.004449193386283268,Lower Volume / Lower Value
Charlie bumbag,2,1210,22.268779661016907,0.0038064290523778478,0.0025172532644948185,Lower Volume / Lower Value
Down Under Swimsuit,2,1210,57.1458305084745,0.0038064290523778478,0.006459740075094716,Lower Volume / Lower Value
RR02 1/2/3 Mockneck Dress,3,1210,35.45435593220331,0.0038064290523778478,0.004007745128806243,Lower Volume / Lower Value
COZY SWATCH SS,3,1209,26.80535593220336,0.003803283243243651,0.0030300658928520364,Lower Volume / Lower Value
Winona Roll Neck,1,1209,25.664254237288066,0.003803283243243651,0.0029010762485890186,Lower Volume / Lower Value
Bounce seamless cropped tee,4,1209,30.047525423728754,0.003803283243243651,0.0033965593361759585,Lower Volume / Lower Value
Emi pump,3,1209,44.878033898305034,0.003803283243243651,0.005072993628491393,Lower Volume / Lower Value
2p Basic Scrunchie,1,1209,7.861999999999912,0.003803283243243651,0.0008887170948169642,Lower Volume / Lower Value
SPARKLES+,2,1208,25.21120338983045,0.0038001374341094553,0.0028498635758649154,Lower Volume / Lower Value
Biq Square Claw,4,1208,3.44311864406774,0.0038001374341094553,0.00038920864900356665,Lower Volume / Lower Value
RA RW shorts conscious,1,1208,17.17318644067793,0.0038001374341094553,0.0019412496009042917,Lower Volume / Lower Value
Ada dress,2,1208,57.44781355932197,0.0038001374341094553,0.006493876109136071,Lower Volume / Lower Value
LS Blossom Tanga,1,1208,28.908915254237233,0.0038001374341094553,0.0032678513328740547,Lower Volume / Lower Value
Patootie HW dnm shorts,2,1208,53.1199491525423,0.0038001374341094553,0.006004656180065222,Lower Volume / Lower Value
Orange,1,1208,56.86401694915249,0.0038001374341094553,0.006427883991690915,Lower Volume / Lower Value
Charlotte Push Back Detail,1,1207,27.907372881355904,0.0037969916249752586,0.003154637414282959,Lower Volume / Lower Value
EBBA BLOUSE,3,1207,38.54967796610161,0.0037969916249752586,0.004357638998748886,Lower Volume / Lower Value
Mary fancy LS,3,1207,22.072338983050795,0.0037969916249752586,0.002495047694840034,Lower Volume / Lower Value
Louie Heel,3,1207,27.675932203389767,0.0037969916249752586,0.0031284754596983067,Lower Volume / Lower Value
Junia section speed,1,1207,28.06103389830502,0.0037969916249752586,0.003172007189476248,Lower Volume / Lower Value
Barry Tee,7,1206,14.298338983050797,0.003793845815841062,0.0016162780821324335,Lower Volume / Lower Value
Drumstick,4,1206,34.17403389830501,0.003793845815841062,0.0038630180773694253,Lower Volume / Lower Value
Collie cable crewneck,2,1206,44.07125423728807,0.003793845815841062,0.004981795602989432,Lower Volume / Lower Value
Hilly body Unpad LS,1,1205,38.22999999999991,0.0037907000067068652,0.0043215027391061865,Lower Volume / Lower Value
Lake Hairy Off Shoulder,2,1205,31.47730508474569,0.0037907000067068652,0.0035581810134295033,Lower Volume / Lower Value
SAILOR LONG SLEEVE,2,1204,28.085288135593164,0.0037875541975726686,0.0031747488780160247,Lower Volume / Lower Value
Lorenzo,2,1204,68.53828813559318,0.0037875541975726686,0.007747538579953326,Lower Volume / High Value
After Beach Highwaist,1,1204,35.207440677966076,0.0037875541975726686,0.003979833934782876,Lower Volume / Lower Value
Yoko ring,2,1204,78.04715254237283,0.0037875541975726686,0.008822416518213532,Lower Volume / High Value
Apple buckle dressed,1,1203,41.207203389830454,0.003784408388438472,0.004658044528382381,Lower Volume / Lower Value
Wrappy LS Body NEW,1,1203,28.819915254237227,0.003784408388438472,0.0032577908111952555,Lower Volume / Lower Value
Plato,1,1203,58.301186440677895,0.003784408388438472,0.006590341012203259,Lower Volume / Lower Value
Blossom (1),2,1202,76.06688135593214,0.0037812625793042756,0.00859856751595414,Lower Volume / High Value
Malva sneaker,2,1202,68.26355932203387,0.0037812625793042756,0.0077164833531600235,Lower Volume / High Value
Diana Sweater,13,1201,16.829644067796576,0.003778116770170079,0.0019024157189946444,Lower Volume / Lower Value
Cappuccino SP Andes,2,1200,37.314983050847374,0.0037749709610358823,0.004218069617157683,Lower Volume / Lower Value
Barbados dress,2,1200,49.633050847457554,0.0037749709610358823,0.005610498697030734,Lower Volume / Lower Value
Mowgli Dress,2,1200,110.75638983050844,0.0037749709610358823,0.012519854617474652,Lower Volume / High Value
Sussie Flared Leggings,2,1200,19.763881355932188,0.0037749709610358823,0.002234100638635387,Lower Volume / Lower Value
Flirty Riley necklace,2,1200,19.346033898305063,0.0037749709610358823,0.002186867341940012,Lower Volume / Lower Value
Melrose Denim Dungaree,2,1199,38.57176271186435,0.0037718251519016856,0.00436013544890076,Lower Volume / Lower Value
Hazelnut push body,1,1199,59.61913559322026,0.0037718251519016856,0.006739321416930292,Lower Volume / Lower Value
Amelie crewneck,2,1199,32.73161016949145,0.0037718251519016856,0.0036999671201363724,Lower Volume / Lower Value
Sonny Pants.,3,1199,24.68715254237283,0.0037718251519016856,0.002790625093711658,Lower Volume / Lower Value
Moscowa coat,3,1199,230.91928813559315,0.0037718251519016856,0.026103016902705174,Lower Volume / High Value
Fancy bongo ls,3,1198,18.504169491525353,0.003768679342767489,0.002091703351883655,Lower Volume / Lower Value
Nathan r-neck,4,1198,39.595474576271116,0.003768679342767489,0.0044758553972682556,Lower Volume / Lower Value
PC Birkin HW Tapered,2,1198,56.202999999999925,0.003768679342767489,0.006353162920376281,Lower Volume / Lower Value
Lollo jumpsuit (party) J,3,1198,32.699627118643996,0.003768679342767489,0.0036963517698396886,Lower Volume / Lower Value
ONA MIDI SKIRT,2,1198,31.938983050847387,0.003768679342767489,0.003610368891930509,Lower Volume / Lower Value
Jones elastic waist,3,1197,25.690067796610087,0.0037655335336332927,0.0029039942022200988,Lower Volume / Lower Value
Silver dress,5,1197,40.0164915254237,0.0037655335336332927,0.004523446971920963,Lower Volume / Lower Value
Como shorts,3,1197,51.44879661016942,0.0037655335336332927,0.005815749816232402,Lower Volume / Lower Value
Flirty Amanda cat sunglasse,3,1197,8.356881355932119,0.0037655335336332927,0.0009446582702078512,Lower Volume / Lower Value
Greta Hip reg.(Poppy) Mi 3p,2,1197,23.09374576271179,0.0037655335336332927,0.0026105070774203798,Lower Volume / Lower Value
Richard cardigan,3,1196,53.492542372881296,0.003762387724499096,0.006046773957262904,Lower Volume / Lower Value
Kiwi dress,2,1196,41.97935593220333,0.003762387724499096,0.004745328319302398,Lower Volume / Lower Value
Lemon,6,1196,19.35252542372876,0.003762387724499096,0.0021876011411788164,Lower Volume / Lower Value
LW (J) BING consc Tee,2,1196,29.68908474576265,0.003762387724499096,0.0033560413562743734,Lower Volume / Lower Value
J MARINE PLAYSUIT,2,1195,39.10874576271178,0.0037592419153648993,0.004420835781756913,Lower Volume / Lower Value
Box espadrill,3,1195,26.993084745762644,0.0037592419153648993,0.0030512866771053872,Lower Volume / Lower Value
Lurex 2p Sock,3,1195,14.486508474576219,0.0037592419153648993,0.0016375486804333312,Lower Volume / Lower Value
Parrot long trouser,2,1195,57.110932203389766,0.0037592419153648993,0.006455795185714285,Lower Volume / Lower Value
Mineko long sleeve,2,1195,14.640847457627073,0.0037592419153648993,0.0016549950926228456,Lower Volume / Lower Value
New york fur,2,1194,69.20593220338978,0.0037560961062307026,0.007823008777906008,Lower Volume / High Value
OXO HOOD,6,1194,44.543576271186375,0.0037560961062307026,0.005035186682331093,Lower Volume / Lower Value
Mix tape swimsuit,1,1194,29.388762711864345,0.0037560961062307026,0.0033220930828737594,Lower Volume / Lower Value
Frenchy Bandeau 2p (1),2,1193,22.641406779660954,0.003752950297096506,0.0025593748735423076,Lower Volume / Lower Value
Chrissy baguette bag,3,1192,28.35205084745755,0.0037498044879623097,0.00320490362010374,Lower Volume / Lower Value
CLARA TEE,3,1192,26.4001016949152,0.0037498044879623097,0.0029842561283614484,Lower Volume / Lower Value
MELODY PUFF SWEATER,3,1192,37.59496610169484,0.0037498044879623097,0.0042497187806716935,Lower Volume / Lower Value
Price Timeless Triangle Top,3,1192,19.67420338983049,0.0037498044879623097,0.0022239634799603686,Lower Volume / Lower Value
CS Zingo,2,1191,68.17693220338981,0.003746658678828113,0.007706691060967997,Lower Volume / High Value
Evie Thong 5pk,3,1191,28.70383050847452,0.003746658678828113,0.003244668641517464,Lower Volume / Lower Value
Mindy peep toe pump,3,1191,36.86981355932198,0.003746658678828113,0.004167747849514641,Lower Volume / Lower Value
Sander merino (PQ),3,1190,50.22705084745755,0.0037435128696939163,0.005677644201269003,Lower Volume / Lower Value
Christina boot(1),1,1190,56.578406779660945,0.0037435128696939163,0.006395598741108275,Lower Volume / Lower Value
Coolio sandal,2,1190,47.3821355932203,0.0037435128696939163,0.00535605620588027,Lower Volume / Lower Value
Peacock (1),2,1190,27.73127118644062,0.0037435128696939163,0.003134730954514776,Lower Volume / Lower Value
Stormi pull-on RW,3,1190,30.745271186440608,0.0037435128696939163,0.0034754322167608134,Lower Volume / Lower Value
Fife dress,2,1189,59.33288135593212,0.0037403670605597196,0.006706963361201246,Lower Volume / Lower Value
Neptune NW tapered trousers,2,1189,75.61710169491519,0.0037403670605597196,0.0085477246167368,Lower Volume / High Value
Steph conscious,2,1188,21.397084745762655,0.003737221251425523,0.00241871724660478,Lower Volume / Lower Value
Lengthy Shortie,1,1188,24.761677966101615,0.003737221251425523,0.002799049415521153,Lower Volume / Lower Value
Sagus Hood,4,1188,31.504084745762647,0.003737221251425523,0.003561208174780199,Lower Volume / Lower Value
Callie Slim Leg Slack RW,2,1188,55.10669491525417,0.003737221251425523,0.006229237065638513,Lower Volume / Lower Value
DIV Kate HW shorts,2,1187,16.20849152542369,0.0037340754422913267,0.0018322009030577568,Lower Volume / Lower Value
NEW Jill,3,1187,23.947627118644014,0.0037340754422913267,0.0027070294582347354,Lower Volume / Lower Value
Eve,2,1187,36.72842372881349,0.0037340754422913267,0.00415176520395293,Lower Volume / Lower Value
Theon tie-waist jumpsuit,3,1187,94.84718644067792,0.0037340754422913267,0.010721485116398265,Lower Volume / High Value
Ryan elastic waist,1,1186,15.519966101694877,0.0037309296331571305,0.0017543702856214942,Lower Volume / Lower Value
Butter top,3,1186,30.709050847457547,0.0037309296331571305,0.003471337885237752,Lower Volume / Lower Value
Hanele dress,2,1186,58.071949152542295,0.0037309296331571305,0.006564428127856325,Lower Volume / Lower Value
Pasadena brazilian Aster opt.2,2,1186,11.51932203389824,0.0037309296331571305,0.0013021392027762909,Lower Volume / Lower Value
Eva Jogger,1,1186,28.00825423728807,0.0037309296331571305,0.003166040999320511,Lower Volume / Lower Value
LAGUNA tank top,3,1185,24.66761016949147,0.003727783824022934,0.002788416032295612,Lower Volume / Lower Value
COZY PIETER JOGGER(1),2,1184,40.53408474576267,0.0037246380148887375,0.004581955486685223,Lower Volume / Lower Value
Juni Padded (Idro) 2p,2,1184,31.077440677966067,0.0037246380148887375,0.003512980513058872,Lower Volume / Lower Value
Jade Button Slim HW DNM,2,1184,33.38471186440672,0.0037246380148887375,0.003773793454520135,Lower Volume / Lower Value
Serrano,2,1184,37.53188135593213,0.0037246380148887375,0.0042425877081734105,Lower Volume / Lower Value
Daniel sweater,1,1183,57.55822033898298,0.003721492205754541,0.006506356443970519,Lower Volume / Lower Value
Columbine Hipster Ch Poppy Low,3,1183,13.273677966101642,0.003721492205754541,0.0015004508419702279,Lower Volume / Lower Value
Valentin skirt,2,1183,40.56623728813553,0.003721492205754541,0.004585589996230961,Lower Volume / Lower Value
Humble Top,5,1183,29.280050847457563,0.003721492205754541,0.0033098043405298603,Lower Volume / Lower Value
10 pk fancy,5,1183,34.44101694915251,0.003721492205754541,0.0038931977264809185,Lower Volume / Lower Value
Alia cropped sweater,6,1182,14.693237288135537,0.003718346396620344,0.0016609172165057554,Lower Volume / Lower Value
Dollar HW Tapered,2,1182,33.951559322033845,0.003718346396620344,0.00383786964705979,Lower Volume / Lower Value
Lemon LS,3,1182,25.178271186440597,0.003718346396620344,0.0028461409337735195,Lower Volume / Lower Value
ANTELOPE LS OL,3,1182,20.90781355932196,0.003718346396620344,0.002363410242357612,Lower Volume / Lower Value
Amarone,2,1182,40.65208474576265,0.003718346396620344,0.004595294155877335,Lower Volume / Lower Value
Shell Belted Cardigan,2,1181,28.825237288135536,0.0037152005874861475,0.003258392411615584,Lower Volume / Lower Value
Ally Twill Pinafore,1,1181,34.16027118644062,0.0037152005874861475,0.0038614623463461575,Lower Volume / Lower Value
Polly Jean PU,1,1181,46.5987457627118,0.0037152005874861475,0.005267502156747902,Lower Volume / Lower Value
Zelda Jumper,2,1180,33.08210169491518,0.003712054778351951,0.0037395865312572774,Lower Volume / Lower Value
Byron tee,3,1180,34.677661016949074,0.003712054778351951,0.0039199478700115515,Lower Volume / Lower Value
Amy dress,2,1180,92.12828813559318,0.003712054778351951,0.010414142022681946,Lower Volume / High Value
HEART sunnies,2,1180,14.057169491525375,0.003712054778351951,0.0015890163866520263,Lower Volume / Lower Value
MC Dayzy blazer,5,1180,68.64937288135587,0.003712054778351951,0.007760095551783993,Lower Volume / High Value
Sister off shoulder,2,1179,28.212915254237227,0.0037089089692177546,0.003189175792554464,Lower Volume / Lower Value
Daisy Hipster 3pk,2,1179,25.14579661016941,0.0037089089692177546,0.002842470021654575,Lower Volume / Lower Value
Salvia shorts.,4,1178,13.93528813559317,0.003705763160083558,0.0015752389706565515,Lower Volume / Lower Value
RR 47.4/5 Wrap dress,2,1178,43.89388135593214,0.003705763160083558,0.004961745448853338,Lower Volume / Lower Value
SC speed Melissa tierd dress,2,1177,30.899593220338918,0.003702617350949361,0.003492876713025423,Lower Volume / Lower Value
Shiloh lace,1,1177,46.34440677966097,0.003702617350949361,0.005238751787615921,Lower Volume / Lower Value
Gilda,14,1177,20.08447457627113,0.003702617350949361,0.0022703403582229782,Lower Volume / Lower Value
Swish high rise w side Brief,1,1176,20.521050847457566,0.0036994715418151645,0.0023196907519389327,Lower Volume / Lower Value
Scout,3,1175,68.37138983050846,0.003696325732680968,0.007728672467408837,Lower Volume / High Value
Timon Coat,2,1175,66.7346101694915,0.003696325732680968,0.0075436515992843775,Lower Volume / High Value
CORN CLASSIC TEE,8,1175,16.830135593220305,0.003696325732680968,0.001902471280816904,Lower Volume / Lower Value
Stockholm shirt,5,1175,20.161966101694855,0.003696325732680968,0.002279099966890939,Lower Volume / Lower Value
FF Iris leggings,1,1175,37.79994915254229,0.003696325732680968,0.004272889976478851,Lower Volume / Lower Value
Sport HAVANA tights,9,1175,47.66932203389826,0.003696325732680968,0.005388519637479119,Lower Volume / Lower Value
Heartbreak top,2,1175,18.60052542372877,0.003696325732680968,0.002102595384971444,Lower Volume / Lower Value
D. Kurt Pile Jacket,7,1175,103.79074576271182,0.003696325732680968,0.01173246121128522,Lower Volume / High Value
ED Julie trousers,2,1174,26.846847457627064,0.0036931799235467716,0.003034756077020706,Lower Volume / Lower Value
Paris Unpadded Swimsuit(1),1,1174,57.58854237288128,0.0036931799235467716,0.006509784033626464,Lower Volume / Lower Value
Boulevard tee,17,1174,8.827389830508398,0.0036931799235467716,0.0009978443455846253,Lower Volume / Lower Value
AK Mai shorts HW,5,1174,21.720677966101647,0.0036931799235467716,0.002455296084900651,Lower Volume / Lower Value
Maiken,1,1174,36.1809491525423,0.0036931799235467716,0.004089878913580266,Lower Volume / Lower Value
Dandelion,2,1173,37.36871186440672,0.003690034114412575,0.004224143099108132,Lower Volume / Lower Value
Maurice sweater,3,1173,28.148796610169423,0.003690034114412575,0.0031819278486369443,Lower Volume / Lower Value
OL BAXTER PQ espadrille,2,1173,84.4113559322033,0.003690034114412575,0.009541823329131172,Lower Volume / High Value
Howie Shorts,15,1172,25.811033898305027,0.0036868883052783782,0.002917668158270679,Lower Volume / Lower Value
Fiori,1,1172,18.614847457627068,0.0036868883052783782,0.002104214341516594,Lower Volume / Lower Value
PRINTED TEE,2,1171,14.405491525423693,0.0036837424961441816,0.0016283905593850272,Lower Volume / Lower Value
Casper tanga thong,2,1171,14.87476271186436,0.0036837424961441816,0.001681436772243697,Lower Volume / Lower Value
Piper SP w straps,1,1171,30.067932203389763,0.0036837424961441816,0.0033988661097621837,Lower Volume / Lower Value
SASHA TERRY DRESS,2,1170,33.42435593220331,0.003680596687009985,0.003778274802874106,Lower Volume / Lower Value
Cardamom SP Body,2,1170,46.97189830508468,0.003680596687009985,0.005309683159467464,Lower Volume / Lower Value
Jenny padded bra,5,1170,30.58933898305082,0.003680596687009985,0.0034578057076301875,Lower Volume / Lower Value
PE SOL DENIM,2,1169,73.98116949152539,0.003677450877875788,0.008362799544857618,Lower Volume / High Value
Flirty Tara necklace,2,1169,12.609898305084691,0.003677450877875788,0.001425417474896,Lower Volume / Lower Value
Chelsea wd blazer TP,7,1169,53.48405084745756,0.003677450877875788,0.006045814078885246,Lower Volume / Lower Value
Ralf Padded Jacket,2,1168,54.886610169491476,0.003674305068741592,0.006204358780740555,Lower Volume / Lower Value
Skinny R.W Ankle Chic,3,1168,36.15745762711857,0.003674305068741592,0.004087223441661238,Lower Volume / Lower Value
Felicia,3,1168,46.65193220338976,0.003674305068741592,0.005273514329101371,Lower Volume / Lower Value
Veronica swimsuit,1,1168,45.698440677966055,0.003674305068741592,0.005165732057617377,Lower Volume / Lower Value
Cool Selena necklace,2,1168,9.513254237288063,0.003674305068741592,0.0010753741628107244,Lower Volume / Lower Value
DRAMA hoodie,2,1167,46.31837288135587,0.0036711592596073953,0.005235808926961066,Lower Volume / Lower Value
Camden s/s tee,18,1167,18.23433898305082,0.0036711592596073953,0.0020612018273880464,Lower Volume / Lower Value
Becca skirt,3,1167,83.66340677966093,0.0036711592596073953,0.009457275478976214,Lower Volume / High Value
LOGG Just pink dress,3,1167,26.502627118644007,0.0036711592596073953,0.0029958455581148374,Lower Volume / Lower Value
LOVE sport bra,3,1167,25.418915254237234,0.0036711592596073953,0.0028733432355818596,Lower Volume / Lower Value
Marcie linen dress,3,1166,42.59654237288131,0.0036680134504731986,0.004815094808811398,Lower Volume / Lower Value
SNAP CREW,3,1166,33.844135593220265,0.0036680134504731986,0.0038257265150087078,Lower Volume / Lower Value
Rolled edge 3p Socks,2,1166,9.914542372881312,0.0036680134504731986,0.0011207356008734251,Lower Volume / Lower Value
September SP wide elastic,1,1166,30.559355932203324,0.0036680134504731986,0.003454416436472348,Lower Volume / Lower Value
Prince sweater or King,2,1166,28.84993220338977,0.0036680134504731986,0.0032611839142029026,Lower Volume / Lower Value
Cocos (1),5,1166,128.9819661016948,0.0036680134504731986,0.014580065911686547,Lower Volume / High Value
FF Ribbie dress PI,1,1166,49.53844067796604,0.0036680134504731986,0.005599804004208214,Lower Volume / Lower Value
Seattle,2,1165,27.577152542372836,0.0036648676413390028,0.003117309449349035,Lower Volume / Lower Value
MALDON MOCKNECK,6,1165,45.294830508474526,0.0036648676413390028,0.005120108137842625,Lower Volume / Lower Value
TERRIER CONCIOUS CAMPAIGN,2,1165,11.611915254237232,0.0036648676413390028,0.0013126059005350568,Lower Volume / Lower Value
PQ Helen leather hip belt,2,1165,26.00486440677959,0.0036648676413390028,0.0029395786754900137,Lower Volume / Lower Value
Supreme Mock Neck LS TVP,2,1165,27.65657627118639,0.0036648676413390028,0.0031262874734562227,Lower Volume / Lower Value
Queenie Jumpsuit (1),2,1165,42.343423728813505,0.0036648676413390028,0.00478648238627261,Lower Volume / Lower Value
Parker Polo,6,1164,38.1394745762711,0.003661721832204806,0.004311269784185894,Lower Volume / Lower Value
Fancy Charlie,2,1164,25.42574576271179,0.003661721832204806,0.0028741153533187753,Lower Volume / Lower Value
Bubble Trench Coat,2,1164,55.088016949152475,0.003661721832204806,0.006227125716392649,Lower Volume / Lower Value
PLUS Control Top 100 Den,1,1164,20.537440677966043,0.003661721832204806,0.002321543451322555,Lower Volume / Lower Value
Naomi HW 3-pack,2,1164,24.273576271186364,0.003661721832204806,0.0027438746100924677,Lower Volume / Lower Value
Palma balboa push,2,1164,17.109508474576245,0.003661721832204806,0.0019340514710343166,Lower Volume / Lower Value
Mopsy Fur Jacket,3,1163,144.91055932203383,0.0036585760230706094,0.01638062723085483,Lower Volume / High Value
Agata RTW blouse,3,1163,28.33035593220332,0.0036585760230706094,0.003202451236224696,Lower Volume / Lower Value
ED Vincent top,5,1161,13.098610169491474,0.0036522844048022165,0.001480661253621284,Lower Volume / Lower Value
Fancy LS,3,1161,22.419372881355876,0.0036522844048022165,0.0025342762572802143,Lower Volume / Lower Value
Heidi jumpsuite,1,1161,48.90459322033892,0.0036522844048022165,0.005528154160517106,Lower Volume / Lower Value
Hunni 2-pack,1,1161,25.729067796610117,0.0036522844048022165,0.002908402745427666,Lower Volume / Lower Value
Cool Ferret earcuff,2,1161,14.809406779660973,0.0036522844048022165,0.0016740489658080768,Lower Volume / Lower Value
Fred shortie 5-pack,3,1161,18.40996610169489,0.0036522844048022165,0.0020810546412588725,Lower Volume / Lower Value
Energy 2-pack,3,1161,38.4452372881355,0.0036522844048022165,0.004345833069481174,Lower Volume / Lower Value
Honey J,1,1160,36.7045932203389,0.00364913859566802,0.0041490714135357905,Lower Volume / Lower Value
Stefania superpush body,2,1160,53.892203389830456,0.00364913859566802,0.006091951466534674,Lower Volume / Lower Value
Martine summer,1,1160,52.788644067796554,0.00364913859566802,0.0059672055959373495,Lower Volume / Lower Value
Debbie jumpsuit,2,1160,29.547440677966065,0.00364913859566802,0.0033400299718390845,Lower Volume / Lower Value
Jamaica SW,2,1160,26.41291525423723,0.00364913859566802,0.0029857045675900085,Lower Volume / Lower Value
Aloha Tie tanga,2,1160,12.433457627118589,0.00364913859566802,0.00140547269662971,Lower Volume / Lower Value
SEC SPEED P3 SAVANNAH BLOUSE,3,1160,27.77266101694908,0.00364913859566802,0.003139409643134013,Lower Volume / Lower Value
Thelma jumper,4,1159,82.37976271186436,0.003645992786533823,0.009312172906257922,Lower Volume / High Value
Lolly,2,1159,28.416966101694854,0.003645992786533823,0.0032122416124918188,Lower Volume / Lower Value
MALIBU ls,2,1159,42.33328813559317,0.003645992786533823,0.0047853366631791195,Lower Volume / Lower Value
Kylie cutlines Slim HW DNM,1,1159,41.86976271186433,0.003645992786533823,0.004732939948863411,Lower Volume / Lower Value
S Party Desert Top,2,1159,33.27550847457624,0.003645992786533823,0.003761449150353981,Lower Volume / Lower Value
Castle Black paper bag skirt,2,1159,39.939593220338935,0.003645992786533823,0.004514754420624692,Lower Volume / Lower Value
TP TOMMY brushed sweatpants BB,4,1159,16.971338983050817,0.003645992786533823,0.001918432851204653,Lower Volume / Lower Value
SANDRO SUNGLASSES,2,1159,12.5877796610169,0.003645992786533823,0.0014229171928943187,Lower Volume / Lower Value
Marinara tee,5,1158,23.08650847457622,0.0036428469773996264,0.0026096889774857323,Lower Volume / Lower Value
Logan Structure Cardigan,2,1158,38.44205084745754,0.0036428469773996264,0.004345472875598938,Lower Volume / Lower Value
MC Cala dress,3,1157,53.952915254237226,0.0036397011682654298,0.006098814309546185,Lower Volume / Lower Value
CS Hawk smock dress,2,1157,49.79369491525419,0.0036397011682654298,0.005628657833285098,Lower Volume / Lower Value
MARTIN REGULAR MANDARIN.,2,1157,35.4778305084745,0.0036397011682654298,0.004010398684800364,Lower Volume / Lower Value
Lea throw on,2,1156,34.75732203389824,0.003636555359131233,0.003928952717067418,Lower Volume / Lower Value
Bella Thong Micro Low 3p,2,1156,17.42677966101692,0.003636555359131233,0.0019699156693404334,Lower Volume / Lower Value
Flirty Ingrid necklace,1,1156,14.939644067796568,0.003636555359131233,0.0016887709327819645,Lower Volume / Lower Value
Malou Head Band,5,1155,12.466271186440625,0.003633409549997037,0.0014091819272467648,Lower Volume / Lower Value
MC Duck,3,1155,118.64745762711856,0.003633409549997037,0.013411857523504557,Lower Volume / High Value
Celine Cropped shierling jacke,4,1155,101.71659322033894,0.003633409549997037,0.011497999900974248,Lower Volume / High Value
EDC MELVIN DRESS,1,1155,40.128423728813495,0.003633409549997037,0.004536099739996903,Lower Volume / Lower Value
Levin Hairy LS,2,1155,26.971118644067733,0.003633409549997037,0.0030488036384278554,Lower Volume / Lower Value
Swift midi bodycon,3,1155,25.12367796610164,0.003633409549997037,0.0028399697396528966,Lower Volume / Lower Value
LAUREN PRICE SWETTIS,11,1155,17.560830508474552,0.003633409549997037,0.0019850687194180603,Lower Volume / Lower Value
Mom HW Shorts trash,1,1154,44.421389830508424,0.00363026374086284,0.005021374779687321,Lower Volume / Lower Value
Stud tee dress,2,1154,47.51459322033892,0.00363026374086284,0.0053710291590167766,Lower Volume / Lower Value
Rozelina knitted jumper,2,1154,53.25232203389824,0.00363026374086284,0.006019619553577204,Lower Volume / Lower Value
Alison dress W,6,1154,34.36464406779653,0.00363026374086284,0.0038845645688567153,Lower Volume / Lower Value
Pat ls bd oxford check,6,1153,28.662677966101633,0.0036271179317286435,0.003240016775846901,Lower Volume / Lower Value
Hat Bucket Reno cotton,4,1153,14.915491525423688,0.0036271179317286435,0.0016860407397916225,Lower Volume / Lower Value
Mimosa SP Andes opt1,3,1153,33.299389830508446,0.0036271179317286435,0.003764148688545835,Lower Volume / Lower Value
Gatsby jumpsuit,1,1153,55.93652542372878,0.0036271179317286435,0.006323040749011963,Lower Volume / Lower Value
Bare legs Support,1,1152,12.51508474576266,0.003623972122594447,0.0014146997909746145,Lower Volume / Lower Value
Moe body,2,1152,62.52838983050846,0.003623972122594447,0.007068182263260329,Lower Volume / High Value
Emerald plisse,2,1152,46.091694915254195,0.003623972122594447,0.005210185347274867,Lower Volume / Lower Value
Khloe,4,1152,43.56372881355928,0.003623972122594447,0.004924425147619042,Lower Volume / Lower Value
Graham,2,1152,41.963661016949104,0.003623972122594447,0.004743554172839903,Lower Volume / Lower Value
LEGGY swimsuit,4,1151,52.815135593220276,0.00362082631346025,0.00597020018656465,Lower Volume / Lower Value
Coconut tee,2,1151,13.005711864406729,0.00362082631346025,0.0014701600692142202,Lower Volume / Lower Value
Jordan (1),3,1151,16.83752542372878,0.00362082631346025,0.0019033066240757037,Lower Volume / Lower Value
BADGIS,11,1151,18.78522033898299,0.00362082631346025,0.0021234732186667126,Lower Volume / Lower Value
Bianca HW wide trousers,4,1151,67.42376271186434,0.00362082631346025,0.007621553105942138,Lower Volume / High Value
R-Neck Pisa TVP R,6,1151,71.26516949152537,0.00362082631346025,0.008055784074300137,Lower Volume / High Value
TURIN,3,1151,61.23828813559316,0.00362082631346025,0.006922349723153029,Lower Volume / High Value
JERSEY HANGING LL PJ (J),2,1150,25.978101694915196,0.003617680504326054,0.0029365534300642257,Lower Volume / Lower Value
Twiggs jersey dress,3,1150,64.11733898305083,0.003617680504326054,0.007247796391301456,Lower Volume / High Value
Lorna,2,1150,42.29972881355927,0.003617680504326054,0.004781543131866223,Lower Volume / Lower Value
Daisy dress,3,1150,19.139440677966054,0.003617680504326054,0.0021635141332668286,Lower Volume / Lower Value
Cannes Crew,6,1149,24.745915254237207,0.003614534695191857,0.002797267605359035,Lower Volume / Lower Value
Wool 2p Kneehigh,3,1149,20.116525423728742,0.003614534695191857,0.002273963372219283,Lower Volume / Lower Value
MALAGA legging,24,1148,9.007338983050783,0.0036113888860576605,0.0010181857203063558,Lower Volume / Lower Value
Romeo espadrille,1,1148,42.614966101694854,0.0036113888860576605,0.004817177419183678,Lower Volume / Lower Value
STELLAR tights,6,1148,33.812271186440626,0.0036113888860576605,0.003822124576186364,Lower Volume / Lower Value
SEC SPEED TAHITI,3,1148,25.245542372881303,0.0036113888860576605,0.002853745239723466,Lower Volume / Lower Value
Blossom pile shacket,3,1148,132.23693220338976,0.0036113888860576605,0.014948005878314132,Lower Volume / High Value
Sandy wide,2,1147,63.65594915254235,0.003608243076923464,0.007195641083523843,Lower Volume / High Value
LOGG Nora boyfriend shirt,2,1147,37.44440677966094,0.003608243076923464,0.004232699619736107,Lower Volume / Lower Value
Maybelle top,2,1147,24.237627118644,0.003608243076923464,0.002739810933367896,Lower Volume / Lower Value
ED Kelso HW shorts,3,1146,29.726355932203322,0.003605097267789267,0.0033602544751415745,Lower Volume / Lower Value
Cake jumpsuit,1,1146,59.86415254237283,0.003605097267789267,0.006767018027364253,Lower Volume / Lower Value
Bridget Sweater,4,1146,13.419949152542301,0.003605097267789267,0.0015169852739047199,Lower Volume / Lower Value
KATE BLOUSE,4,1146,23.739576271186383,0.003605097267789267,0.0026835114800196815,Lower Volume / Lower Value
Menta slim s.8,1,1146,57.60398305084742,0.003605097267789267,0.006511529441215381,Lower Volume / Lower Value
DIV Wanda dress,3,1146,35.69367796610162,0.003605097267789267,0.004034797988471949,Lower Volume / Lower Value
1pk Smart,6,1146,4.196796610169442,0.003605097267789267,0.000474404081776585,Lower Volume / Lower Value
Caroline Jumpsuit,2,1145,43.91199999999995,0.0036019514586550705,0.004963793572577324,Lower Volume / Lower Value
Spice Girl brazilian 3pk,2,1145,22.148101694915194,0.0036019514586550705,0.002503611879167633,Lower Volume / Lower Value
SERENA 3-P tanktop,2,1145,24.135084745762633,0.0036019514586550705,0.0027282195876895997,Lower Volume / Lower Value
NORMA cropped conscious,1,1144,27.030118644067716,0.003598805649520874,0.0030554729730239106,Lower Volume / Lower Value
Yate hood,22,1144,38.02398305084741,0.003598805649520874,0.004298214671879798,Lower Volume / Lower Value
Yaz flip flop (1),3,1143,12.50396610169487,0.003595659840386678,0.001413442944236605,Lower Volume / Lower Value
+ IZZY loose tee,3,1143,25.94288135593215,0.003595659840386678,0.0029325721381105903,Lower Volume / Lower Value
Sunset Wide trouser,1,1143,64.27283050847456,0.003595659840386678,0.007265373086384543,Lower Volume / High Value
Magaluf lace detail dress,2,1143,54.82954237288131,0.003595659840386678,0.006197907861583727,Lower Volume / Lower Value
Cycling HW Jersey Short,3,1143,16.506915254237256,0.003595659840386678,0.0018659345928689552,Lower Volume / Lower Value
SCOTT SLIM FIT SWEATPANTS,8,1143,35.287288135593144,0.003595659840386678,0.003988859857012696,Lower Volume / Lower Value
Ronja skirt,2,1143,53.60767796610163,0.003595659840386678,0.006059788835145987,Lower Volume / Lower Value
CE Spiritual fine knit top,2,1142,85.53267796610166,0.0035925140312524817,0.009668577089029467,Lower Volume / High Value
Poppy swimsuit,1,1142,64.49974576271184,0.0035925140312524817,0.007291023489019421,Lower Volume / High Value
Ellen Push (Melbourne) 2p,2,1142,31.506779661016914,0.0035925140312524817,0.003561512806840178,Lower Volume / Lower Value
Inez HW Loose Denim Shorts,1,1142,34.25269491525416,0.0035925140312524817,0.003871909884855866,Lower Volume / Lower Value
TP Axel 5-p anklesock BB,15,1142,15.956067796610135,0.0035925140312524817,0.001803667033440096,Lower Volume / Lower Value
CUPRITE LINEN TANK,5,1142,15.456440677966064,0.0035925140312524817,0.001747189399075668,Lower Volume / Lower Value
Shorts Cheapo,6,1141,17.177593220338952,0.003589368222118285,0.001941747741379723,Lower Volume / Lower Value
Annika Dungaree,1,1141,53.35352542372875,0.003589368222118285,0.006031059541187964,Lower Volume / Lower Value
Prue Brazilian 3pk,2,1141,16.401830508474518,0.003589368222118285,0.0018540558584548314,Lower Volume / Lower Value
Maja Cargo TRS,2,1141,35.65699999999992,0.003589368222118285,0.00403065192697644,Lower Volume / Lower Value
Darling,2,1140,32.24288135593214,0.0035862224129840884,0.003644721425486185,Lower Volume / Lower Value
Ostrich Blazer,5,1140,42.98594915254233,0.0035862224129840884,0.004859113183515338,Lower Volume / Lower Value
Hedda Dress,2,1139,55.956966101694846,0.0035830766038498917,0.006325351354447996,Lower Volume / Lower Value
Filippa boot,2,1138,64.08088135593216,0.003579930794715695,0.007243675236829716,Lower Volume / High Value
Lidon long bandeau,2,1138,23.428949152542323,0.003579930794715695,0.002648398324276522,Lower Volume / Lower Value
KORA DRESS,3,1138,25.89864406779658,0.003579930794715695,0.002927571574107229,Lower Volume / Lower Value
Speed top,1,1138,18.203932203389808,0.003579930794715695,0.0020577646581075738,Lower Volume / Lower Value
Sesame skirt,4,1138,65.342627118644,0.003579930794715695,0.007386302434570099,Lower Volume / High Value
Waterfall strap,2,1138,22.68793220338977,0.003579930794715695,0.0025646340874079148,Lower Volume / Lower Value
BEN POLO TP,9,1138,11.709593220338927,0.003579930794715695,0.0013236473757654728,Lower Volume / Lower Value
CAMP Twain LL pj (W),2,1137,45.69596610169485,0.0035767849855814987,0.005165452332581172,Lower Volume / Lower Value
Otillia,1,1137,46.307372881355874,0.0035767849855814987,0.0052345654916973955,Lower Volume / Lower Value
Rosa dress-j,4,1137,26.07352542372876,0.0035767849855814987,0.00294734008728221,Lower Volume / Lower Value
Mini Judith,2,1137,24.802966101694857,0.0035767849855814987,0.0028037166085909614,Lower Volume / Lower Value
Skinny 5pkt Premiumprice,7,1136,69.73591525423723,0.003573639176447302,0.00788291783377619,Lower Volume / High Value
Abby jumpsuit,2,1136,39.005033898305015,0.003573639176447302,0.004409112237260141,Lower Volume / Lower Value
Lola RW  Denim Shorts,4,1135,41.23772881355928,0.0035704933673131054,0.004661495109137194,Lower Volume / Lower Value
Chanelle micro,4,1135,11.680915254237231,0.0035704933673131054,0.0013204056308253609,Lower Volume / Lower Value
Aloe cotton,2,1135,37.37332203389822,0.0035704933673131054,0.004224664230682425,Lower Volume / Lower Value
Tarragona WL,2,1134,56.84330508474571,0.0035673475581789087,0.006425542731456389,Lower Volume / Lower Value
Westeros skirt,2,1134,42.57747457627114,0.0035673475581789087,0.004812939393292707,Lower Volume / Lower Value
Dawn deco dress,2,1134,84.9556949152542,0.0035673475581789087,0.009603355173396323,Lower Volume / High Value
Julia jumpsuit,1,1134,27.806610169491467,0.0035673475581789087,0.0031432472407197385,Lower Volume / Lower Value
Morgan Leggings,2,1134,22.66615254237283,0.0035673475581789087,0.002562172123904344,Lower Volume / Lower Value
Hazelnut Hipster Ch. Peoni Low,3,1134,11.318983050847402,0.0035673475581789087,0.0012794929703932427,Lower Volume / Lower Value
Jeanette shacket GTL,2,1134,48.93779661016943,0.0035673475581789087,0.005531907457406987,Lower Volume / Lower Value
Wave Relaxed Linen Trs,6,1134,50.38140677966095,0.0035673475581789087,0.005695092529383424,Lower Volume / Lower Value
Adria tunic,4,1134,127.84722033898296,0.0035673475581789087,0.014451794739263099,Lower Volume / High Value
Niccolo dress,2,1134,24.583610169491475,0.0035673475581789087,0.0027789207084639384,Lower Volume / Lower Value
Charles,2,1133,37.40042372881347,0.003564201749044712,0.004227727794606325,Lower Volume / Lower Value
LOGG Barcelona tunic dress,5,1133,50.292118644067735,0.003564201749044712,0.005684999436981232,Lower Volume / Lower Value
Ester dress,2,1133,40.27022033898301,0.003564201749044712,0.004552128367756347,Lower Volume / Lower Value
Holly ballerina,5,1133,16.86277966101692,0.003564201749044712,0.001906161352184904,Lower Volume / Lower Value
SF Lola dress,1,1132,68.53286440677961,0.0035610559399105153,0.007746925483983563,Lower Volume / High Value
Poetic Swimsuit,1,1132,46.62035593220335,0.0035610559399105153,0.005269944961002422,Lower Volume / Lower Value
CORAL LONG HOOD,4,1132,43.69738983050843,0.0035610559399105153,0.00493953413142384,Lower Volume / Lower Value
ED Bowie Dress.,2,1132,34.17901694915246,0.0035610559399105153,0.0038635813592916425,Lower Volume / Lower Value
Jessica Long Sweater,4,1132,37.7894745762711,0.0035610559399105153,0.004271705934887249,Lower Volume / Lower Value
NASA tee,3,1131,26.190932203389774,0.003557910130776319,0.0029606116991026314,Lower Volume / Lower Value
Tiki,1,1131,36.94074576271182,0.003557910130776319,0.004175765995244173,Lower Volume / Lower Value
Sax lace top,2,1131,35.17927118644063,0.003557910130776319,0.003976649667589926,Lower Volume / Lower Value
Janero maxi dress,1,1131,36.8875932203389,0.003557910130776319,0.004169757654740511,Lower Volume / Lower Value
Glogg tencel trousers RW,2,1131,42.42008474576266,0.003557910130776319,0.004795148114620202,Lower Volume / Lower Value
Ossian singoalla blouse,2,1130,33.908423728813474,0.0035547643216421224,0.0038329936181752803,Lower Volume / Lower Value
BOAZ PRICE L/S,11,1130,6.209389830508403,0.0035547643216421224,0.0007019067528307671,Lower Volume / Lower Value
ED Rachel polo,2,1130,52.65437288135587,0.0035547643216421224,0.0059520276388359515,Lower Volume / Lower Value
Spice Girl 3p Micro Hipster,3,1130,20.687644067796573,0.0035547643216421224,0.002338522377835128,Lower Volume / Lower Value
Edith 2p headband,5,1130,16.74442372881353,0.0035547643216421224,0.001892782448569774,Lower Volume / Lower Value
DIV Maja cardigan,8,1129,17.458898305084723,0.0035516185125079257,0.0019735463470363633,Lower Volume / Lower Value
Melanie Tank,2,1129,19.48445762711858,0.0035516185125079257,0.002202514700643253,Lower Volume / Lower Value
Helsinki pile,4,1129,29.47427118644061,0.0035516185125079257,0.0033317589240220227,Lower Volume / Lower Value
B Hudson Sarong,3,1129,15.59776271186437,0.0035516185125079257,0.0017631643809377549,Lower Volume / Lower Value
Dita dress plus size,2,1129,26.46394915254232,0.0035516185125079257,0.0029914734174804796,Lower Volume / Lower Value
CAMP Twain Sl-set (W),1,1129,54.149999999999935,0.0035516185125079257,0.006121092684347377,Lower Volume / Lower Value
Daquiri Cheeky Brief,2,1128,16.61159322033891,0.003548472703373729,0.0018777673450853397,Lower Volume / Lower Value
FOXY BLOUSE,2,1128,31.694237288135525,0.003548472703373729,0.003582702936295041,Lower Volume / Lower Value
Charlotte Padded Soft Bra,3,1128,23.647305084745685,0.003548472703373729,0.002673081184834119,Lower Volume / Lower Value
Mellis plisse,2,1128,32.789135593220266,0.003548472703373729,0.003706469769265651,Lower Volume / Lower Value
Luxe dress,1,1128,32.259338983050796,0.003548472703373729,0.00364658178856943,Lower Volume / Lower Value
Pingu sweater,3,1128,30.77333898305082,0.003548472703373729,0.003478604988404332,Lower Volume / Lower Value
Bendela ss,3,1128,16.985389830508446,0.003548472703373729,0.0019200211529513153,Lower Volume / Lower Value
Volly Jumper,3,1127,26.677220338983005,0.0035453268942395324,0.0030155815005664293,Lower Volume / Lower Value
MACY OTS DR V5 OR FLOUNCE,5,1127,15.050779661016911,0.0035453268942395324,0.0017013336523873507,Lower Volume / Lower Value
Megan wedge,2,1127,28.681915254237232,0.0035453268942395324,0.003242191350614648,Lower Volume / Lower Value
Basic Cool Pants TVP,19,1127,12.640254237288085,0.0035453268942395324,0.0014288488964017568,Lower Volume / Lower Value
Ella Slit PU TRS,1,1126,35.252423728813504,0.003542181085105336,0.003984918799482078,Lower Volume / Lower Value
JP jumpsuit,1,1126,70.8744576271186,0.003542181085105336,0.008011618173378475,Lower Volume / High Value
Nala quilt PQ sandal,2,1126,67.34513559322029,0.003542181085105336,0.007612665130305511,Lower Volume / High Value
Joffrey Bomber.,3,1126,50.47432203389824,0.003542181085105336,0.0057055956297153935,Lower Volume / Lower Value
Cool Carina necklace,2,1126,13.952203389830466,0.003542181085105336,0.0015771510637122448,Lower Volume / Lower Value
Sandra Hiking Boot,2,1126,49.610525423728774,0.003542181085105336,0.005607952432831323,Lower Volume / Lower Value
Ania paperbag trousers,4,1125,43.05342372881351,0.0035390352759711394,0.004866740480564146,Lower Volume / Lower Value
PE RUTH CASHMERE TOP,3,1125,80.6696101694915,0.0035390352759711394,0.009118857999217541,Lower Volume / High Value
Parrot dressed,4,1124,50.65145762711858,0.0035358894668369428,0.00572561896090281,Lower Volume / Lower Value
Ilse halterneck body,2,1124,36.67606779661011,0.0035358894668369428,0.004145846911919831,Lower Volume / Lower Value
Class Silva necklace,1,1123,14.17474576271182,0.003532743657702746,0.0016023071577215037,Lower Volume / Lower Value
Skinny 5pkt,6,1123,61.36532203389826,0.003532743657702746,0.0069367095803197784,Lower Volume / High Value
Charlene cardigan,2,1123,107.09935593220335,0.003532743657702746,0.012106465080238719,Lower Volume / High Value
SHANE HOOD,10,1123,25.708169491525368,0.003532743657702746,0.0029060404100191796,Lower Volume / Lower Value
Annie OL,4,1122,26.017254237288075,0.0035295978485685494,0.002940979216595938,Lower Volume / Lower Value
Tinos mesh tights,1,1122,46.64359322033894,0.0035295978485685494,0.005272571694047867,Lower Volume / Lower Value
TP Valter pj SB,10,1122,21.568593220338915,0.0035295978485685494,0.0024381044907235668,Lower Volume / Lower Value
Orlando Push Melbourne,2,1122,18.477305084745744,0.0035295978485685494,0.002088666610908438,Lower Volume / Lower Value
Danae jeans,6,1122,27.604813559321983,0.0035295978485685494,0.0031204362387948163,Lower Volume / Lower Value
tho,4,1122,33.74452542372874,0.0035295978485685494,0.0038144666243390643,Lower Volume / Lower Value
Flirty Oliver hoop,2,1121,8.911644067796543,0.0035264520394343536,0.0010073684082898835,Lower Volume / Lower Value
Phill,1,1121,54.12399999999993,0.0035264520394343536,0.006118153655542335,Lower Volume / Lower Value
Little one top,1,1121,21.194254237288078,0.0035264520394343536,0.002395789373260621,Lower Volume / Lower Value
Venice body,1,1121,45.483559322033855,0.0035264520394343536,0.005141441961665406,Lower Volume / Lower Value
LOGG Iris linen jogger,3,1121,54.752593220338916,0.0035264520394343536,0.006189209562512739,Lower Volume / Lower Value
Cool Babe earring,1,1120,12.135389830508421,0.003523306230300157,0.0013717792412415283,Lower Volume / Lower Value
Ginger Hip reg. (Petun) M 3p,4,1120,19.33227118644061,0.003523306230300157,0.0021853116109167383,Lower Volume / Lower Value
Rae Lace Hipster (Poppy) 3p,4,1120,22.381508474576204,0.003523306230300157,0.0025299960810413187,Lower Volume / Lower Value
NOAH fancy hood TP,25,1120,32.24632203389824,0.003523306230300157,0.003645110358242002,Lower Volume / Lower Value
Jacket Oversize.,3,1120,54.903491525423654,0.003523306230300157,0.006206267041946435,Lower Volume / Lower Value
Lou mohair jumper,3,1120,90.83644067796607,0.003523306230300157,0.010268112142309388,Lower Volume / High Value
Nemo braided belt,5,1120,8.87871186440671,0.003523306230300157,0.0010036457661984903,Lower Volume / Lower Value
Copenhagen,5,1119,32.3464237288135,0.0035201604211659602,0.0036564258107339054,Lower Volume / Lower Value
RR 41 .1/2 Button dress,2,1119,48.48911864406773,0.0035201604211659602,0.005481189093308502,Lower Volume / Lower Value
Chiuaoa,2,1119,79.49972881355927,0.0035201604211659602,0.00898661511446498,Lower Volume / High Value
Daffy,1,1119,17.71354237288129,0.0035201604211659602,0.0020023312028166406,Lower Volume / Lower Value
Dahlia RW wide full length,1,1119,59.31905084745759,0.0035201604211659602,0.006705399966478361,Lower Volume / Lower Value
TVP Klimt denim,12,1118,17.952101694915232,0.003517014612031764,0.0020292978458616054,Lower Volume / Lower Value
Voice jumpsuit,2,1118,41.12262711864401,0.003517014612031764,0.004648484063103919,Lower Volume / Lower Value
Mama Support 30 den 1p Tights,2,1118,18.671728813559263,0.003517014612031764,0.002110644185499462,Lower Volume / Lower Value
GP Day dreamer short,1,1118,41.29411864406775,0.003517014612031764,0.004667869391297804,Lower Volume / Lower Value
Maj skirt,2,1117,70.05671186440674,0.0035138688028975673,0.007919180544462655,Lower Volume / High Value
ED Theron hoodie,2,1116,38.99111864406774,0.0035107229937633706,0.004407539262912724,Lower Volume / Lower Value
Nottingham trucker,2,1116,37.647576271186374,0.0035107229937633706,0.004255665811578377,Lower Volume / Lower Value
Cobra Fluff,1,1116,43.50572881355927,0.0035107229937633706,0.004917868852592409,Lower Volume / Lower Value
Leandra body,1,1115,15.793186440677937,0.003507577184629174,0.0017852549950982094,Lower Volume / Lower Value
Darla Mesh Tee,2,1115,22.513237288135542,0.003507577184629174,0.002544886649406893,Lower Volume / Lower Value
Skinny 5pkt Malcolm 3,4,1115,43.16506779661012,0.003507577184629174,0.004879360677916696,Lower Volume / Lower Value
Olivia shorts,3,1115,22.708745762711807,0.003507577184629174,0.002566986843191873,Lower Volume / Lower Value
Calgary Long Cardigan,3,1115,43.935254237288085,0.003507577184629174,0.004966422221547674,Lower Volume / Lower Value
ED Mac dress,5,1115,34.13681355932196,0.003507577184629174,0.0038588107062769396,Lower Volume / Lower Value
Kahlua thong,2,1115,10.035101694915191,0.003507577184629174,0.001134363574726268,Lower Volume / Lower Value
VENUS SS OL,3,1115,14.109847457627058,0.003507577184629174,0.0015949710812583296,Lower Volume / Lower Value
HM+ Cora tee 2p,2,1114,36.57898305084738,0.0035044313754949773,0.004134872494061106,Lower Volume / Lower Value
Flirtatious skirt,3,1114,62.1206610169491,0.0035044313754949773,0.0070220927737335345,Lower Volume / High Value
Mindy tunic,3,1114,121.83272881355924,0.0035044313754949773,0.01377191920692071,Lower Volume / High Value
Amber off-shoulder dress,2,1114,33.90776271186435,0.0035044313754949773,0.0038329188971039695,Lower Volume / Lower Value
Sunset lurex,2,1113,59.06818644067792,0.003501285566360781,0.006677042361952005,Lower Volume / Lower Value
FLUID HW tights,1,1113,50.12515254237282,0.003501285566360781,0.005666125660737119,Lower Volume / Lower Value
Pat ss bd light solid  (1),5,1113,24.001271186440626,0.003501285566360781,0.002713093360560654,Lower Volume / Lower Value
Lykke Push Detroit Straps,1,1113,16.93023728813555,0.003501285566360781,0.0019137867333088058,Lower Volume / Lower Value
Miriam,1,1113,35.07513559322026,0.003501285566360781,0.00396487822497051,Lower Volume / Lower Value
Bones utility trousers HW,4,1113,34.41237288135588,0.003501285566360781,0.0038899598133906154,Lower Volume / Lower Value
Siberian,1,1113,68.35305084745758,0.003501285566360781,0.0077265994366610795,Lower Volume / High Value
BLIXEN tights,3,1113,29.793847457627074,0.003501285566360781,0.003367883688115291,Lower Volume / Lower Value
Ivy tank tube speed,2,1113,10.562016949152483,0.003501285566360781,0.0011939258481885567,Lower Volume / Lower Value
Daisy tencel dress,1,1113,62.771135593220315,0.003501285566360781,0.007095622139756946,Lower Volume / High Value
Lilly dress (1),2,1113,44.0910169491525,0.003501285566360781,0.00498402957142925,Lower Volume / Lower Value
Bali shirt dress,3,1113,15.586084745762662,0.003501285566360781,0.0017618443086778615,Lower Volume / Lower Value
HW Skeleton catsuit,1,1112,30.338152542372804,0.0034981397572265843,0.003429411700530622,Lower Volume / Lower Value
PUFFIN PLAYSUIT,2,1112,32.228593220338915,0.0034981397572265843,0.003643106300790845,Lower Volume / Lower Value
OL HARDING PQ loafer,2,1112,38.09044067796606,0.0034981397572265843,0.004305727013434277,Lower Volume / Lower Value
Swan V Neck,2,1112,36.22633898305077,0.0034981397572265843,0.004095009760477204,Lower Volume / Lower Value
PE CORRES T-SHIRT,5,1112,53.472694915254166,0.0034981397572265843,0.006044530409198557,Lower Volume / Lower Value
MARYJANE,2,1112,30.852474576271142,0.0034981397572265843,0.003487550441788125,Lower Volume / Lower Value
MAC SLIM WAFFLE LS T-SHIRT,2,1112,26.988694915254182,0.0034981397572265843,0.003050790452554863,Lower Volume / Lower Value
Ragdoll,2,1111,105.44764406779655,0.0034949939480923876,0.011919756282272511,Lower Volume / High Value
Kiwi sweatshirt,3,1111,25.49189830508469,0.0034949939480923876,0.002881593208224957,Lower Volume / Lower Value
Butter,3,1111,33.82833898305077,0.0034949939480923876,0.0038239408729967782,Lower Volume / Lower Value
Diana utility shirt GTL,2,1111,43.70877966101691,0.0034949939480923876,0.00494082163296034,Lower Volume / Lower Value
Duchess,2,1111,27.083661016949094,0.0034949939480923876,0.003061525379800398,Lower Volume / Lower Value
B Luca Pareo,2,1111,23.587101694915177,0.0034949939480923876,0.002666275819569771,Lower Volume / Lower Value
Robyn denim jumpsuit,1,1111,70.63364406779657,0.0034949939480923876,0.007984396712321084,Lower Volume / High Value
CSP Malin Cardigan,1,1110,35.12199999999992,0.003491848138958191,0.003970175757334227,Lower Volume / Lower Value
Sunshine L/S,1,1110,24.566305084745704,0.003491848138958191,0.0027769645491354184,Lower Volume / Lower Value
R-NECK LS BASIC FIT,12,1110,15.441915254237253,0.003491848138958191,0.001745547451431652,Lower Volume / Lower Value
TALIA STRAP TANK,5,1110,15.285711864406743,0.003491848138958191,0.0017278902875025326,Lower Volume / Lower Value
Kardashian Shorts,3,1109,42.41399999999995,0.0034887023298239943,0.004794460297579127,Lower Volume / Lower Value
Mika SS,6,1109,25.331322033898253,0.0034887023298239943,0.0028634417356702183,Lower Volume / Lower Value
Grand HW trouser,1,1109,59.240881355932174,0.0034887023298239943,0.006696563720814179,Lower Volume / Lower Value
Shea LS,2,1108,19.068949152542316,0.003485556520689798,0.0021555458015848393,Lower Volume / Lower Value
Jade Denim Fancy Trash TRS,4,1108,26.201067796610083,0.003485556520689798,0.002961757422196119,Lower Volume / Lower Value
New York tunic dress,3,1108,47.09101694915248,0.003485556520689798,0.005323148279703343,Lower Volume / Lower Value
Majken Tshirt Milano,4,1107,21.697796610169437,0.0034824107115556014,0.0024527095862782204,Lower Volume / Lower Value
Kia cat sunglasses,1,1107,11.176322033898247,0.0034824107115556014,0.0012633666304636205,Lower Volume / Lower Value
Molly Knee trash,2,1107,30.359813559321964,0.0034824107115556014,0.003431860252559857,Lower Volume / Lower Value
Phantom Dress (1),5,1107,41.35652542372877,0.0034824107115556014,0.004674923826799867,Lower Volume / Lower Value
CHER PU SKIRT,2,1106,43.7841355932203,0.0034792649024214047,0.004949339835090208,Lower Volume / Lower Value
PC J Cocktail,2,1106,26.146203389830447,0.0034792649024214047,0.0029555555732770074,Lower Volume / Lower Value
HOLMES sweat trousers,6,1106,19.15223728813554,0.0034792649024214047,0.0021649606565704834,Lower Volume / Lower Value
Primrose Padded T-shirt Milano,2,1105,20.971677966101645,0.003476119093287208,0.002370629447401552,Lower Volume / Lower Value
Brian cargo (1),3,1105,45.01196610169485,0.003476119093287208,0.005088133267094679,Lower Volume / Lower Value
Smile,4,1105,27.755067796610113,0.003476119093287208,0.0031374209130821027,Lower Volume / Lower Value
PE PRINGLE RIB KNIT,2,1105,61.94386440677962,0.003476119093287208,0.007002107761044231,Lower Volume / High Value
Zoo strap dress frill S.1 w,3,1105,26.552186440677914,0.003476119093287208,0.0030014477225385307,Lower Volume / Lower Value
Dessie,2,1104,32.275847457627044,0.0034729732841530113,0.0036484478994273876,Lower Volume / Lower Value
Beauty Small Cross Bag,3,1104,35.58352542372874,0.0034729732841530113,0.004022346392511084,Lower Volume / Lower Value
SHEENA tights (1),1,1103,34.768728813559264,0.003469827475018815,0.003930242134528823,Lower Volume / Lower Value
Lucia hoodie,1,1103,33.14277966101688,0.003469827475018815,0.0037464455424189792,Lower Volume / Lower Value
Rome elastic,2,1102,19.344203389830437,0.0034666816658846184,0.002186660422050212,Lower Volume / Lower Value
Viva Las Vegas Push Bra,1,1102,30.94466101694913,0.0034666816658846184,0.00349797115734916,Lower Volume / Lower Value
Jesper light down jacket,3,1101,62.08759322033893,0.0034635358567504217,0.007018354804242899,Lower Volume / High Value
ED Debbie jumpsuit,3,1101,37.96515254237283,0.0034635358567504217,0.004291564496532795,Lower Volume / Lower Value
Shorts Slim Cash (1),4,1101,22.26445762711859,0.0034635358567504217,0.002516764703643914,Lower Volume / Lower Value
Kelly dress,6,1101,28.49269491525418,0.0034635358567504217,0.003220801964969609,Lower Volume / Lower Value
Filippa skirt,2,1101,26.791237288135537,0.0034635358567504217,0.003028469927405749,Lower Volume / Lower Value
Desert TRS,2,1100,33.9717118644067,0.003460390047616225,0.003840147681772431,Lower Volume / Lower Value
Celeste Shirt Dress,3,1100,90.66764406779657,0.003460390047616225,0.010249031446175479,Lower Volume / High Value
Hanna body,2,1100,32.19488135593214,0.003460390047616225,0.0036392955261537996,Lower Volume / Lower Value
Robot blazer,3,1100,68.00484745762706,0.003460390047616225,0.007687238675402417,Lower Volume / High Value
BRISSIE JOGGER,8,1100,14.393711864406741,0.003460390047616225,0.0016270589915757022,Lower Volume / Lower Value
Queen B,3,1100,28.3417796610169,0.003460390047616225,0.0032037425696110075,Lower Volume / Lower Value
South,2,1099,23.961847457627073,0.003457244238482029,0.002708636919230454,Lower Volume / Lower Value
Gooseberry Coat,1,1099,83.66130508474572,0.003457244238482029,0.009457037904287936,Lower Volume / High Value
Nicole PRICE,1,1099,21.45403389830504,0.003457244238482029,0.002425154754287272,Lower Volume / Lower Value
Crown jersey trousers flare HW,2,1099,61.74938983050845,0.003457244238482029,0.0069801244386784875,Lower Volume / High Value
Rockstar strappy bra,2,1099,34.666016949152464,0.003457244238482029,0.0039186316296014705,Lower Volume / Lower Value
Queen Strap Top,2,1099,34.667457627118566,0.003457244238482029,0.003918794483218437,Lower Volume / Lower Value
Puma leggings,1,1098,36.037559322033815,0.0034540984293478325,0.004073670188879706,Lower Volume / Lower Value
Sandy HW Woven Belted TRS,2,1098,22.81303389830502,0.0034540984293478325,0.002578775529135434,Lower Volume / Lower Value
Rosie blouse,1,1098,53.00076271186434,0.0034540984293478325,0.005991183396129723,Lower Volume / Lower Value
ASTRID PJ SHIRT,2,1097,27.531576271186378,0.003450952620213636,0.0031121575272781343,Lower Volume / Lower Value
Flirty Silja earcuff,2,1097,8.760644067796544,0.003450952620213636,0.0009902994333067542,Lower Volume / Lower Value
Billy cargo pants,5,1097,49.54603389830502,0.003450952620213636,0.00560066233856588,Lower Volume / Lower Value
LS flip flop,1,1096,18.051135593220323,0.003447806811079439,0.0020404925950844623,Lower Volume / Lower Value
ZELDA SKIRT NEW S.9,2,1096,31.653627118644,0.003447806811079439,0.0035781123802214546,Lower Volume / Lower Value
micro tee,3,1096,17.6451694915254,0.003447806811079439,0.0019946023617478446,Lower Volume / Lower Value
Tora dress,3,1096,24.869966101694864,0.003447806811079439,0.002811290259742417,Lower Volume / Lower Value
TWIST running jacket,3,1095,38.463152542372825,0.003444661001945243,0.004347858202106294,Lower Volume / Lower Value
EVERLY yoga ls,3,1095,30.103271186440615,0.003444661001945243,0.0034028608131901586,Lower Volume / Lower Value
LARRY FANCY,7,1095,13.344525423728747,0.003444661001945243,0.0015084594080752305,Lower Volume / Lower Value
ELVIS JOGGER,5,1095,36.29796610169483,0.003444661001945243,0.00410310645912786,Lower Volume / Lower Value
Aurora fluff,8,1095,14.748491525423693,0.003444661001945243,0.0016671631316976987,Lower Volume / Lower Value
Gwen PU trousers,1,1095,46.300796610169435,0.003444661001945243,0.00523382211283406,Lower Volume / Lower Value
Love Boat Triangle Top,1,1095,26.95893220338978,0.003444661001945243,0.0030474260884208,Lower Volume / Lower Value
ES EMILY V-NECK TANK,3,1095,17.968457627118624,0.003444661001945243,0.0020311467133954163,Lower Volume / Lower Value
Cake Top,2,1095,45.141406779660954,0.003444661001945243,0.005102765185598008,Lower Volume / Lower Value
Bahamas jumpsuit(1),1,1095,46.062457627118604,0.003444661001945243,0.005206880376812874,Lower Volume / Lower Value
Maui dress,3,1094,13.767118644067743,0.0034415151928110462,0.0015562291637441468,Lower Volume / Lower Value
Stringer coat,3,1094,126.47903389830499,0.0034415151928110462,0.014297135533116153,Lower Volume / High Value
Charlotte Kimono,6,1094,51.686932203389794,0.0034415151928110462,0.005842668561154728,Lower Volume / Lower Value
Vivi Strap Top,3,1094,25.28462711864401,0.0034415151928110462,0.0028581633625555563,Lower Volume / Lower Value
September Push Back Detail,1,1094,30.456271186440652,0.0034415151928110462,0.0034427637811970807,Lower Volume / Lower Value
Ashley espadrille,3,1094,35.84867796610163,0.0034415151928110462,0.00405231912173278,Lower Volume / Lower Value
Bellini Bandeau,2,1093,20.59801694915251,0.0034383693836768496,0.002328390966934827,Lower Volume / Lower Value
RUBEN REG ZIP HOODIE,4,1093,35.36228813559314,0.0034383693836768496,0.003997337824719548,Lower Volume / Lower Value
Mulan Belted,1,1093,49.366406779660956,0.0034383693836768496,0.005580357366417357,Lower Volume / Lower Value
Apricot PU shirt,1,1093,50.84093220338977,0.0034383693836768496,0.005747037085421431,Lower Volume / Lower Value
Grace Sweater,3,1093,36.2821016949152,0.0034383693836768496,0.004101313153416312,Lower Volume / Lower Value
Martha,2,1093,40.55261016949148,0.0034383693836768496,0.004584049592606938,Lower Volume / Lower Value
Arthur Jacket,2,1093,74.48411864406775,0.0034383693836768496,0.008419652700503523,Lower Volume / High Value
Linn hipster 5pk,2,1092,26.65161016949147,0.003435223574542653,0.0030126865380342128,Lower Volume / Lower Value
Max racer jacket,9,1092,85.96808474576267,0.003435223574542653,0.009717795283926942,Lower Volume / High Value
Riggy maxi,2,1092,30.71288135593217,0.003435223574542653,0.003471770884266401,Lower Volume / Lower Value
Slim Straight Premiumprice,3,1092,50.35861016949148,0.003435223574542653,0.005692515610385524,Lower Volume / Lower Value
Max Jumpsuit,1,1091,60.485067796610124,0.003432077765408456,0.006837206020352462,Lower Volume / Lower Value
Bondi Babe Swimsuit,3,1091,32.04171186440671,0.003432077765408456,0.003621981312782765,Lower Volume / Lower Value
Aisle Body - repaet,2,1091,77.88255932203381,0.003432077765408456,0.008803810971456185,Lower Volume / High Value
Cherry HW Tapered,1,1090,41.57289830508468,0.00342893195627426,0.0046993825241435205,Lower Volume / Lower Value
Liza Boilersuit,2,1090,60.19718644067793,0.00342893195627426,0.00680466403583249,Lower Volume / Lower Value
Waterfall coat,2,1090,48.265932203389795,0.00342893195627426,0.005455960194152838,Lower Volume / Lower Value
Wool 2p Heavy Socks,2,1090,19.976983050847387,0.00342893195627426,0.0022581895624722743,Lower Volume / Lower Value
Adina Woven Pull on TRS,1,1090,23.15113559322029,0.00342893195627426,0.002616994399150417,Lower Volume / Lower Value
Shelly polo dress,2,1090,38.942186440677915,0.00342893195627426,0.004402007987710536,Lower Volume / Lower Value
Linda jumpsuit,2,1089,52.02535593220334,0.0034257861471400633,0.005880923833742912,Lower Volume / Lower Value
Heath,9,1089,37.79655932203385,0.0034257861471400633,0.004272506791497753,Lower Volume / Lower Value
Sunglasses Lucas,3,1089,11.681084745762666,0.0034257861471400633,0.0013204247900744173,Lower Volume / Lower Value
Gordon Coat PI,1,1089,68.29042372881351,0.0034257861471400633,0.0077195200941352436,Lower Volume / High Value
Elson,1,1089,56.650152542372844,0.0034257861471400633,0.006403708851233276,Lower Volume / Lower Value
Sarabi dress,1,1089,49.77567796610163,0.0034257861471400633,0.005626621205110546,Lower Volume / Lower Value
GREG CONTRAST,5,1089,20.222016949152476,0.0034257861471400633,0.0022858880888311367,Lower Volume / Lower Value
Pekingese pointelle sweater,4,1088,52.21867796610166,0.0034226403380058666,0.0059027768732150855,Lower Volume / Lower Value
Mock knot LS,2,1087,11.915203389830454,0.00341949452887167,0.0013468894607941342,Lower Volume / Lower Value
Morning Sleeveless Top A,4,1087,29.83544067796604,0.00341949452887167,0.003372585367833395,Lower Volume / Lower Value
Hanker,3,1087,121.02225423728807,0.00341949452887167,0.013680303509789351,Lower Volume / High Value
Natasha,2,1087,23.446661016949097,0.00341949452887167,0.0026504004658027725,Lower Volume / Lower Value
Dores long hoodie(1),2,1086,38.30533898305078,0.0034163487197374732,0.004330019025311151,Lower Volume / Lower Value
HM+ Wanda dress,2,1086,31.169101694915184,0.0034163487197374732,0.00352334183494783,Lower Volume / Lower Value
Chica,2,1086,52.905338983050825,0.0034163487197374732,0.005980396738911744,Lower Volume / Lower Value
A.G Pirat,3,1086,16.37398305084742,0.0034163487197374732,0.001850907993835092,Lower Volume / Lower Value
AUDERY SKIRT S.8,1,1085,25.852542372881295,0.0034132029106032765,0.0029223602583642564,Lower Volume / Lower Value
Wendy jersey top,4,1085,12.180864406779612,0.0034132029106032765,0.001376919667762994,Lower Volume / Lower Value
Farah,3,1085,43.9297796610169,0.0034132029106032765,0.004965803377803197,Lower Volume / Lower Value
Utility Jersey Joggers,3,1085,36.162932203389744,0.0034132029106032765,0.004087842285405714,Lower Volume / Lower Value
Kaizen sweater,2,1085,32.53703389830504,0.0034132029106032765,0.003677972302221198,Lower Volume / Lower Value
Winnie,1,1085,15.81459322033892,0.0034132029106032765,0.0017876748082538566,Lower Volume / Lower Value
Khloe high leg high waist bott,4,1085,13.708271186440635,0.0034132029106032765,0.0015495770724722406,Lower Volume / Lower Value
Scar playsuit,1,1085,51.98133898305078,0.0034132029106032765,0.005875948176763318,Lower Volume / Lower Value
LS PATIS BODY,2,1084,27.43144067796603,0.0034100571014690803,0.0031008382429364204,Lower Volume / Lower Value
Kista,3,1084,35.46354237288128,0.0034100571014690803,0.004008783560105025,Lower Volume / Lower Value
Dolores Tee Body,2,1084,17.72742372881354,0.0034100571014690803,0.002003900345314253,Lower Volume / Lower Value
Laura Price Item Leggings,1,1084,17.4421694915254,0.0034100571014690803,0.001971655329154631,Lower Volume / Lower Value
Fie top,2,1084,13.694050847457586,0.0034100571014690803,0.0015479696114765234,Lower Volume / Lower Value
Regular Printed tee 9.99,13,1083,14.437491525423695,0.0034069112923348836,0.0016320078256066178,Lower Volume / Lower Value
Cool Zahara earcuff pk,2,1083,22.97289830508467,0.0034069112923348836,0.0025968465328441406,Lower Volume / Lower Value
Beast Brazilian Aster Low,2,1083,13.251661016949111,0.0034069112923348836,0.0014979620555179802,Lower Volume / Lower Value
LW (J) VERONIKA Consc Trs,2,1083,44.91655932203386,0.0034069112923348836,0.005077348525801603,Lower Volume / Lower Value
Bianca popover,3,1083,34.675423728813485,0.0034069112923348836,0.003919694967924025,Lower Volume / Lower Value
Ana emb strap top,3,1083,28.60913559322032,0.0034069112923348836,0.003233964369070421,Lower Volume / Lower Value
Sharon AG,2,1082,20.324440677966034,0.003403765483200687,0.0022974660230350935,Lower Volume / Lower Value
Hulk Belt,2,1082,28.122186440677936,0.003403765483200687,0.003178919846535308,Lower Volume / Lower Value
Eva Hairy Off Shoulder,1,1082,28.05291525423722,0.003403765483200687,0.0031710894614465123,Lower Volume / Lower Value
Pink HW barrell leg trouser,1,1081,57.11120338983048,0.0034006196740664902,0.006455825840512778,Lower Volume / Lower Value
CSP Palace,2,1081,68.08386440677961,0.0034006196740664902,0.0076961707173118735,Lower Volume / High Value
Veton party dress,1,1081,34.903288135593144,0.0034006196740664902,0.0039454526623536115,Lower Volume / Lower Value
Tina Fur Jacket,2,1081,65.20106779661012,0.0034006196740664902,0.007370300629759337,Lower Volume / High Value
CS Tiramisu,2,1081,33.1907457627118,0.0034006196740664902,0.003751867609901554,Lower Volume / Lower Value
MC Tudor Trench,1,1081,103.03879661016946,0.0034006196740664902,0.011647461202852566,Lower Volume / High Value
R-NECK LS BASIC FIT FANCY,7,1081,16.127135593220313,0.0034006196740664902,0.0018230044635113422,Lower Volume / Lower Value
Bliss Ch Hipster(Petunia)L  3p,4,1081,19.365288135593154,0.0034006196740664902,0.002189043832632659,Lower Volume / Lower Value
Riviera,4,1081,27.916254237288086,0.0034006196740664902,0.0031556413589334405,Lower Volume / Lower Value
OL Freddy,4,1081,10.348101694915194,0.0034006196740664902,0.0011697449599561989,Lower Volume / Lower Value
Deana,2,1080,31.99171186440676,0.0033974738649322936,0.003616329334311536,Lower Volume / Lower Value
Chrissie softbra high apex.,2,1080,18.625728813559277,0.0033974738649322936,0.002105444365305928,Lower Volume / Lower Value
Bling Me Up Tie Tanga,2,1080,15.023983050847397,0.0033974738649322936,0.0016983045751117474,Lower Volume / Lower Value
Atlanta Brazilian Azalea High,2,1080,11.39032203389825,0.0033974738649322936,0.0012875570983205062,Lower Volume / Lower Value
Simon,2,1080,39.15896610169486,0.0033974738649322936,0.0044265126672519235,Lower Volume / Lower Value
Trudy Cardigan TVP,2,1079,22.256288135593145,0.0033943280557980973,0.002515841227839459,Lower Volume / Lower Value
Chickpea Seamless Tank,2,1079,26.855542372881303,0.0033943280557980973,0.003035738946497229,Lower Volume / Lower Value
lennart dress(1),2,1078,48.78267796610163,0.003391182246663901,0.005514372912671821,Lower Volume / Lower Value
Star,5,1078,21.3336949152542,0.003391182246663901,0.0024115516874581994,Lower Volume / Lower Value
Rally 2-p.,17,1077,21.515559322033827,0.003388036437529705,0.0024321095616942462,Lower Volume / Lower Value
Eden body,1,1077,44.776576271186386,0.003388036437529705,0.005061524902007049,Lower Volume / Lower Value
CORY CORD SKIRT,2,1077,34.27477966101687,0.003388036437529705,0.0038744063350077368,Lower Volume / Lower Value
STINA 5-p fancy boxer,11,1076,26.12845762711859,0.003384890628395508,0.0029535495999009464,Lower Volume / Lower Value
Coral dress,4,1076,59.16515254237286,0.003384890628395508,0.006688003368336391,Lower Volume / Lower Value
ED Blueberry,2,1076,22.76067796610164,0.003384890628395508,0.0025728572371023356,Lower Volume / Lower Value
Frank Fur Coat,1,1076,107.96822033898297,0.003384890628395508,0.012204681138669534,Lower Volume / High Value
Angela Hoodie (J),1,1076,40.659474576271144,0.003384890628395508,0.004596129499136136,Lower Volume / Lower Value
Nice dress,3,1076,45.93832203389824,0.003384890628395508,0.005192848142804964,Lower Volume / Lower Value
Barracuda wide trouser,2,1076,51.48964406779655,0.003384890628395508,0.0058203671952546665,Lower Volume / Lower Value
Class Dalia Ring Pack,2,1076,13.944305084745725,0.003384890628395508,0.001576258242706281,Lower Volume / Lower Value
Ellie Skirt,2,1076,34.46269491525416,0.003384890628395508,0.003895648194435052,Lower Volume / Lower Value
Martini jumpsuit,1,1076,47.473440677966046,0.003384890628395508,0.005366377293346216,Lower Volume / Lower Value
Simba playsuit,1,1075,66.93911864406775,0.0033817448192613115,0.007566769149194178,Lower Volume / High Value
Bayonne long dress,5,1075,53.8690508474576,0.0033817448192613115,0.006089334313113759,Lower Volume / Lower Value
HM+ Virgil linen shirt.,3,1074,48.26705084745757,0.003378599010127115,0.005456086645196598,Lower Volume / Lower Value
Bugg (2),2,1074,66.36084745762707,0.003378599010127115,0.007501401623268216,Lower Volume / High Value
Charlotte Push Body AOL,1,1074,32.81842372881351,0.003378599010127115,0.0037097804875023638,Lower Volume / Lower Value
Heather,2,1074,45.93338983050842,0.003378599010127115,0.005192290608657463,Lower Volume / Lower Value
Lilac Dress,2,1073,61.04427118644065,0.003375453200992918,0.006900418130759737,Lower Volume / High Value
HW Deer body,1,1073,27.99288135593215,0.003375453200992918,0.0031643032554312207,Lower Volume / Lower Value
ED Portofino shirt,2,1073,28.768898305084683,0.003375453200992918,0.0032520238772296905,Lower Volume / Lower Value
Mowgli Hipster Peoni Low,2,1072,10.516593220338937,0.0033723073918587214,0.0011887911694418093,Lower Volume / Lower Value
Olivia hipster 3p,2,1072,20.70869491525417,0.0033723073918587214,0.0023409019565677597,Lower Volume / Lower Value
Amalfi RTW blouse,1,1072,34.73091525423722,0.0033723073918587214,0.003925967706064644,Lower Volume / Lower Value
Ruby tank,5,1072,25.416881355932148,0.0033723073918587214,0.0028731133245931987,Lower Volume / Lower Value
Jenka sweatshirt,3,1072,26.883627118644014,0.0033723073918587214,0.0030389136340656484,Lower Volume / Lower Value
Violet Bikini Ch. Coral Low,2,1071,6.552966101694852,0.003369161582724525,0.0007407444665902265,Lower Volume / Lower Value
Elly fancy,5,1071,25.972762711864352,0.003369161582724525,0.0029359499137189926,Lower Volume / Lower Value
PQ Micaela Waistbelt,3,1071,32.00154237288129,0.003369161582724525,0.0036174405707567227,Lower Volume / Lower Value
Elizabeth dress,4,1071,53.04040677966095,0.003369161582724525,0.0059956647444836956,Lower Volume / Lower Value
ED Bama Conscious,5,1071,29.46325423728807,0.003369161582724525,0.0033305135728334463,Lower Volume / Lower Value
Holly lace-back,4,1071,10.48484745762706,0.003369161582724525,0.0011852026420938002,Lower Volume / Lower Value
Linn Offshoulder Dress,2,1071,19.905576271186373,0.003369161582724525,0.002250117770845389,Lower Volume / Lower Value
Chrissie chicago wireless push,1,1070,17.91761016949149,0.0033660157735903285,0.0020253989386789044,Lower Volume / Lower Value
D ED ELIN SKIRT EQ,2,1070,48.370338983050786,0.0033660157735903285,0.005467762291570735,Lower Volume / Lower Value
Flamma linen blazer,3,1070,57.84262711864402,0.0033660157735903285,0.006538505663884868,Lower Volume / Lower Value
Nonius,2,1069,92.74699999999996,0.003362869964456132,0.010484080945432442,Lower Volume / High Value
Babe HW slim Pants,2,1069,33.55737288135588,0.003362869964456132,0.0037933109815324988,Lower Volume / Lower Value
Fresh top,2,1069,34.905203389830426,0.003362869964456132,0.003945669161867933,Lower Volume / Lower Value
YATE hood,14,1069,44.273610169491484,0.003362869964456132,0.005004669830436239,Lower Volume / Lower Value
SEBASTIAN REGULAR ROLLNECK,3,1069,49.39432203389825,0.003362869964456132,0.00558351289473672,Lower Volume / Lower Value
DRAKE sweatpants TP,23,1069,30.23386440677963,0.003362869964456132,0.0034176230145870658,Lower Volume / Lower Value
EVIE S/S BLOUSE,3,1069,22.955559322033828,0.003362869964456132,0.0025948865416658114,Lower Volume / Lower Value
Stature cargo pant,6,1068,50.09340677966095,0.003359724155321935,0.005662537133389111,Lower Volume / Lower Value
Burt Boot (bunny),1,1068,39.639491525423686,0.003359724155321935,0.00448083105424785,Lower Volume / Lower Value
Jenna,3,1068,52.95091525423722,0.003359724155321935,0.005985548660982638,Lower Volume / Lower Value
MAMA Copacabana Swimsuite,7,1068,50.04149152542366,0.003359724155321935,0.005656668655403554,Lower Volume / Lower Value
Mutt car coat,1,1067,98.02706779661013,0.0033565783461877385,0.011080937535694469,Lower Volume / High Value
ITALY Trouser,1,1067,43.17449152542367,0.0033565783461877385,0.004880425932164155,Lower Volume / Lower Value
Chris 3pk Basic,8,1067,23.608338983050796,0.0033565783461877385,0.0026686764734763697,Lower Volume / Lower Value
ASTRID sunglasses,2,1067,12.610932203389787,0.0033565783461877385,0.001425534346315237,Lower Volume / Lower Value
Runaway lace dress,3,1067,52.293949152542304,0.0033565783461877385,0.005911285495720422,Lower Volume / Lower Value
Portman,4,1067,55.40408474576268,0.0033565783461877385,0.0062628538840304795,Lower Volume / Lower Value
Jarla Scarf,2,1067,21.915847457627073,0.0033565783461877385,0.0024773579601875223,Lower Volume / Lower Value
Zizzi ss blouse,3,1066,27.339508474576217,0.003353432537053542,0.0030904462662489723,Lower Volume / Lower Value
Micro 2pk tights BG,3,1066,8.578694915254172,0.003353432537053542,0.0009697319794461759,Lower Volume / Lower Value
Remy Padded,1,1066,97.00476271186437,0.003353432537053542,0.010965376609094128,Lower Volume / High Value
Bradley top,2,1066,42.50883050847454,0.003353432537053542,0.004805179897425419,Lower Volume / Lower Value
Lash 3p thong,1,1066,22.476338983050773,0.003353432537053542,0.002540715680887609,Lower Volume / Lower Value
Sunita SL Set (W),2,1066,24.19083050847452,0.003353432537053542,0.002734521064703803,Lower Volume / Lower Value
Steel,2,1065,46.37876271186435,0.0033502867279193455,0.005242635367399375,Lower Volume / Lower Value
Fazer balloon sweater,4,1064,17.555508474576257,0.003347140918785149,0.001984467118997733,Lower Volume / Lower Value
Olive skirt,2,1064,39.50661016949148,0.003347140918785149,0.004465810202988704,Lower Volume / Lower Value
Jossan Shorts,2,1064,46.42910169491519,0.003347140918785149,0.00524832566436872,Lower Volume / Lower Value
Half jumper,2,1063,78.01418644067792,0.003343995109650952,0.00881869004427233,Lower Volume / High Value
ED Becky trouser,3,1063,23.646949152542316,0.003343995109650952,0.002673040950411106,Lower Volume / Lower Value
PC Kelly,1,1063,25.92225423728808,0.003343995109650952,0.0029302404575005923,Lower Volume / Lower Value
Vicky shoulder bag,2,1062,32.70776271186434,0.0033408493005167555,0.003697271413794331,Lower Volume / Lower Value
Macbeth,3,1062,32.206932203389776,0.0033408493005167555,0.0036406577487616133,Lower Volume / Lower Value
NEBRASKA sweatshirt,2,1062,27.33123728813554,0.0033408493005167555,0.0030895112948950867,Lower Volume / Lower Value
Bros PQ pump,4,1062,76.01559322033894,0.0033408493005167555,0.00859276992719009,Lower Volume / High Value
Samos off shoulder top,2,1062,26.633762711864353,0.0033408493005167555,0.003010669069108718,Lower Volume / Lower Value
Lim jumpsuit,1,1062,67.84449152542368,0.0033408493005167555,0.007669112109871451,Lower Volume / High Value
Oxford satin dress,1,1061,34.31732203389823,0.003337703491382559,0.00387921530652055,Lower Volume / Lower Value
Chocolatechip dress,2,1061,84.57020338983047,0.003337703491382559,0.009559779377345553,Lower Volume / High Value
Bess,2,1061,60.303101694915235,0.003337703491382559,0.006816636650566981,Lower Volume / Lower Value
OL KATE PQ ballerina,8,1061,46.86161016949147,0.003337703491382559,0.005297216236107355,Lower Volume / Lower Value
Shell Yeah Swimsuit,1,1061,41.224813559321994,0.003337703491382559,0.004660035174359201,Lower Volume / Lower Value
MC Lia trs,3,1060,44.20708474576265,0.0033345576822483626,0.0049971498251821355,Lower Volume / Lower Value
Ramy playsuit,2,1060,65.79971186440673,0.0033345576822483626,0.007437971097421715,Lower Volume / High Value
CSP Alexis skirt,1,1060,30.513847457627055,0.0033345576822483626,0.0034492721781010714,Lower Volume / Lower Value
MERCY JACKET,1,1060,49.730661016949085,0.0033345576822483626,0.005621532508561528,Lower Volume / Lower Value
Misty Skirt,3,1060,23.02428813559317,0.0033345576822483626,0.00260265561715763,Lower Volume / Lower Value
Kylie 2p Shorts (J),2,1059,21.48776271186436,0.003331411873114166,0.0024289674448492236,Lower Volume / Lower Value
Brigita,1,1058,33.840254237288065,0.003328266063979969,0.003825287768205348,Lower Volume / Lower Value
Bentley dress,1,1058,45.83901694915249,0.003328266063979969,0.005181622738783621,Lower Volume / Lower Value
Contrast blouse,1,1058,34.997898305084696,0.003328266063979969,0.003956147355176134,Lower Volume / Lower Value
Stella cropped RW 5 pkt,2,1057,20.959101694915212,0.0033251202548457725,0.0023692078311216692,Lower Volume / Lower Value
Miles s/s price tee,12,1057,8.360389830508412,0.0033251202548457725,0.0009450548666632931,Lower Volume / Lower Value
CSP Scorpio,3,1057,13.188576271186388,0.0033251202548457725,0.0014908309830196957,Lower Volume / Lower Value
Jackson jumpsuit 1,1,1057,56.860542372881305,0.0033251202548457725,0.006427491227085287,Lower Volume / Lower Value
CS Thunder,3,1057,27.07220338983045,0.0033251202548457725,0.0030602302145642775,Lower Volume / Lower Value
LOGG Summer deluca pull on,3,1056,45.161525423728754,0.0033219744457115767,0.005105039388460841,Lower Volume / Lower Value
Carp mini,3,1056,35.18840677966094,0.0033219744457115767,0.003977682351113989,Lower Volume / Lower Value
TINDRA SS gathering,4,1056,9.760033898305025,0.0033219744457115767,0.0011032700294348547,Lower Volume / Lower Value
R-NECK SS BASIC COOLMAX,6,1055,17.341593220338968,0.00331882863657738,0.001960286230765375,Lower Volume / Lower Value
Class V necklacepack,3,1055,22.14233898305077,0.00331882863657738,0.00250296046469976,Lower Volume / Lower Value
Artemis Top,3,1055,42.693101694915214,0.00331882863657738,0.004826009832998052,Lower Volume / Lower Value
Lorena flannel shirt,3,1054,34.782372881355855,0.0033156828274431833,0.003931784454077751,Lower Volume / Lower Value
Keira wedge,2,1054,54.52122033898303,0.0033156828274431833,0.0061630552716277175,Lower Volume / Lower Value
Stuart Jacket,5,1054,58.338813559321984,0.0033156828274431833,0.006594594365493479,Lower Volume / Lower Value
JACK AOP,8,1054,19.058999999999962,0.0033156828274431833,0.002154421153665311,Lower Volume / Lower Value
SEC SPEED MANDY TANK,2,1053,22.5055423728813,0.003312537018308987,0.0025440168194997936,Lower Volume / Lower Value
Khloe CK Sweater (OL),2,1053,19.383999999999954,0.003312537018308987,0.002191159013728337,Lower Volume / Lower Value
Wide satin aliceband,5,1053,7.895694915254178,0.003312537018308987,0.000892525953529108,Lower Volume / Lower Value
Christel volume blouse,4,1052,34.8881355932203,0.0033093912091747904,0.003943739825488096,Lower Volume / Lower Value
HAPPY low price tee TP,26,1052,7.399711864406713,0.0033093912091747904,0.0008364602430193626,Lower Volume / Lower Value
Scarlett skirt,3,1051,54.75676271186437,0.0033062454000405937,0.006189680880039495,Lower Volume / Lower Value
Sebi(1),3,1051,26.00994915254232,0.0033062454000405937,0.002940153452961667,Lower Volume / Lower Value
MAXIMUS sweatpant BB,7,1051,16.738983050847438,0.0033062454000405937,0.0018921674366751086,Lower Volume / Lower Value
Vanessa,2,1051,35.16637288135584,0.0033062454000405937,0.003975191648736833,Lower Volume / Lower Value
Debbie HW denim shorts,2,1051,35.10013559322026,0.0033062454000405937,0.003967704214206127,Lower Volume / Lower Value
Maldives Body,3,1051,40.89962711864399,0.0033062454000405937,0.00462327623912221,Lower Volume / Lower Value
Mona Heel,2,1051,44.245406779660954,0.0033062454000405937,0.005001481731393478,Lower Volume / Lower Value
Miss fancy pants,1,1051,81.25096610169487,0.0033062454000405937,0.009184574223476304,Lower Volume / High Value
ED Mia Top,3,1051,14.991016949152511,0.0033062454000405937,0.0016945781011705465,Lower Volume / Lower Value
CSP Miley,6,1051,7.070983050847387,0.0033062454000405937,0.0007993008794771247,Lower Volume / Lower Value
ED Luisa tee,4,1051,12.896135593220302,0.0033062454000405937,0.0014577736147001427,Lower Volume / Lower Value
Ben ss polo,10,1050,10.411610169491468,0.003303099590906397,0.0011769239305771202,Lower Volume / Lower Value
Kristin creasing dress,2,1050,16.936694915254183,0.003303099590906397,0.0019145167006978014,Lower Volume / Lower Value
Skinny HW shaping,4,1050,46.99494915254231,0.003303099590906397,0.005312288817338949,Lower Volume / Lower Value
Evie v-shape thong 2p,1,1050,13.141644067796568,0.003303099590906397,0.001485525786956358,Lower Volume / Lower Value
Onyx,2,1049,24.155033898305042,0.0032999537817722004,0.0027304746313033816,Lower Volume / Lower Value
Kim 2p padded BIG,4,1048,41.789796610169425,0.0032968079726380037,0.004723900615159247,Lower Volume / Lower Value
TRACEY LS TEE(1),3,1047,25.368118644067742,0.0032936621635038074,0.0028676012086400657,Lower Volume / Lower Value
CSP Hoxton CF,2,1047,31.245559322033856,0.0032936621635038074,0.0035319845721965594,Lower Volume / Lower Value
Strindberg coat,3,1047,192.45788135593216,0.0032936621635038074,0.021755356040864145,Lower Volume / High Value
Cookie Dough Dress,2,1047,84.22415254237285,0.0032936621635038074,0.009520661938549892,Lower Volume / High Value
50 cent hipster,2,1047,12.488525423728767,0.0032936621635038074,0.0014116975366476913,Lower Volume / Lower Value
HAYLEY HENLEY,4,1047,14.778203389830479,0.0032936621635038074,0.0016705217480570465,Lower Volume / Lower Value
ZARA highwaist bikini bottom,3,1047,21.55144067796603,0.0032936621635038074,0.0024361655747191973,Lower Volume / Lower Value
Vienna Blazer Dress(1),2,1047,41.14801694915248,0.0032936621635038074,0.004651354118612363,Lower Volume / Lower Value
Mama 100 den 1p Tights,1,1046,14.966525423728786,0.0032905163543696108,0.0016918095896820947,Lower Volume / Lower Value
Sky trouser,2,1046,57.055033898305055,0.0032905163543696108,0.00644947646537594,Lower Volume / Lower Value
Tanja TRS,1,1045,31.223389830508403,0.003287370545235414,0.0035294785424201574,Lower Volume / Lower Value
Rose Lace String..,3,1045,11.922322033898258,0.003287370545235414,0.0013476941492544462,Lower Volume / Lower Value
Fav polo AOP,6,1045,18.06591525423723,0.003287370545235414,0.002042163281602056,Lower Volume / Lower Value
Porto long sleeve,3,1045,22.206084745762638,0.003287370545235414,0.002510166258269358,Lower Volume / Lower Value
JESSY SKIRT S.2,3,1045,19.3568983050847,0.003287370545235414,0.0021880954498044373,Lower Volume / Lower Value
Tiguan top TR,2,1045,21.08623728813555,0.003287370545235414,0.0023835791838378497,Lower Volume / Lower Value
Basil cargo troursers RW,2,1045,44.32745762711859,0.003287370545235414,0.005010756723861021,Lower Volume / Lower Value
PQ Alicia sunglasses,4,1045,56.42898305084741,0.003287370545235414,0.00637870794714136,Lower Volume / Lower Value
VALENTINE LS +,4,1045,29.86313559322027,0.003287370545235414,0.0033757159891289867,Lower Volume / Lower Value
SPAIN X-mas Dress,4,1045,19.28186440677962,0.003287370545235414,0.002179613650247774,Lower Volume / Lower Value
Nori Scarf,3,1045,14.204474576271153,0.003287370545235414,0.001605667690005758,Lower Volume / Lower Value
Ringo,1,1044,12.771915254237244,0.0032842247361012174,0.0014437318010677076,Lower Volume / Lower Value
Romantica embroided dress,3,1044,83.39372881355928,0.0032842247361012174,0.009426791197804756,Lower Volume / High Value
Pio bikini bottom,2,1044,25.193237288135542,0.0032842247361012174,0.002847832695465083,Lower Volume / Lower Value
ED Molly Longsleeve.,2,1044,21.35523728813554,0.0032842247361012174,0.0024139868280130925,Lower Volume / Lower Value
Max tee,14,1044,13.420576271186402,0.0032842247361012174,0.001517056163126227,Lower Volume / Lower Value
Bunny fur jacket,2,1044,38.75691525423724,0.0032842247361012174,0.004381065012568479,Lower Volume / Lower Value
Elena sneaker,3,1043,24.252389830508424,0.0032810789269670207,0.002741479703960592,Lower Volume / Lower Value
Cassino top,1,1043,15.305440677966073,0.0032810789269670207,0.0017301204240925397,Lower Volume / Lower Value
Verena dress,4,1043,25.600711864406726,0.0032810789269670207,0.0028938934461182884,Lower Volume / Lower Value
KITE BALLET TOP,2,1043,13.691593220338923,0.0032810789269670207,0.0015476918023652232,Lower Volume / Lower Value
Shirtdress Western,3,1042,49.516915254237226,0.0032779331178328245,0.005597370779578226,Lower Volume / Lower Value
NIKKI  L/S TOP,3,1042,15.139152542372852,0.0032779331178328245,0.001711323284844646,Lower Volume / Lower Value
Coco n-slip (J),2,1042,19.477779661016903,0.0032779331178328245,0.002201759826230487,Lower Volume / Lower Value
Cava Shirt Dress new,1,1042,40.42462711864403,0.0032779331178328245,0.004569582443645483,Lower Volume / Lower Value
Chutney sleeveless,2,1041,24.57628813559316,0.0032747873086986278,0.00277809302890476,Lower Volume / Lower Value
Patsy Platform N,4,1041,60.04066101694913,0.0032747873086986278,0.006786970469330167,Lower Volume / Lower Value
ED Pablo linen tee,2,1041,25.393932203389774,0.0032747873086986278,0.0028705191622711472,Lower Volume / Lower Value
FREEDIE JOGGER,2,1041,33.552796610169416,0.0032747873086986278,0.0037927936818080107,Lower Volume / Lower Value
popon shorts,6,1041,13.690186440677929,0.0032747873086986278,0.001547532780598069,Lower Volume / Lower Value
CSP Ruby top,1,1040,17.058694915254183,0.003271641499564431,0.0019283075281676144,Lower Volume / Lower Value
Eggnog padded soft bra,2,1040,20.152186440677916,0.003271641499564431,0.0022779944782204647,Lower Volume / Lower Value
CSP Alexis top,1,1040,18.991593220338935,0.003271641499564431,0.002146801520316123,Lower Volume / Lower Value
California Jogger (1),3,1040,32.95481355932199,0.003271641499564431,0.0037251979352169503,Lower Volume / Lower Value
ED Aladin (1),1,1040,49.188338983050784,0.003271641499564431,0.005560228659360138,Lower Volume / Lower Value
Timeless High R Wide Sid Brie,1,1040,13.810779661016902,0.003271641499564431,0.0015611645863007242,Lower Volume / Lower Value
Jonas Pinafore (1),2,1040,26.851881355932132,0.003271641499564431,0.003035325106717639,Lower Volume / Lower Value
Wrap Queen tie tanga,1,1039,17.076677966101627,0.0032684956904302344,0.001930340324492352,Lower Volume / Lower Value
Energy Fitted Tank 2-Pack,1,1039,32.13259322033892,0.0032684956904302344,0.0036322545021260752,Lower Volume / Lower Value
R-Neck SS Slim FIT OL,7,1039,11.701813559321987,0.0032684956904302344,0.0013227679662338476,Lower Volume / Lower Value
Birdie Denim Dungaree,2,1039,32.77162711864399,0.0032684956904302344,0.003704490618838266,Lower Volume / Lower Value
Norwich,1,1039,40.85516949152538,0.0032684956904302344,0.004618250768095079,Lower Volume / Lower Value
Piper Strappy Push Body,1,1039,40.57303389830503,0.0032684956904302344,0.004586358282118068,Lower Volume / Lower Value
Ulla HW Utility Woven Shorts,3,1039,33.50772881355925,0.0032684956904302344,0.003787699237484277,Lower Volume / Lower Value
Fraser belter swimsuit,1,1039,44.196796610169436,0.0032684956904302344,0.004995986858764496,Lower Volume / Lower Value
Osman crew,2,1039,43.18705084745759,0.0032684956904302344,0.004881845632519136,Lower Volume / Lower Value
Mina tunic,2,1039,47.27855932203384,0.0032684956904302344,0.005344347988782737,Lower Volume / Lower Value
Sara hobo bag,6,1039,38.12815254237282,0.0032684956904302344,0.004309989946349019,Lower Volume / Lower Value
Jasba check,2,1038,68.47537288135588,0.0032653498812960377,0.007740426666704096,Lower Volume / High Value
Kansas jumpsuit,1,1038,63.02757627118639,0.0032653498812960377,0.007124610083577209,Lower Volume / High Value
Nihon Linen,3,1038,43.24508474576263,0.0032653498812960377,0.004888405759395574,Lower Volume / Lower Value
Miles s/s t-shirt,14,1038,5.231745762711793,0.0032653498812960377,0.0005913942883564282,Lower Volume / Lower Value
Rainbow dress,16,1038,16.547050847457573,0.0032653498812960377,0.0018704715030451846,Lower Volume / Lower Value
Olimpia swimsuit NEW,2,1037,54.135050847457606,0.0032622040721618415,0.0061194028385807295,Lower Volume / Lower Value
Naomi Body,1,1037,41.4964576271186,0.0032622040721618415,0.0046907417028197035,Lower Volume / Lower Value
Island Gemstone,2,1037,16.448813559321994,0.0032622040721618415,0.0018593668022928891,Lower Volume / Lower Value
Bradley (1),4,1037,16.84089830508473,0.0032622040721618415,0.0019036878931319005,Lower Volume / Lower Value
Savannah fake suede,2,1037,28.263406779660976,0.0032622040721618415,0.0031948833328479614,Lower Volume / Lower Value
Racine,2,1037,67.25254237288131,0.0032622040721618415,0.007602198432546746,Lower Volume / High Value
Barrista cardigan,3,1036,34.3165932203389,0.003259058263027645,0.003879132921749613,Lower Volume / Lower Value
Dario shorts,4,1035,25.069491525423683,0.003255912453893448,0.0028338445277300032,Lower Volume / Lower Value
Terrance,2,1035,32.08754237288129,0.003255912453893448,0.0036271619737272467,Lower Volume / Lower Value
Chung Dress,4,1035,22.307830508474524,0.003255912453893448,0.0025216675554770975,Lower Volume / Lower Value
Cool April ring pk,2,1035,13.243050847457589,0.003255912453893448,0.001496988765665985,Lower Volume / Lower Value
Karla knitted skirt,1,1034,48.80593220338977,0.0032527666447592523,0.005517001561642172,Lower Volume / Lower Value
Topi Dress J.,5,1034,21.579322033898265,0.0032527666447592523,0.0024393172711887536,Lower Volume / Lower Value
Mademoiselle bucket,3,1033,42.87081355932198,0.0032496208356250556,0.004846098305632252,Lower Volume / Lower Value
&DENIM+ Curvy jegging HW,4,1033,34.33199999999992,0.0032496208356250556,0.0038808744974887155,Lower Volume / Lower Value
Liza thong (Mynta) 3p,2,1033,14.868186440677938,0.0032496208356250556,0.001680693393380364,Lower Volume / Lower Value
Scarlet Wide RW,1,1033,44.24598305084742,0.0032496208356250556,0.005001546872840269,Lower Volume / Lower Value
Bella dress,14,1032,26.336220338983,0.003246475026490859,0.0029770350073926068,Lower Volume / Lower Value
Marbs Cut Out Swimsuit,1,1032,48.81189830508468,0.003246475026490859,0.005517675967208908,Lower Volume / Lower Value
Cooper plisse top,3,1032,29.484949152542306,0.003246475026490859,0.0033329659567124903,Lower Volume / Lower Value
Despacito Riveria,1,1032,27.226932203389794,0.003246475026490859,0.0030777206930266204,Lower Volume / Lower Value
Peggy padded,3,1031,51.10423728813554,0.0032433292173566623,0.0057768009788284275,Lower Volume / Lower Value
Havanna top new,5,1031,16.046322033898278,0.0032433292173566623,0.0018138693335619021,Lower Volume / Lower Value
Puff tee,4,1031,38.95523728813556,0.0032433292173566623,0.004403483249887775,Lower Volume / Lower Value
Misty Tank Top,3,1031,13.628050847457592,0.0032433292173566623,0.0015405089998944941,Lower Volume / Lower Value
Doris,5,1030,28.60516949152539,0.0032401834082224656,0.003233516042642532,Lower Volume / Lower Value
SPEED Arja Rib sweater,2,1030,19.231338983050783,0.0032401834082224656,0.002173902278104466,Lower Volume / Lower Value
Anita,2,1030,31.598542372881287,0.0032401834082224656,0.0035718856242785693,Lower Volume / Lower Value
TEA HOOD S.9,3,1030,43.34549152542367,0.0032401834082224656,0.004899755698535778,Lower Volume / Lower Value
Fissa Hipster 3pk,2,1030,21.025016949152477,0.0032401834082224656,0.002376658863079169,Lower Volume / Lower Value
Bali PU,3,1030,51.456508474576204,0.0032401834082224656,0.005816621562064406,Lower Volume / Lower Value
BENDELA TEE CONCIOUS,2,1030,15.36940677966099,0.0032401834082224656,0.0017373511246859094,Lower Volume / Lower Value
BRONTE ankle HW tights,2,1029,41.07806779661013,0.0032370375990882693,0.004643447096527353,Lower Volume / Lower Value
Skirt Utility Campaign,1,1029,23.79789830508469,0.0032370375990882693,0.0026901041776195185,Lower Volume / Lower Value
Billy softie,26,1028,13.311220338983015,0.0032338917899540727,0.0015046946156359198,Lower Volume / Lower Value
Kosmos,4,1028,35.75344067796605,0.0032338917899540727,0.004041553539688757,Lower Volume / Lower Value
PQ BLAKE SILK MIX TEE,7,1028,49.74406779661011,0.0032338917899540727,0.005623048005161783,Lower Volume / Lower Value
Sucre,1,1028,38.00220338983047,0.0032338917899540727,0.004295752708376227,Lower Volume / Lower Value
Nashville playsuit,1,1028,42.517118644067764,0.0032338917899540727,0.0048061167847042105,Lower Volume / Lower Value
Sara single,3,1027,15.656237288135571,0.003230745980819876,0.001769774321861743,Lower Volume / Lower Value
Sienna hoodie,3,1027,30.710779661016883,0.003230745980819876,0.003471533309578115,Lower Volume / Lower Value
Lash soft body,2,1027,28.437796610169425,0.003230745980819876,0.0032145962842006818,Lower Volume / Lower Value
Fav Polo solid,12,1027,12.159474576271144,0.003230745980819876,0.0013745017705322497,Lower Volume / Lower Value
Haven cut padded tshirt,2,1027,18.79454237288131,0.003230745980819876,0.002124526977364741,Lower Volume / Lower Value
Emma N-Slip (J),3,1026,19.29115254237284,0.0032276001716856793,0.0021806635770959897,Lower Volume / Lower Value
Bubblegum Cardigan,3,1026,32.675847457627064,0.0032276001716856793,0.0036936637271972692,Lower Volume / Lower Value
Lash unpadded soft bra,2,1026,27.893881355932184,0.0032276001716856793,0.003153112338058179,Lower Volume / Lower Value
Lemon dress,2,1026,21.466152542372832,0.0032276001716856793,0.002426524640594707,Lower Volume / Lower Value
mister muscle SS,8,1026,29.88732203389824,0.0032276001716856793,0.00337845001396914,Lower Volume / Lower Value
Jessica Slim HW Zip,1,1026,41.443983050847415,0.0032276001716856793,0.004684809999312265,Lower Volume / Lower Value
Cool Lykke earring,2,1026,15.694440677966078,0.0032276001716856793,0.0017740928165987475,Lower Volume / Lower Value
Vintage Straight ankle consc.,3,1026,50.12972881355926,0.0032276001716856793,0.005666642960461605,Lower Volume / Lower Value
Gilda leggings 1,15,1026,24.37867796610164,0.0032276001716856793,0.002755755260431497,Lower Volume / Lower Value
Class Cobra hoop pk,2,1025,13.111152542372842,0.0032244543625514826,0.0014820790380513577,Lower Volume / Lower Value
Ceder Coat,3,1025,147.99416949152538,0.0032244543625514826,0.016729197196687775,Lower Volume / High Value
Mia L/S Tee,13,1025,5.297440677966034,0.0032244543625514826,0.0005988204132901597,Lower Volume / Lower Value
+ Hampton Top,2,1025,47.546830508474514,0.0032244543625514826,0.005374673248187044,Lower Volume / Lower Value
Granny High Rise Brief,1,1025,21.66149152542366,0.0032244543625514826,0.0024486056751306306,Lower Volume / Lower Value
Cute ballerina,3,1025,12.658627118644015,0.0032244543625514826,0.0014309257589993224,Lower Volume / Lower Value
ED Moa tank 2pack,1,1025,16.785728813559306,0.0032244543625514826,0.0018974515575644873,Lower Volume / Lower Value
Jessica dress,3,1024,24.690627118644016,0.0032213085534172864,0.0027910178583172864,Lower Volume / Lower Value
Lolo dress,2,1024,92.52871186440674,0.0032213085534172864,0.010459405748574464,Lower Volume / High Value
Lova small bag,7,1024,40.028525423728766,0.0032213085534172864,0.004524807278603868,Lower Volume / Lower Value
Gabbi rib tank,3,1024,7.639864406779598,0.0032213085534172864,0.0008636069830054399,Lower Volume / Lower Value
Sam crewneck,9,1024,21.690254237288087,0.0032213085534172864,0.002451856999695272,Lower Volume / Lower Value
CORBY TANK,7,1024,11.758491525423683,0.0032213085534172864,0.0013291748191178508,Lower Volume / Lower Value
Alex Trousers (K),3,1023,12.668677966101656,0.0032181627442830897,0.0014320619024682875,Lower Volume / Lower Value
Robin 5pk R Basic short trunk,2,1023,40.94364406779656,0.0032181627442830897,0.0046282518961018055,Lower Volume / Lower Value
Lisa LS,1,1022,16.637932203389813,0.003215016935148893,0.0018807446923884976,Lower Volume / Lower Value
Rodrigo,3,1022,44.01772881355927,0.003215016935148893,0.004975745112137854,Lower Volume / Lower Value
Nejlika,1,1022,16.786423728813542,0.003215016935148893,0.0018975301104856128,Lower Volume / Lower Value
Simple as That Brief,1,1022,11.605203389830463,0.003215016935148893,0.0013118471942724788,Lower Volume / Lower Value
Sandro Bandcollar Detailed(1),5,1022,37.474406779660974,0.003215016935148893,0.004236090806818852,Lower Volume / Lower Value
Cleo long sleeve,2,1022,27.668966101694846,0.003215016935148893,0.003127688014562144,Lower Volume / Lower Value
Julius blouse,3,1022,23.72571186440673,0.003215016935148893,0.0026819442534469803,Lower Volume / Lower Value
Rosemary Tunic,2,1021,73.00216949152538,0.0032118711260146963,0.008252133806390838,Lower Volume / High Value
KARIN PADDED SPORTS BRA+,2,1021,32.678932203389756,0.0032118711260146963,0.0036940124255300686,Lower Volume / Lower Value
Matilda wedge,2,1021,35.90401694915249,0.0032118711260146963,0.004058574616549249,Lower Volume / Lower Value
Victorville TRS,1,1020,33.400220338982976,0.0032087253168804996,0.003775546525808669,Lower Volume / Lower Value
Fissa Thong 3pk,2,1020,16.413457627118625,0.0032087253168804996,0.001855370182940011,Lower Volume / Lower Value
Adelia Bralette,2,1020,30.299779661016927,0.0032087253168804996,0.003425074046544569,Lower Volume / Lower Value
Hackney shacket,2,1020,35.69040677966097,0.0032087253168804996,0.004034428214965191,Lower Volume / Lower Value
DIV Zebra sweater,9,1020,16.266237288135574,0.0032087253168804996,0.0018387284592108091,Lower Volume / Lower Value
Megan Hoodie Price Item,2,1019,16.815271186440665,0.0032055795077463034,0.00190079101467478,Lower Volume / Lower Value
Straight HW ankle,2,1019,34.244830508474536,0.0032055795077463034,0.003871020895699716,Lower Volume / Lower Value
Adele Body Glitter,2,1019,56.02696610169489,0.0032055795077463034,0.00633326412430773,Lower Volume / Lower Value
Reindeer,1,1019,40.31503389830504,0.0032055795077463034,0.004557194073206498,Lower Volume / Lower Value
Stina round straw bag,2,1019,33.194966101694874,0.0032055795077463034,0.0037523446752030275,Lower Volume / Lower Value
SEC SPEED P3 ALMA BLOUSE,3,1018,42.067152542372845,0.0032024336986121067,0.004755252810312908,Lower Volume / Lower Value
Pita scarf,1,1017,10.051728813559274,0.00319928788947791,0.0011362430970585685,Lower Volume / Lower Value
PATTY MUSCLE HENLEY,10,1017,19.53857627118639,0.00319928788947791,0.0022086322488665266,Lower Volume / Lower Value
Novelty Knits,6,1017,24.655067796610105,0.00319928788947791,0.0027869982478655386,Lower Volume / Lower Value
Calista dress,2,1017,44.43630508474571,0.00319928788947791,0.005023060793604164,Lower Volume / Lower Value
Jogger 5pkt Knit 89,6,1017,40.26781355932199,0.00319928788947791,0.004551856306419765,Lower Volume / Lower Value
Sammy dress,2,1016,42.18016949152536,0.0031961420803437134,0.0047680281975828005,Lower Volume / Lower Value
Bella Push Ctn 2p,2,1016,27.16222033898302,0.0031961420803437134,0.0030704056917374095,Lower Volume / Lower Value
Hudson Wide Leg Denim,1,1016,59.01103389830507,0.0031961420803437134,0.006670581863170651,Lower Volume / Lower Value
Adita top,4,1016,13.644762711864367,0.0031961420803437134,0.0015423981018513196,Lower Volume / Lower Value
Mallorca Pull-on TRS,3,1016,29.147118644067728,0.0031961420803437134,0.003294777741495997,Lower Volume / Lower Value
Lance dress,1,1016,50.29581355932197,0.0031961420803437134,0.0056854171086106325,Lower Volume / Lower Value
Vixen round straw,2,1016,48.62350847457621,0.0031961420803437134,0.005496380461884239,Lower Volume / Lower Value
SPEED Cher Patent skirt,1,1015,40.04294915254233,0.0031929962712095167,0.004526437730698452,Lower Volume / Lower Value
Lukas top,2,1015,24.75135593220334,0.0031929962712095167,0.002797882617253705,Lower Volume / Lower Value
Cordelia cord shirt,4,1015,41.70986440677962,0.0031929962712095167,0.004714865113304896,Lower Volume / Lower Value
Martha sandal,3,1015,9.270796610169432,0.0031929962712095167,0.0010479668570375004,Lower Volume / Lower Value
Addex SS,2,1015,11.229779661016895,0.0031929962712095167,0.0012694094576155784,Lower Volume / Lower Value
Selma dress,6,1014,20.799033898305048,0.00318985046207532,0.0023511138363140963,Lower Volume / Lower Value
Estelle dress,5,1014,27.890745762711813,0.00318985046207532,0.003152757891950658,Lower Volume / Lower Value
Daquiri Top,2,1014,13.846796610169438,0.00318985046207532,0.0015652359267249183,Lower Volume / Lower Value
September PaddedSoftbra straps,1,1014,19.65847457627114,0.00318985046207532,0.002222185501648058,Lower Volume / Lower Value
GP Circus,1,1014,36.35759322033894,0.00318985046207532,0.004109846682945425,Lower Volume / Lower Value
Lexie Shirt,5,1014,16.82520338983045,0.00318985046207532,0.0019019137466693996,Lower Volume / Lower Value
Soller fancy,1,1014,39.00486440677961,0.00318985046207532,0.004409093078011087,Lower Volume / Lower Value
Flirty Fiffi flower headband,6,1013,5.042915254237225,0.0031867046529411238,0.0005700489689842163,Lower Volume / Lower Value
Andy Softbra,3,1013,18.767610169491487,0.0031867046529411238,0.0021214825726898973,Lower Volume / Lower Value
Noa,2,1013,17.555593220338938,0.0031867046529411238,0.001984476698622257,Lower Volume / Lower Value
ED Lauren strap tank,3,1013,32.168728813559255,0.0031867046529411238,0.0036363392540246075,Lower Volume / Lower Value
Loco shorts.,10,1013,33.83259322033894,0.0031867046529411238,0.0038244217701480635,Lower Volume / Lower Value
Wow Relax Shorts,8,1013,13.50027118644063,0.0031867046529411238,0.001526064842031903,Lower Volume / Lower Value
Lemon Dress,5,1012,69.16955932203386,0.0031835588438069275,0.007818897203058799,Lower Volume / High Value
PE - MARGOT BEANIE 1,5,1012,30.454610169491467,0.0031835588438069275,0.003442576020556338,Lower Volume / Lower Value
CS Bacardi waist tie,1,1012,27.51869491525419,0.0031835588438069275,0.003110701424349954,Lower Volume / Lower Value
Duckie boot,2,1011,47.073966101694865,0.0031804130346727313,0.005321220859248407,Lower Volume / Lower Value
Edward knitted skirt,1,1011,52.29950847457624,0.0031804130346727313,0.005911913919089432,Lower Volume / Lower Value
Minnie body,2,1010,23.30686440677961,0.0031772672255385346,0.0026345979171821816,Lower Volume / Lower Value
ROSIE FRILL ONE SHOULDER,4,1010,10.020677966101639,0.0031772672255385346,0.0011327331226316858,Lower Volume / Lower Value
Flirty Gaby necklace,2,1010,13.418118644067764,0.0031772672255385346,0.0015167783540149299,Lower Volume / Lower Value
All That Jazz highwaist,1,1010,23.987542372881304,0.0031772672255385346,0.002711541461387196,Lower Volume / Lower Value
CLOVER DRESS,2,1010,41.8805762711864,0.0031772672255385346,0.004734162308953125,Lower Volume / Lower Value
Mimosa Body,3,1010,41.16201694915249,0.0031772672255385346,0.004652936672584309,Lower Volume / Lower Value
Emma shiny stripe,1,1010,61.54550847457622,0.0031772672255385346,0.006957077777990186,Lower Volume / High Value
GHOST TANK OL,2,1009,10.984288135593173,0.003174121416404338,0.0012416592012842688,Lower Volume / Lower Value
Evie body 2p,1,1009,27.48984745762706,0.003174121416404338,0.0031074405201607863,Lower Volume / Lower Value
Turando jumpsuit,3,1008,55.35830508474572,0.003170975607270141,0.006257678970860715,Lower Volume / Lower Value
Cecilia maxi,2,1008,61.94079661016944,0.003170975607270141,0.007001760978636334,Lower Volume / High Value
Skinny Ankle H.W,2,1008,30.77194915254231,0.003170975607270141,0.0034784478825620768,Lower Volume / Lower Value
Caramella,3,1007,18.511305084745715,0.0031678297981359445,0.0020925099562688746,Lower Volume / Lower Value
Fanny HW Flared Leggings,2,1007,33.34713559322026,0.0031678297981359445,0.0037695458490046322,Lower Volume / Lower Value
Genisis beret,5,1007,16.283355932203374,0.0031678297981359445,0.0018406635433653679,Lower Volume / Lower Value
Tale Maxi Dress,3,1007,40.221525423728764,0.0031678297981359445,0.004546623915502835,Lower Volume / Lower Value
ED Melrose Shirt.,1,1006,21.91027118644063,0.0031646839890017483,0.0024767276208936114,Lower Volume / Lower Value
Khloe Seamless padded soft bra,2,1005,19.748745762711803,0.0031615381798675516,0.002232389717694767,Lower Volume / Lower Value
Flirty Ulla foot chain,1,1005,12.927203389830472,0.0031615381798675516,0.0014612855050519303,Lower Volume / Lower Value
Evert Slim Chino Shorts,4,1005,22.060237288135543,0.0031615381798675516,0.0024936797244575044,Lower Volume / Lower Value
Skirt A-line Bella,3,1005,27.944796610169444,0.0031615381798675516,0.003158867776474308,Lower Volume / Lower Value
BIG THIN HOOPS,2,1004,4.289542372881288,0.003158392370733355,0.0004848880228594972,Lower Volume / Lower Value
Judi,2,1004,48.64277966101689,0.003158392370733355,0.005498558868501795,Lower Volume / Lower Value
Dolphine dress,6,1004,51.41033898305082,0.003158392370733355,0.005811402582621821,Lower Volume / Lower Value
Delilah Plisse Dress,3,1004,91.48179661016945,0.003158392370733355,0.010341062899011334,Lower Volume / High Value
Horse,1,1003,48.724067796610115,0.0031552465615991582,0.005507747644348591,Lower Volume / Lower Value
Harry SP,2,1003,27.6350677966101,0.0031552465615991582,0.0031238561647511376,Lower Volume / Lower Value
X-tina long top,2,1002,30.09399999999998,0.0031521007524649616,0.003401812802266853,Lower Volume / Lower Value
Palermo padded softbra,3,1002,24.692508474576222,0.0031521007524649616,0.002791230525981797,Lower Volume / Lower Value
TEA HOOD S.8,3,1002,34.785237288135534,0.0031521007524649616,0.003932108245386783,Lower Volume / Lower Value
Zaza skirt,2,1002,47.91415254237282,0.0031521007524649616,0.0054161951727391125,Lower Volume / Lower Value
Agneta dress,5,1002,33.67583050847452,0.0031521007524649616,0.0038067013806970616,Lower Volume / Lower Value
Class Adele earring,2,1001,7.500745762711805,0.003148954943330765,0.0008478810713810689,Lower Volume / Lower Value
Mika Bucket Hat,6,1001,15.589983050847435,0.003148954943330765,0.0017622849714061305,Lower Volume / Lower Value
GOJI HW tights conscious,1,1001,37.583355932203354,0.003148954943330765,0.004248406372111428,Lower Volume / Lower Value
Anastasia,1,1001,48.02428813559315,0.003148954943330765,0.005428644852775073,Lower Volume / Lower Value
Flirty Nanna necklace,1,1001,12.698593220338944,0.003148954943330765,0.0014354435099265008,Lower Volume / Lower Value
Klaudia dress,4,1001,27.594610169491503,0.003148954943330765,0.0031192828520017063,Lower Volume / Lower Value
Elena hipster 3p,2,1001,18.673440677966042,0.003148954943330765,0.002110837693914918,Lower Volume / Lower Value
Lizzy shorts,2,1001,38.64311864406774,0.003148954943330765,0.004368201492752929,Lower Volume / Lower Value
Bliss micro ch Hipster L 3p,2,1000,19.048864406779593,0.0031458091341965686,0.0021532754305718165,Lower Volume / Lower Value
Ella dress,3,1000,36.54630508474572,0.0031458091341965686,0.0041311785908433,Lower Volume / Lower Value
Rita flounce bikini,7,1000,22.903237288135546,0.0031458091341965686,0.0025889720814825253,Lower Volume / Lower Value
Betty Boot,1,1000,34.62991525423723,0.0031458091341965686,0.003914550709552751,Lower Volume / Lower Value
MINSK Pointelle,2,1000,20.046542372881305,0.0031458091341965686,0.002266052518284462,Lower Volume / Lower Value
